patch_id,split,image_name,city,x,y,patch_size,image_path,mask_path
train_austin1_0_512,train,austin1.tif,austin,512,0,512,/kaggle/input/datasets/sagar100rathod/inria-aerial-image-labeling-dataset/AerialImageDataset/train/images/austin1.tif,/kaggle/input/datasets/sagar100rathod/inria-aerial-image-labeling-dataset/AerialImageDataset/train/gt/austin1.tif
train_austin1_0_1024,train,austin1.tif,austin,1024,0,512,/kaggle/input/datasets/sagar100rathod/inria-aerial-image-labeling-dataset/AerialImageDataset/train/images/austin1.tif,/kaggle/input/datasets/sagar100rathod/inria-aerial-image-labeling-dataset/AerialImageDataset/train/gt/austin1.tif
train_austin1_512_512,train,austin1.tif,austin,512,512,512,/kaggle/input/datasets/sagar100rathod/inria-aerial-image-labeling-dataset/AerialImageDataset/train/images/austin1.tif,/kaggle/input/datasets/sagar100rathod/inria-aerial-image-labeling-dataset/AerialImageDataset/train/gt/austin1.tif
train_austin1_1536_2048,train,austin1.tif,austin,2048,1536,512,/kaggle/input/datasets/sagar100rathod/inria-aerial-image-labeling-dataset/AerialImageDataset/train/images/austin1.tif,/kaggle/input/datasets/sagar100rathod/inria-aerial-image-labeling-dataset/AerialImageDataset/train/gt/austin1.tif
train_austin1_1536_4096,train,austin1.tif,austin,4096,1536,512,/kaggle/input/datasets/sagar100rathod/inria-aerial-image-labeling-dataset/AerialImageDataset/train/images/austin1.tif,/kaggle/input/datasets/sagar100rathod/inria-aerial-image-labeling-dataset/AerialImageDataset/train/gt/austin1.tif
train_austin1_2048_2048,train,austin1.tif,austin,2048,2048,512,/kaggle/input/datasets/sagar100rathod/inria-aerial-image-labeling-dataset/AerialImageDataset/train/images/austin1.tif,/kaggle/input/datasets/sagar100rathod/inria-aerial-image-labeling-dataset/AerialImageDataset/train/gt/austin1.tif
train_austin1_4096_1536,train,austin1.tif,austin,1536,4096,512,/kaggle/input/datasets/sagar100rathod/inria-aerial-image-labeling-dataset/AerialImageDataset/train/images/austin1.tif,/kaggle/input/datasets/sagar100rathod/inria-aerial-image-labeling-dataset/AerialImageDataset/train/gt/austin1.tif
train_austin11_1024_1024,train,austin11.tif,austin,1024,1024,512,/kaggle/input/datasets/sagar100rathod/inria-aerial-image-labeling-dataset/AerialImageDataset/train/images/austin11.tif,/kaggle/input/datasets/sagar100rathod/inria-aerial-image-labeling-dataset/AerialImageDataset/train/gt/austin11.tif
train_austin11_1024_3072,train,austin11.tif,austin,3072,1024,512,/kaggle/input/datasets/sagar100rathod/inria-aerial-image-labeling-dataset/AerialImageDataset/train/images/austin11.tif,/kaggle/input/datasets/sagar100rathod/inria-aerial-image-labeling-dataset/AerialImageDataset/train/gt/austin11.tif
train_austin11_1536_512,train,austin11.tif,austin,512,1536,512,/kaggle/input/datasets/sagar100rathod/inria-aerial-image-labeling-dataset/AerialImageDataset/train/images/austin11.tif,/kaggle/input/datasets/sagar100rathod/inria-aerial-image-labeling-dataset/AerialImageDataset/train/gt/austin11.tif
train_austin11_1536_2560,train,austin11.tif,austin,2560,1536,512,/kaggle/input/datasets/sagar100rathod/inria-aerial-image-labeling-dataset/AerialImageDataset/train/images/austin11.tif,/kaggle/input/datasets/sagar100rathod/inria-aerial-image-labeling-dataset/AerialImageDataset/train/gt/austin11.tif
train_austin11_2048_0,train,austin11.tif,austin,0,2048,512,/kaggle/input/datasets/sagar100rathod/inria-aerial-image-labeling-dataset/AerialImageDataset/train/images/austin11.tif,/kaggle/input/datasets/sagar100rathod/inria-aerial-image-labeling-dataset/AerialImageDataset/train/gt/austin11.tif
train_austin11_2048_4096,train,austin11.tif,austin,4096,2048,512,/kaggle/input/datasets/sagar100rathod/inria-aerial-image-labeling-dataset/AerialImageDataset/train/images/austin11.tif,/kaggle/input/datasets/sagar100rathod/inria-aerial-image-labeling-dataset/AerialImageDataset/train/gt/austin11.tif
train_austin11_2560_2048,train,austin11.tif,austin,2048,2560,512,/kaggle/input/datasets/sagar100rathod/inria-aerial-image-labeling-dataset/AerialImageDataset/train/images/austin11.tif,/kaggle/input/datasets/sagar100rathod/inria-aerial-image-labeling-dataset/AerialImageDataset/train/gt/austin11.tif
train_austin11_2560_4096,train,austin11.tif,austin,4096,2560,512,/kaggle/input/datasets/sagar100rathod/inria-aerial-image-labeling-dataset/AerialImageDataset/train/images/austin11.tif,/kaggle/input/datasets/sagar100rathod/inria-aerial-image-labeling-dataset/AerialImageDataset/train/gt/austin11.tif
train_austin11_3072_512,train,austin11.tif,austin,512,3072,512,/kaggle/input/datasets/sagar100rathod/inria-aerial-image-labeling-dataset/AerialImageDataset/train/images/austin11.tif,/kaggle/input/datasets/sagar100rathod/inria-aerial-image-labeling-dataset/AerialImageDataset/train/gt/austin11.tif
train_austin11_3584_2560,train,austin11.tif,austin,2560,3584,512,/kaggle/input/datasets/sagar100rathod/inria-aerial-image-labeling-dataset/AerialImageDataset/train/images/austin11.tif,/kaggle/input/datasets/sagar100rathod/inria-aerial-image-labeling-dataset/AerialImageDataset/train/gt/austin11.tif
train_austin11_4096_0,train,austin11.tif,austin,0,4096,512,/kaggle/input/datasets/sagar100rathod/inria-aerial-image-labeling-dataset/AerialImageDataset/train/images/austin11.tif,/kaggle/input/datasets/sagar100rathod/inria-aerial-image-labeling-dataset/AerialImageDataset/train/gt/austin11.tif
train_austin11_4096_2048,train,austin11.tif,austin,2048,4096,512,/kaggle/input/datasets/sagar100rathod/inria-aerial-image-labeling-dataset/AerialImageDataset/train/images/austin11.tif,/kaggle/input/datasets/sagar100rathod/inria-aerial-image-labeling-dataset/AerialImageDataset/train/gt/austin11.tif
train_austin12_0_0,train,austin12.tif,austin,0,0,512,/kaggle/input/datasets/sagar100rathod/inria-aerial-image-labeling-dataset/AerialImageDataset/train/images/austin12.tif,/kaggle/input/datasets/sagar100rathod/inria-aerial-image-labeling-dataset/AerialImageDataset/train/gt/austin12.tif
train_austin12_0_1536,train,austin12.tif,austin,1536,0,512,/kaggle/input/datasets/sagar100rathod/inria-aerial-image-labeling-dataset/AerialImageDataset/train/images/austin12.tif,/kaggle/input/datasets/sagar100rathod/inria-aerial-image-labeling-dataset/AerialImageDataset/train/gt/austin12.tif
train_austin12_512_1024,train,austin12.tif,austin,1024,512,512,/kaggle/input/datasets/sagar100rathod/inria-aerial-image-labeling-dataset/AerialImageDataset/train/images/austin12.tif,/kaggle/input/datasets/sagar100rathod/inria-aerial-image-labeling-dataset/AerialImageDataset/train/gt/austin12.tif
train_austin12_1024_1536,train,austin12.tif,austin,1536,1024,512,/kaggle/input/datasets/sagar100rathod/inria-aerial-image-labeling-dataset/AerialImageDataset/train/images/austin12.tif,/kaggle/input/datasets/sagar100rathod/inria-aerial-image-labeling-dataset/AerialImageDataset/train/gt/austin12.tif
train_austin12_2048_1024,train,austin12.tif,austin,1024,2048,512,/kaggle/input/datasets/sagar100rathod/inria-aerial-image-labeling-dataset/AerialImageDataset/train/images/austin12.tif,/kaggle/input/datasets/sagar100rathod/inria-aerial-image-labeling-dataset/AerialImageDataset/train/gt/austin12.tif
train_austin12_2560_3584,train,austin12.tif,austin,3584,2560,512,/kaggle/input/datasets/sagar100rathod/inria-aerial-image-labeling-dataset/AerialImageDataset/train/images/austin12.tif,/kaggle/input/datasets/sagar100rathod/inria-aerial-image-labeling-dataset/AerialImageDataset/train/gt/austin12.tif
train_austin12_3584_2560,train,austin12.tif,austin,2560,3584,512,/kaggle/input/datasets/sagar100rathod/inria-aerial-image-labeling-dataset/AerialImageDataset/train/images/austin12.tif,/kaggle/input/datasets/sagar100rathod/inria-aerial-image-labeling-dataset/AerialImageDataset/train/gt/austin12.tif
train_austin12_3584_4096,train,austin12.tif,austin,4096,3584,512,/kaggle/input/datasets/sagar100rathod/inria-aerial-image-labeling-dataset/AerialImageDataset/train/images/austin12.tif,/kaggle/input/datasets/sagar100rathod/inria-aerial-image-labeling-dataset/AerialImageDataset/train/gt/austin12.tif
train_austin12_4096_3584,train,austin12.tif,austin,3584,4096,512,/kaggle/input/datasets/sagar100rathod/inria-aerial-image-labeling-dataset/AerialImageDataset/train/images/austin12.tif,/kaggle/input/datasets/sagar100rathod/inria-aerial-image-labeling-dataset/AerialImageDataset/train/gt/austin12.tif
train_austin13_0_1536,train,austin13.tif,austin,1536,0,512,/kaggle/input/datasets/sagar100rathod/inria-aerial-image-labeling-dataset/AerialImageDataset/train/images/austin13.tif,/kaggle/input/datasets/sagar100rathod/inria-aerial-image-labeling-dataset/AerialImageDataset/train/gt/austin13.tif
train_austin13_0_4096,train,austin13.tif,austin,4096,0,512,/kaggle/input/datasets/sagar100rathod/inria-aerial-image-labeling-dataset/AerialImageDataset/train/images/austin13.tif,/kaggle/input/datasets/sagar100rathod/inria-aerial-image-labeling-dataset/AerialImageDataset/train/gt/austin13.tif
train_austin13_512_1024,train,austin13.tif,austin,1024,512,512,/kaggle/input/datasets/sagar100rathod/inria-aerial-image-labeling-dataset/AerialImageDataset/train/images/austin13.tif,/kaggle/input/datasets/sagar100rathod/inria-aerial-image-labeling-dataset/AerialImageDataset/train/gt/austin13.tif
train_austin13_2048_0,train,austin13.tif,austin,0,2048,512,/kaggle/input/datasets/sagar100rathod/inria-aerial-image-labeling-dataset/AerialImageDataset/train/images/austin13.tif,/kaggle/input/datasets/sagar100rathod/inria-aerial-image-labeling-dataset/AerialImageDataset/train/gt/austin13.tif
train_austin13_2048_3584,train,austin13.tif,austin,3584,2048,512,/kaggle/input/datasets/sagar100rathod/inria-aerial-image-labeling-dataset/AerialImageDataset/train/images/austin13.tif,/kaggle/input/datasets/sagar100rathod/inria-aerial-image-labeling-dataset/AerialImageDataset/train/gt/austin13.tif
train_austin13_2560_1024,train,austin13.tif,austin,1024,2560,512,/kaggle/input/datasets/sagar100rathod/inria-aerial-image-labeling-dataset/AerialImageDataset/train/images/austin13.tif,/kaggle/input/datasets/sagar100rathod/inria-aerial-image-labeling-dataset/AerialImageDataset/train/gt/austin13.tif
train_austin13_3584_0,train,austin13.tif,austin,0,3584,512,/kaggle/input/datasets/sagar100rathod/inria-aerial-image-labeling-dataset/AerialImageDataset/train/images/austin13.tif,/kaggle/input/datasets/sagar100rathod/inria-aerial-image-labeling-dataset/AerialImageDataset/train/gt/austin13.tif
train_austin13_3584_1024,train,austin13.tif,austin,1024,3584,512,/kaggle/input/datasets/sagar100rathod/inria-aerial-image-labeling-dataset/AerialImageDataset/train/images/austin13.tif,/kaggle/input/datasets/sagar100rathod/inria-aerial-image-labeling-dataset/AerialImageDataset/train/gt/austin13.tif
train_austin14_512_1536,train,austin14.tif,austin,1536,512,512,/kaggle/input/datasets/sagar100rathod/inria-aerial-image-labeling-dataset/AerialImageDataset/train/images/austin14.tif,/kaggle/input/datasets/sagar100rathod/inria-aerial-image-labeling-dataset/AerialImageDataset/train/gt/austin14.tif
train_austin14_512_3584,train,austin14.tif,austin,3584,512,512,/kaggle/input/datasets/sagar100rathod/inria-aerial-image-labeling-dataset/AerialImageDataset/train/images/austin14.tif,/kaggle/input/datasets/sagar100rathod/inria-aerial-image-labeling-dataset/AerialImageDataset/train/gt/austin14.tif
train_austin14_1536_1536,train,austin14.tif,austin,1536,1536,512,/kaggle/input/datasets/sagar100rathod/inria-aerial-image-labeling-dataset/AerialImageDataset/train/images/austin14.tif,/kaggle/input/datasets/sagar100rathod/inria-aerial-image-labeling-dataset/AerialImageDataset/train/gt/austin14.tif
train_austin14_1536_4096,train,austin14.tif,austin,4096,1536,512,/kaggle/input/datasets/sagar100rathod/inria-aerial-image-labeling-dataset/AerialImageDataset/train/images/austin14.tif,/kaggle/input/datasets/sagar100rathod/inria-aerial-image-labeling-dataset/AerialImageDataset/train/gt/austin14.tif
train_austin14_2048_2560,train,austin14.tif,austin,2560,2048,512,/kaggle/input/datasets/sagar100rathod/inria-aerial-image-labeling-dataset/AerialImageDataset/train/images/austin14.tif,/kaggle/input/datasets/sagar100rathod/inria-aerial-image-labeling-dataset/AerialImageDataset/train/gt/austin14.tif
train_austin14_3584_3584,train,austin14.tif,austin,3584,3584,512,/kaggle/input/datasets/sagar100rathod/inria-aerial-image-labeling-dataset/AerialImageDataset/train/images/austin14.tif,/kaggle/input/datasets/sagar100rathod/inria-aerial-image-labeling-dataset/AerialImageDataset/train/gt/austin14.tif
train_austin14_4096_3072,train,austin14.tif,austin,3072,4096,512,/kaggle/input/datasets/sagar100rathod/inria-aerial-image-labeling-dataset/AerialImageDataset/train/images/austin14.tif,/kaggle/input/datasets/sagar100rathod/inria-aerial-image-labeling-dataset/AerialImageDataset/train/gt/austin14.tif
train_austin14_4096_3584,train,austin14.tif,austin,3584,4096,512,/kaggle/input/datasets/sagar100rathod/inria-aerial-image-labeling-dataset/AerialImageDataset/train/images/austin14.tif,/kaggle/input/datasets/sagar100rathod/inria-aerial-image-labeling-dataset/AerialImageDataset/train/gt/austin14.tif
train_austin18_0_2048,train,austin18.tif,austin,2048,0,512,/kaggle/input/datasets/sagar100rathod/inria-aerial-image-labeling-dataset/AerialImageDataset/train/images/austin18.tif,/kaggle/input/datasets/sagar100rathod/inria-aerial-image-labeling-dataset/AerialImageDataset/train/gt/austin18.tif
train_austin18_0_4096,train,austin18.tif,austin,4096,0,512,/kaggle/input/datasets/sagar100rathod/inria-aerial-image-labeling-dataset/AerialImageDataset/train/images/austin18.tif,/kaggle/input/datasets/sagar100rathod/inria-aerial-image-labeling-dataset/AerialImageDataset/train/gt/austin18.tif
train_austin18_512_1536,train,austin18.tif,austin,1536,512,512,/kaggle/input/datasets/sagar100rathod/inria-aerial-image-labeling-dataset/AerialImageDataset/train/images/austin18.tif,/kaggle/input/datasets/sagar100rathod/inria-aerial-image-labeling-dataset/AerialImageDataset/train/gt/austin18.tif
train_austin18_512_3072,train,austin18.tif,austin,3072,512,512,/kaggle/input/datasets/sagar100rathod/inria-aerial-image-labeling-dataset/AerialImageDataset/train/images/austin18.tif,/kaggle/input/datasets/sagar100rathod/inria-aerial-image-labeling-dataset/AerialImageDataset/train/gt/austin18.tif
train_austin18_512_4096,train,austin18.tif,austin,4096,512,512,/kaggle/input/datasets/sagar100rathod/inria-aerial-image-labeling-dataset/AerialImageDataset/train/images/austin18.tif,/kaggle/input/datasets/sagar100rathod/inria-aerial-image-labeling-dataset/AerialImageDataset/train/gt/austin18.tif
train_austin18_1024_2048,train,austin18.tif,austin,2048,1024,512,/kaggle/input/datasets/sagar100rathod/inria-aerial-image-labeling-dataset/AerialImageDataset/train/images/austin18.tif,/kaggle/input/datasets/sagar100rathod/inria-aerial-image-labeling-dataset/AerialImageDataset/train/gt/austin18.tif
train_austin18_1536_512,train,austin18.tif,austin,512,1536,512,/kaggle/input/datasets/sagar100rathod/inria-aerial-image-labeling-dataset/AerialImageDataset/train/images/austin18.tif,/kaggle/input/datasets/sagar100rathod/inria-aerial-image-labeling-dataset/AerialImageDataset/train/gt/austin18.tif
train_austin18_2560_4096,train,austin18.tif,austin,4096,2560,512,/kaggle/input/datasets/sagar100rathod/inria-aerial-image-labeling-dataset/AerialImageDataset/train/images/austin18.tif,/kaggle/input/datasets/sagar100rathod/inria-aerial-image-labeling-dataset/AerialImageDataset/train/gt/austin18.tif
train_austin18_3072_2560,train,austin18.tif,austin,2560,3072,512,/kaggle/input/datasets/sagar100rathod/inria-aerial-image-labeling-dataset/AerialImageDataset/train/images/austin18.tif,/kaggle/input/datasets/sagar100rathod/inria-aerial-image-labeling-dataset/AerialImageDataset/train/gt/austin18.tif
train_austin18_4096_0,train,austin18.tif,austin,0,4096,512,/kaggle/input/datasets/sagar100rathod/inria-aerial-image-labeling-dataset/AerialImageDataset/train/images/austin18.tif,/kaggle/input/datasets/sagar100rathod/inria-aerial-image-labeling-dataset/AerialImageDataset/train/gt/austin18.tif
train_austin18_4096_1024,train,austin18.tif,austin,1024,4096,512,/kaggle/input/datasets/sagar100rathod/inria-aerial-image-labeling-dataset/AerialImageDataset/train/images/austin18.tif,/kaggle/input/datasets/sagar100rathod/inria-aerial-image-labeling-dataset/AerialImageDataset/train/gt/austin18.tif
train_austin18_4096_2560,train,austin18.tif,austin,2560,4096,512,/kaggle/input/datasets/sagar100rathod/inria-aerial-image-labeling-dataset/AerialImageDataset/train/images/austin18.tif,/kaggle/input/datasets/sagar100rathod/inria-aerial-image-labeling-dataset/AerialImageDataset/train/gt/austin18.tif
train_austin18_4096_3584,train,austin18.tif,austin,3584,4096,512,/kaggle/input/datasets/sagar100rathod/inria-aerial-image-labeling-dataset/AerialImageDataset/train/images/austin18.tif,/kaggle/input/datasets/sagar100rathod/inria-aerial-image-labeling-dataset/AerialImageDataset/train/gt/austin18.tif
train_austin19_0_512,train,austin19.tif,austin,512,0,512,/kaggle/input/datasets/sagar100rathod/inria-aerial-image-labeling-dataset/AerialImageDataset/train/images/austin19.tif,/kaggle/input/datasets/sagar100rathod/inria-aerial-image-labeling-dataset/AerialImageDataset/train/gt/austin19.tif
train_austin19_0_1024,train,austin19.tif,austin,1024,0,512,/kaggle/input/datasets/sagar100rathod/inria-aerial-image-labeling-dataset/AerialImageDataset/train/images/austin19.tif,/kaggle/input/datasets/sagar100rathod/inria-aerial-image-labeling-dataset/AerialImageDataset/train/gt/austin19.tif
train_austin19_0_1536,train,austin19.tif,austin,1536,0,512,/kaggle/input/datasets/sagar100rathod/inria-aerial-image-labeling-dataset/AerialImageDataset/train/images/austin19.tif,/kaggle/input/datasets/sagar100rathod/inria-aerial-image-labeling-dataset/AerialImageDataset/train/gt/austin19.tif
train_austin19_0_3072,train,austin19.tif,austin,3072,0,512,/kaggle/input/datasets/sagar100rathod/inria-aerial-image-labeling-dataset/AerialImageDataset/train/images/austin19.tif,/kaggle/input/datasets/sagar100rathod/inria-aerial-image-labeling-dataset/AerialImageDataset/train/gt/austin19.tif
train_austin19_512_4096,train,austin19.tif,austin,4096,512,512,/kaggle/input/datasets/sagar100rathod/inria-aerial-image-labeling-dataset/AerialImageDataset/train/images/austin19.tif,/kaggle/input/datasets/sagar100rathod/inria-aerial-image-labeling-dataset/AerialImageDataset/train/gt/austin19.tif
train_austin19_2048_1024,train,austin19.tif,austin,1024,2048,512,/kaggle/input/datasets/sagar100rathod/inria-aerial-image-labeling-dataset/AerialImageDataset/train/images/austin19.tif,/kaggle/input/datasets/sagar100rathod/inria-aerial-image-labeling-dataset/AerialImageDataset/train/gt/austin19.tif
train_austin19_2048_4096,train,austin19.tif,austin,4096,2048,512,/kaggle/input/datasets/sagar100rathod/inria-aerial-image-labeling-dataset/AerialImageDataset/train/images/austin19.tif,/kaggle/input/datasets/sagar100rathod/inria-aerial-image-labeling-dataset/AerialImageDataset/train/gt/austin19.tif
train_austin19_2560_2560,train,austin19.tif,austin,2560,2560,512,/kaggle/input/datasets/sagar100rathod/inria-aerial-image-labeling-dataset/AerialImageDataset/train/images/austin19.tif,/kaggle/input/datasets/sagar100rathod/inria-aerial-image-labeling-dataset/AerialImageDataset/train/gt/austin19.tif
train_austin19_3584_3072,train,austin19.tif,austin,3072,3584,512,/kaggle/input/datasets/sagar100rathod/inria-aerial-image-labeling-dataset/AerialImageDataset/train/images/austin19.tif,/kaggle/input/datasets/sagar100rathod/inria-aerial-image-labeling-dataset/AerialImageDataset/train/gt/austin19.tif
train_austin19_4096_512,train,austin19.tif,austin,512,4096,512,/kaggle/input/datasets/sagar100rathod/inria-aerial-image-labeling-dataset/AerialImageDataset/train/images/austin19.tif,/kaggle/input/datasets/sagar100rathod/inria-aerial-image-labeling-dataset/AerialImageDataset/train/gt/austin19.tif
train_austin19_4096_2560,train,austin19.tif,austin,2560,4096,512,/kaggle/input/datasets/sagar100rathod/inria-aerial-image-labeling-dataset/AerialImageDataset/train/images/austin19.tif,/kaggle/input/datasets/sagar100rathod/inria-aerial-image-labeling-dataset/AerialImageDataset/train/gt/austin19.tif
train_austin20_512_512,train,austin20.tif,austin,512,512,512,/kaggle/input/datasets/sagar100rathod/inria-aerial-image-labeling-dataset/AerialImageDataset/train/images/austin20.tif,/kaggle/input/datasets/sagar100rathod/inria-aerial-image-labeling-dataset/AerialImageDataset/train/gt/austin20.tif
train_austin20_512_2560,train,austin20.tif,austin,2560,512,512,/kaggle/input/datasets/sagar100rathod/inria-aerial-image-labeling-dataset/AerialImageDataset/train/images/austin20.tif,/kaggle/input/datasets/sagar100rathod/inria-aerial-image-labeling-dataset/AerialImageDataset/train/gt/austin20.tif
train_austin20_1536_512,train,austin20.tif,austin,512,1536,512,/kaggle/input/datasets/sagar100rathod/inria-aerial-image-labeling-dataset/AerialImageDataset/train/images/austin20.tif,/kaggle/input/datasets/sagar100rathod/inria-aerial-image-labeling-dataset/AerialImageDataset/train/gt/austin20.tif
train_austin20_1536_2560,train,austin20.tif,austin,2560,1536,512,/kaggle/input/datasets/sagar100rathod/inria-aerial-image-labeling-dataset/AerialImageDataset/train/images/austin20.tif,/kaggle/input/datasets/sagar100rathod/inria-aerial-image-labeling-dataset/AerialImageDataset/train/gt/austin20.tif
train_austin20_2048_2560,train,austin20.tif,austin,2560,2048,512,/kaggle/input/datasets/sagar100rathod/inria-aerial-image-labeling-dataset/AerialImageDataset/train/images/austin20.tif,/kaggle/input/datasets/sagar100rathod/inria-aerial-image-labeling-dataset/AerialImageDataset/train/gt/austin20.tif
train_austin20_2048_3072,train,austin20.tif,austin,3072,2048,512,/kaggle/input/datasets/sagar100rathod/inria-aerial-image-labeling-dataset/AerialImageDataset/train/images/austin20.tif,/kaggle/input/datasets/sagar100rathod/inria-aerial-image-labeling-dataset/AerialImageDataset/train/gt/austin20.tif
train_austin20_2560_2560,train,austin20.tif,austin,2560,2560,512,/kaggle/input/datasets/sagar100rathod/inria-aerial-image-labeling-dataset/AerialImageDataset/train/images/austin20.tif,/kaggle/input/datasets/sagar100rathod/inria-aerial-image-labeling-dataset/AerialImageDataset/train/gt/austin20.tif
train_austin20_2560_4096,train,austin20.tif,austin,4096,2560,512,/kaggle/input/datasets/sagar100rathod/inria-aerial-image-labeling-dataset/AerialImageDataset/train/images/austin20.tif,/kaggle/input/datasets/sagar100rathod/inria-aerial-image-labeling-dataset/AerialImageDataset/train/gt/austin20.tif
train_austin20_3584_0,train,austin20.tif,austin,0,3584,512,/kaggle/input/datasets/sagar100rathod/inria-aerial-image-labeling-dataset/AerialImageDataset/train/images/austin20.tif,/kaggle/input/datasets/sagar100rathod/inria-aerial-image-labeling-dataset/AerialImageDataset/train/gt/austin20.tif
train_austin20_3584_2560,train,austin20.tif,austin,2560,3584,512,/kaggle/input/datasets/sagar100rathod/inria-aerial-image-labeling-dataset/AerialImageDataset/train/images/austin20.tif,/kaggle/input/datasets/sagar100rathod/inria-aerial-image-labeling-dataset/AerialImageDataset/train/gt/austin20.tif
train_austin20_3584_3584,train,austin20.tif,austin,3584,3584,512,/kaggle/input/datasets/sagar100rathod/inria-aerial-image-labeling-dataset/AerialImageDataset/train/images/austin20.tif,/kaggle/input/datasets/sagar100rathod/inria-aerial-image-labeling-dataset/AerialImageDataset/train/gt/austin20.tif
train_austin20_4096_1024,train,austin20.tif,austin,1024,4096,512,/kaggle/input/datasets/sagar100rathod/inria-aerial-image-labeling-dataset/AerialImageDataset/train/images/austin20.tif,/kaggle/input/datasets/sagar100rathod/inria-aerial-image-labeling-dataset/AerialImageDataset/train/gt/austin20.tif
train_austin20_4096_4096,train,austin20.tif,austin,4096,4096,512,/kaggle/input/datasets/sagar100rathod/inria-aerial-image-labeling-dataset/AerialImageDataset/train/images/austin20.tif,/kaggle/input/datasets/sagar100rathod/inria-aerial-image-labeling-dataset/AerialImageDataset/train/gt/austin20.tif
train_austin21_0_4096,train,austin21.tif,austin,4096,0,512,/kaggle/input/datasets/sagar100rathod/inria-aerial-image-labeling-dataset/AerialImageDataset/train/images/austin21.tif,/kaggle/input/datasets/sagar100rathod/inria-aerial-image-labeling-dataset/AerialImageDataset/train/gt/austin21.tif
train_austin21_512_1536,train,austin21.tif,austin,1536,512,512,/kaggle/input/datasets/sagar100rathod/inria-aerial-image-labeling-dataset/AerialImageDataset/train/images/austin21.tif,/kaggle/input/datasets/sagar100rathod/inria-aerial-image-labeling-dataset/AerialImageDataset/train/gt/austin21.tif
train_austin21_1024_0,train,austin21.tif,austin,0,1024,512,/kaggle/input/datasets/sagar100rathod/inria-aerial-image-labeling-dataset/AerialImageDataset/train/images/austin21.tif,/kaggle/input/datasets/sagar100rathod/inria-aerial-image-labeling-dataset/AerialImageDataset/train/gt/austin21.tif
train_austin21_1024_4096,train,austin21.tif,austin,4096,1024,512,/kaggle/input/datasets/sagar100rathod/inria-aerial-image-labeling-dataset/AerialImageDataset/train/images/austin21.tif,/kaggle/input/datasets/sagar100rathod/inria-aerial-image-labeling-dataset/AerialImageDataset/train/gt/austin21.tif
train_austin21_1536_2560,train,austin21.tif,austin,2560,1536,512,/kaggle/input/datasets/sagar100rathod/inria-aerial-image-labeling-dataset/AerialImageDataset/train/images/austin21.tif,/kaggle/input/datasets/sagar100rathod/inria-aerial-image-labeling-dataset/AerialImageDataset/train/gt/austin21.tif
train_austin21_2048_2560,train,austin21.tif,austin,2560,2048,512,/kaggle/input/datasets/sagar100rathod/inria-aerial-image-labeling-dataset/AerialImageDataset/train/images/austin21.tif,/kaggle/input/datasets/sagar100rathod/inria-aerial-image-labeling-dataset/AerialImageDataset/train/gt/austin21.tif
train_austin21_2560_512,train,austin21.tif,austin,512,2560,512,/kaggle/input/datasets/sagar100rathod/inria-aerial-image-labeling-dataset/AerialImageDataset/train/images/austin21.tif,/kaggle/input/datasets/sagar100rathod/inria-aerial-image-labeling-dataset/AerialImageDataset/train/gt/austin21.tif
train_austin21_2560_1536,train,austin21.tif,austin,1536,2560,512,/kaggle/input/datasets/sagar100rathod/inria-aerial-image-labeling-dataset/AerialImageDataset/train/images/austin21.tif,/kaggle/input/datasets/sagar100rathod/inria-aerial-image-labeling-dataset/AerialImageDataset/train/gt/austin21.tif
train_austin21_3072_2048,train,austin21.tif,austin,2048,3072,512,/kaggle/input/datasets/sagar100rathod/inria-aerial-image-labeling-dataset/AerialImageDataset/train/images/austin21.tif,/kaggle/input/datasets/sagar100rathod/inria-aerial-image-labeling-dataset/AerialImageDataset/train/gt/austin21.tif
train_austin21_3072_4096,train,austin21.tif,austin,4096,3072,512,/kaggle/input/datasets/sagar100rathod/inria-aerial-image-labeling-dataset/AerialImageDataset/train/images/austin21.tif,/kaggle/input/datasets/sagar100rathod/inria-aerial-image-labeling-dataset/AerialImageDataset/train/gt/austin21.tif
train_austin21_4096_512,train,austin21.tif,austin,512,4096,512,/kaggle/input/datasets/sagar100rathod/inria-aerial-image-labeling-dataset/AerialImageDataset/train/images/austin21.tif,/kaggle/input/datasets/sagar100rathod/inria-aerial-image-labeling-dataset/AerialImageDataset/train/gt/austin21.tif
train_austin21_4096_1536,train,austin21.tif,austin,1536,4096,512,/kaggle/input/datasets/sagar100rathod/inria-aerial-image-labeling-dataset/AerialImageDataset/train/images/austin21.tif,/kaggle/input/datasets/sagar100rathod/inria-aerial-image-labeling-dataset/AerialImageDataset/train/gt/austin21.tif
train_austin22_0_4096,train,austin22.tif,austin,4096,0,512,/kaggle/input/datasets/sagar100rathod/inria-aerial-image-labeling-dataset/AerialImageDataset/train/images/austin22.tif,/kaggle/input/datasets/sagar100rathod/inria-aerial-image-labeling-dataset/AerialImageDataset/train/gt/austin22.tif
train_austin22_512_3584,train,austin22.tif,austin,3584,512,512,/kaggle/input/datasets/sagar100rathod/inria-aerial-image-labeling-dataset/AerialImageDataset/train/images/austin22.tif,/kaggle/input/datasets/sagar100rathod/inria-aerial-image-labeling-dataset/AerialImageDataset/train/gt/austin22.tif
train_austin22_1536_0,train,austin22.tif,austin,0,1536,512,/kaggle/input/datasets/sagar100rathod/inria-aerial-image-labeling-dataset/AerialImageDataset/train/images/austin22.tif,/kaggle/input/datasets/sagar100rathod/inria-aerial-image-labeling-dataset/AerialImageDataset/train/gt/austin22.tif
train_austin22_2048_4096,train,austin22.tif,austin,4096,2048,512,/kaggle/input/datasets/sagar100rathod/inria-aerial-image-labeling-dataset/AerialImageDataset/train/images/austin22.tif,/kaggle/input/datasets/sagar100rathod/inria-aerial-image-labeling-dataset/AerialImageDataset/train/gt/austin22.tif
train_austin22_3584_3584,train,austin22.tif,austin,3584,3584,512,/kaggle/input/datasets/sagar100rathod/inria-aerial-image-labeling-dataset/AerialImageDataset/train/images/austin22.tif,/kaggle/input/datasets/sagar100rathod/inria-aerial-image-labeling-dataset/AerialImageDataset/train/gt/austin22.tif
train_austin22_3584_4096,train,austin22.tif,austin,4096,3584,512,/kaggle/input/datasets/sagar100rathod/inria-aerial-image-labeling-dataset/AerialImageDataset/train/images/austin22.tif,/kaggle/input/datasets/sagar100rathod/inria-aerial-image-labeling-dataset/AerialImageDataset/train/gt/austin22.tif
train_austin22_4096_4096,train,austin22.tif,austin,4096,4096,512,/kaggle/input/datasets/sagar100rathod/inria-aerial-image-labeling-dataset/AerialImageDataset/train/images/austin22.tif,/kaggle/input/datasets/sagar100rathod/inria-aerial-image-labeling-dataset/AerialImageDataset/train/gt/austin22.tif
train_austin23_0_4096,train,austin23.tif,austin,4096,0,512,/kaggle/input/datasets/sagar100rathod/inria-aerial-image-labeling-dataset/AerialImageDataset/train/images/austin23.tif,/kaggle/input/datasets/sagar100rathod/inria-aerial-image-labeling-dataset/AerialImageDataset/train/gt/austin23.tif
train_austin23_512_0,train,austin23.tif,austin,0,512,512,/kaggle/input/datasets/sagar100rathod/inria-aerial-image-labeling-dataset/AerialImageDataset/train/images/austin23.tif,/kaggle/input/datasets/sagar100rathod/inria-aerial-image-labeling-dataset/AerialImageDataset/train/gt/austin23.tif
train_austin23_1024_4096,train,austin23.tif,austin,4096,1024,512,/kaggle/input/datasets/sagar100rathod/inria-aerial-image-labeling-dataset/AerialImageDataset/train/images/austin23.tif,/kaggle/input/datasets/sagar100rathod/inria-aerial-image-labeling-dataset/AerialImageDataset/train/gt/austin23.tif
train_austin23_1536_1536,train,austin23.tif,austin,1536,1536,512,/kaggle/input/datasets/sagar100rathod/inria-aerial-image-labeling-dataset/AerialImageDataset/train/images/austin23.tif,/kaggle/input/datasets/sagar100rathod/inria-aerial-image-labeling-dataset/AerialImageDataset/train/gt/austin23.tif
train_austin23_2048_512,train,austin23.tif,austin,512,2048,512,/kaggle/input/datasets/sagar100rathod/inria-aerial-image-labeling-dataset/AerialImageDataset/train/images/austin23.tif,/kaggle/input/datasets/sagar100rathod/inria-aerial-image-labeling-dataset/AerialImageDataset/train/gt/austin23.tif
train_austin23_2048_1536,train,austin23.tif,austin,1536,2048,512,/kaggle/input/datasets/sagar100rathod/inria-aerial-image-labeling-dataset/AerialImageDataset/train/images/austin23.tif,/kaggle/input/datasets/sagar100rathod/inria-aerial-image-labeling-dataset/AerialImageDataset/train/gt/austin23.tif
train_austin23_2560_512,train,austin23.tif,austin,512,2560,512,/kaggle/input/datasets/sagar100rathod/inria-aerial-image-labeling-dataset/AerialImageDataset/train/images/austin23.tif,/kaggle/input/datasets/sagar100rathod/inria-aerial-image-labeling-dataset/AerialImageDataset/train/gt/austin23.tif
train_austin23_2560_3072,train,austin23.tif,austin,3072,2560,512,/kaggle/input/datasets/sagar100rathod/inria-aerial-image-labeling-dataset/AerialImageDataset/train/images/austin23.tif,/kaggle/input/datasets/sagar100rathod/inria-aerial-image-labeling-dataset/AerialImageDataset/train/gt/austin23.tif
train_austin24_512_512,train,austin24.tif,austin,512,512,512,/kaggle/input/datasets/sagar100rathod/inria-aerial-image-labeling-dataset/AerialImageDataset/train/images/austin24.tif,/kaggle/input/datasets/sagar100rathod/inria-aerial-image-labeling-dataset/AerialImageDataset/train/gt/austin24.tif
train_austin24_512_3584,train,austin24.tif,austin,3584,512,512,/kaggle/input/datasets/sagar100rathod/inria-aerial-image-labeling-dataset/AerialImageDataset/train/images/austin24.tif,/kaggle/input/datasets/sagar100rathod/inria-aerial-image-labeling-dataset/AerialImageDataset/train/gt/austin24.tif
train_austin24_1536_1536,train,austin24.tif,austin,1536,1536,512,/kaggle/input/datasets/sagar100rathod/inria-aerial-image-labeling-dataset/AerialImageDataset/train/images/austin24.tif,/kaggle/input/datasets/sagar100rathod/inria-aerial-image-labeling-dataset/AerialImageDataset/train/gt/austin24.tif
train_austin24_2048_4096,train,austin24.tif,austin,4096,2048,512,/kaggle/input/datasets/sagar100rathod/inria-aerial-image-labeling-dataset/AerialImageDataset/train/images/austin24.tif,/kaggle/input/datasets/sagar100rathod/inria-aerial-image-labeling-dataset/AerialImageDataset/train/gt/austin24.tif
train_austin24_3072_0,train,austin24.tif,austin,0,3072,512,/kaggle/input/datasets/sagar100rathod/inria-aerial-image-labeling-dataset/AerialImageDataset/train/images/austin24.tif,/kaggle/input/datasets/sagar100rathod/inria-aerial-image-labeling-dataset/AerialImageDataset/train/gt/austin24.tif
train_austin26_0_1536,train,austin26.tif,austin,1536,0,512,/kaggle/input/datasets/sagar100rathod/inria-aerial-image-labeling-dataset/AerialImageDataset/train/images/austin26.tif,/kaggle/input/datasets/sagar100rathod/inria-aerial-image-labeling-dataset/AerialImageDataset/train/gt/austin26.tif
train_austin26_0_3584,train,austin26.tif,austin,3584,0,512,/kaggle/input/datasets/sagar100rathod/inria-aerial-image-labeling-dataset/AerialImageDataset/train/images/austin26.tif,/kaggle/input/datasets/sagar100rathod/inria-aerial-image-labeling-dataset/AerialImageDataset/train/gt/austin26.tif
train_austin26_512_1024,train,austin26.tif,austin,1024,512,512,/kaggle/input/datasets/sagar100rathod/inria-aerial-image-labeling-dataset/AerialImageDataset/train/images/austin26.tif,/kaggle/input/datasets/sagar100rathod/inria-aerial-image-labeling-dataset/AerialImageDataset/train/gt/austin26.tif
train_austin26_1024_1024,train,austin26.tif,austin,1024,1024,512,/kaggle/input/datasets/sagar100rathod/inria-aerial-image-labeling-dataset/AerialImageDataset/train/images/austin26.tif,/kaggle/input/datasets/sagar100rathod/inria-aerial-image-labeling-dataset/AerialImageDataset/train/gt/austin26.tif
train_austin26_1024_4096,train,austin26.tif,austin,4096,1024,512,/kaggle/input/datasets/sagar100rathod/inria-aerial-image-labeling-dataset/AerialImageDataset/train/images/austin26.tif,/kaggle/input/datasets/sagar100rathod/inria-aerial-image-labeling-dataset/AerialImageDataset/train/gt/austin26.tif
train_austin26_2048_2560,train,austin26.tif,austin,2560,2048,512,/kaggle/input/datasets/sagar100rathod/inria-aerial-image-labeling-dataset/AerialImageDataset/train/images/austin26.tif,/kaggle/input/datasets/sagar100rathod/inria-aerial-image-labeling-dataset/AerialImageDataset/train/gt/austin26.tif
train_austin26_3584_512,train,austin26.tif,austin,512,3584,512,/kaggle/input/datasets/sagar100rathod/inria-aerial-image-labeling-dataset/AerialImageDataset/train/images/austin26.tif,/kaggle/input/datasets/sagar100rathod/inria-aerial-image-labeling-dataset/AerialImageDataset/train/gt/austin26.tif
train_austin26_3584_1024,train,austin26.tif,austin,1024,3584,512,/kaggle/input/datasets/sagar100rathod/inria-aerial-image-labeling-dataset/AerialImageDataset/train/images/austin26.tif,/kaggle/input/datasets/sagar100rathod/inria-aerial-image-labeling-dataset/AerialImageDataset/train/gt/austin26.tif
train_austin26_3584_2560,train,austin26.tif,austin,2560,3584,512,/kaggle/input/datasets/sagar100rathod/inria-aerial-image-labeling-dataset/AerialImageDataset/train/images/austin26.tif,/kaggle/input/datasets/sagar100rathod/inria-aerial-image-labeling-dataset/AerialImageDataset/train/gt/austin26.tif
train_austin27_0_1024,train,austin27.tif,austin,1024,0,512,/kaggle/input/datasets/sagar100rathod/inria-aerial-image-labeling-dataset/AerialImageDataset/train/images/austin27.tif,/kaggle/input/datasets/sagar100rathod/inria-aerial-image-labeling-dataset/AerialImageDataset/train/gt/austin27.tif
train_austin27_1024_0,train,austin27.tif,austin,0,1024,512,/kaggle/input/datasets/sagar100rathod/inria-aerial-image-labeling-dataset/AerialImageDataset/train/images/austin27.tif,/kaggle/input/datasets/sagar100rathod/inria-aerial-image-labeling-dataset/AerialImageDataset/train/gt/austin27.tif
train_austin27_1536_1024,train,austin27.tif,austin,1024,1536,512,/kaggle/input/datasets/sagar100rathod/inria-aerial-image-labeling-dataset/AerialImageDataset/train/images/austin27.tif,/kaggle/input/datasets/sagar100rathod/inria-aerial-image-labeling-dataset/AerialImageDataset/train/gt/austin27.tif
train_austin27_2048_1536,train,austin27.tif,austin,1536,2048,512,/kaggle/input/datasets/sagar100rathod/inria-aerial-image-labeling-dataset/AerialImageDataset/train/images/austin27.tif,/kaggle/input/datasets/sagar100rathod/inria-aerial-image-labeling-dataset/AerialImageDataset/train/gt/austin27.tif
train_austin27_2048_2560,train,austin27.tif,austin,2560,2048,512,/kaggle/input/datasets/sagar100rathod/inria-aerial-image-labeling-dataset/AerialImageDataset/train/images/austin27.tif,/kaggle/input/datasets/sagar100rathod/inria-aerial-image-labeling-dataset/AerialImageDataset/train/gt/austin27.tif
train_austin27_2560_2048,train,austin27.tif,austin,2048,2560,512,/kaggle/input/datasets/sagar100rathod/inria-aerial-image-labeling-dataset/AerialImageDataset/train/images/austin27.tif,/kaggle/input/datasets/sagar100rathod/inria-aerial-image-labeling-dataset/AerialImageDataset/train/gt/austin27.tif
train_austin27_3072_0,train,austin27.tif,austin,0,3072,512,/kaggle/input/datasets/sagar100rathod/inria-aerial-image-labeling-dataset/AerialImageDataset/train/images/austin27.tif,/kaggle/input/datasets/sagar100rathod/inria-aerial-image-labeling-dataset/AerialImageDataset/train/gt/austin27.tif
train_austin27_3072_3072,train,austin27.tif,austin,3072,3072,512,/kaggle/input/datasets/sagar100rathod/inria-aerial-image-labeling-dataset/AerialImageDataset/train/images/austin27.tif,/kaggle/input/datasets/sagar100rathod/inria-aerial-image-labeling-dataset/AerialImageDataset/train/gt/austin27.tif
train_austin27_3584_2048,train,austin27.tif,austin,2048,3584,512,/kaggle/input/datasets/sagar100rathod/inria-aerial-image-labeling-dataset/AerialImageDataset/train/images/austin27.tif,/kaggle/input/datasets/sagar100rathod/inria-aerial-image-labeling-dataset/AerialImageDataset/train/gt/austin27.tif
train_austin27_4096_1536,train,austin27.tif,austin,1536,4096,512,/kaggle/input/datasets/sagar100rathod/inria-aerial-image-labeling-dataset/AerialImageDataset/train/images/austin27.tif,/kaggle/input/datasets/sagar100rathod/inria-aerial-image-labeling-dataset/AerialImageDataset/train/gt/austin27.tif
train_austin29_0_0,train,austin29.tif,austin,0,0,512,/kaggle/input/datasets/sagar100rathod/inria-aerial-image-labeling-dataset/AerialImageDataset/train/images/austin29.tif,/kaggle/input/datasets/sagar100rathod/inria-aerial-image-labeling-dataset/AerialImageDataset/train/gt/austin29.tif
train_austin29_0_3584,train,austin29.tif,austin,3584,0,512,/kaggle/input/datasets/sagar100rathod/inria-aerial-image-labeling-dataset/AerialImageDataset/train/images/austin29.tif,/kaggle/input/datasets/sagar100rathod/inria-aerial-image-labeling-dataset/AerialImageDataset/train/gt/austin29.tif
train_austin29_512_1024,train,austin29.tif,austin,1024,512,512,/kaggle/input/datasets/sagar100rathod/inria-aerial-image-labeling-dataset/AerialImageDataset/train/images/austin29.tif,/kaggle/input/datasets/sagar100rathod/inria-aerial-image-labeling-dataset/AerialImageDataset/train/gt/austin29.tif
train_austin29_1024_0,train,austin29.tif,austin,0,1024,512,/kaggle/input/datasets/sagar100rathod/inria-aerial-image-labeling-dataset/AerialImageDataset/train/images/austin29.tif,/kaggle/input/datasets/sagar100rathod/inria-aerial-image-labeling-dataset/AerialImageDataset/train/gt/austin29.tif
train_austin29_1024_1536,train,austin29.tif,austin,1536,1024,512,/kaggle/input/datasets/sagar100rathod/inria-aerial-image-labeling-dataset/AerialImageDataset/train/images/austin29.tif,/kaggle/input/datasets/sagar100rathod/inria-aerial-image-labeling-dataset/AerialImageDataset/train/gt/austin29.tif
train_austin29_1536_0,train,austin29.tif,austin,0,1536,512,/kaggle/input/datasets/sagar100rathod/inria-aerial-image-labeling-dataset/AerialImageDataset/train/images/austin29.tif,/kaggle/input/datasets/sagar100rathod/inria-aerial-image-labeling-dataset/AerialImageDataset/train/gt/austin29.tif
train_austin29_2048_1024,train,austin29.tif,austin,1024,2048,512,/kaggle/input/datasets/sagar100rathod/inria-aerial-image-labeling-dataset/AerialImageDataset/train/images/austin29.tif,/kaggle/input/datasets/sagar100rathod/inria-aerial-image-labeling-dataset/AerialImageDataset/train/gt/austin29.tif
train_austin29_2048_1536,train,austin29.tif,austin,1536,2048,512,/kaggle/input/datasets/sagar100rathod/inria-aerial-image-labeling-dataset/AerialImageDataset/train/images/austin29.tif,/kaggle/input/datasets/sagar100rathod/inria-aerial-image-labeling-dataset/AerialImageDataset/train/gt/austin29.tif
train_austin29_2560_2048,train,austin29.tif,austin,2048,2560,512,/kaggle/input/datasets/sagar100rathod/inria-aerial-image-labeling-dataset/AerialImageDataset/train/images/austin29.tif,/kaggle/input/datasets/sagar100rathod/inria-aerial-image-labeling-dataset/AerialImageDataset/train/gt/austin29.tif
train_austin29_3072_512,train,austin29.tif,austin,512,3072,512,/kaggle/input/datasets/sagar100rathod/inria-aerial-image-labeling-dataset/AerialImageDataset/train/images/austin29.tif,/kaggle/input/datasets/sagar100rathod/inria-aerial-image-labeling-dataset/AerialImageDataset/train/gt/austin29.tif
train_austin29_3072_3072,train,austin29.tif,austin,3072,3072,512,/kaggle/input/datasets/sagar100rathod/inria-aerial-image-labeling-dataset/AerialImageDataset/train/images/austin29.tif,/kaggle/input/datasets/sagar100rathod/inria-aerial-image-labeling-dataset/AerialImageDataset/train/gt/austin29.tif
train_austin29_4096_1536,train,austin29.tif,austin,1536,4096,512,/kaggle/input/datasets/sagar100rathod/inria-aerial-image-labeling-dataset/AerialImageDataset/train/images/austin29.tif,/kaggle/input/datasets/sagar100rathod/inria-aerial-image-labeling-dataset/AerialImageDataset/train/gt/austin29.tif
train_austin32_0_0,train,austin32.tif,austin,0,0,512,/kaggle/input/datasets/sagar100rathod/inria-aerial-image-labeling-dataset/AerialImageDataset/train/images/austin32.tif,/kaggle/input/datasets/sagar100rathod/inria-aerial-image-labeling-dataset/AerialImageDataset/train/gt/austin32.tif
train_austin32_0_1024,train,austin32.tif,austin,1024,0,512,/kaggle/input/datasets/sagar100rathod/inria-aerial-image-labeling-dataset/AerialImageDataset/train/images/austin32.tif,/kaggle/input/datasets/sagar100rathod/inria-aerial-image-labeling-dataset/AerialImageDataset/train/gt/austin32.tif
train_austin32_1024_512,train,austin32.tif,austin,512,1024,512,/kaggle/input/datasets/sagar100rathod/inria-aerial-image-labeling-dataset/AerialImageDataset/train/images/austin32.tif,/kaggle/input/datasets/sagar100rathod/inria-aerial-image-labeling-dataset/AerialImageDataset/train/gt/austin32.tif
train_austin32_2048_2048,train,austin32.tif,austin,2048,2048,512,/kaggle/input/datasets/sagar100rathod/inria-aerial-image-labeling-dataset/AerialImageDataset/train/images/austin32.tif,/kaggle/input/datasets/sagar100rathod/inria-aerial-image-labeling-dataset/AerialImageDataset/train/gt/austin32.tif
train_austin32_2048_4096,train,austin32.tif,austin,4096,2048,512,/kaggle/input/datasets/sagar100rathod/inria-aerial-image-labeling-dataset/AerialImageDataset/train/images/austin32.tif,/kaggle/input/datasets/sagar100rathod/inria-aerial-image-labeling-dataset/AerialImageDataset/train/gt/austin32.tif
train_austin32_3072_1024,train,austin32.tif,austin,1024,3072,512,/kaggle/input/datasets/sagar100rathod/inria-aerial-image-labeling-dataset/AerialImageDataset/train/images/austin32.tif,/kaggle/input/datasets/sagar100rathod/inria-aerial-image-labeling-dataset/AerialImageDataset/train/gt/austin32.tif
train_austin32_3072_1536,train,austin32.tif,austin,1536,3072,512,/kaggle/input/datasets/sagar100rathod/inria-aerial-image-labeling-dataset/AerialImageDataset/train/images/austin32.tif,/kaggle/input/datasets/sagar100rathod/inria-aerial-image-labeling-dataset/AerialImageDataset/train/gt/austin32.tif
train_austin32_4096_2560,train,austin32.tif,austin,2560,4096,512,/kaggle/input/datasets/sagar100rathod/inria-aerial-image-labeling-dataset/AerialImageDataset/train/images/austin32.tif,/kaggle/input/datasets/sagar100rathod/inria-aerial-image-labeling-dataset/AerialImageDataset/train/gt/austin32.tif
train_austin32_4096_4096,train,austin32.tif,austin,4096,4096,512,/kaggle/input/datasets/sagar100rathod/inria-aerial-image-labeling-dataset/AerialImageDataset/train/images/austin32.tif,/kaggle/input/datasets/sagar100rathod/inria-aerial-image-labeling-dataset/AerialImageDataset/train/gt/austin32.tif
train_austin34_0_512,train,austin34.tif,austin,512,0,512,/kaggle/input/datasets/sagar100rathod/inria-aerial-image-labeling-dataset/AerialImageDataset/train/images/austin34.tif,/kaggle/input/datasets/sagar100rathod/inria-aerial-image-labeling-dataset/AerialImageDataset/train/gt/austin34.tif
train_austin34_0_1024,train,austin34.tif,austin,1024,0,512,/kaggle/input/datasets/sagar100rathod/inria-aerial-image-labeling-dataset/AerialImageDataset/train/images/austin34.tif,/kaggle/input/datasets/sagar100rathod/inria-aerial-image-labeling-dataset/AerialImageDataset/train/gt/austin34.tif
train_austin34_512_1024,train,austin34.tif,austin,1024,512,512,/kaggle/input/datasets/sagar100rathod/inria-aerial-image-labeling-dataset/AerialImageDataset/train/images/austin34.tif,/kaggle/input/datasets/sagar100rathod/inria-aerial-image-labeling-dataset/AerialImageDataset/train/gt/austin34.tif
train_austin34_1024_3072,train,austin34.tif,austin,3072,1024,512,/kaggle/input/datasets/sagar100rathod/inria-aerial-image-labeling-dataset/AerialImageDataset/train/images/austin34.tif,/kaggle/input/datasets/sagar100rathod/inria-aerial-image-labeling-dataset/AerialImageDataset/train/gt/austin34.tif
train_austin34_2048_2560,train,austin34.tif,austin,2560,2048,512,/kaggle/input/datasets/sagar100rathod/inria-aerial-image-labeling-dataset/AerialImageDataset/train/images/austin34.tif,/kaggle/input/datasets/sagar100rathod/inria-aerial-image-labeling-dataset/AerialImageDataset/train/gt/austin34.tif
train_austin34_3584_3072,train,austin34.tif,austin,3072,3584,512,/kaggle/input/datasets/sagar100rathod/inria-aerial-image-labeling-dataset/AerialImageDataset/train/images/austin34.tif,/kaggle/input/datasets/sagar100rathod/inria-aerial-image-labeling-dataset/AerialImageDataset/train/gt/austin34.tif
train_austin34_4096_0,train,austin34.tif,austin,0,4096,512,/kaggle/input/datasets/sagar100rathod/inria-aerial-image-labeling-dataset/AerialImageDataset/train/images/austin34.tif,/kaggle/input/datasets/sagar100rathod/inria-aerial-image-labeling-dataset/AerialImageDataset/train/gt/austin34.tif
train_austin36_0_2048,train,austin36.tif,austin,2048,0,512,/kaggle/input/datasets/sagar100rathod/inria-aerial-image-labeling-dataset/AerialImageDataset/train/images/austin36.tif,/kaggle/input/datasets/sagar100rathod/inria-aerial-image-labeling-dataset/AerialImageDataset/train/gt/austin36.tif
train_austin36_1024_0,train,austin36.tif,austin,0,1024,512,/kaggle/input/datasets/sagar100rathod/inria-aerial-image-labeling-dataset/AerialImageDataset/train/images/austin36.tif,/kaggle/input/datasets/sagar100rathod/inria-aerial-image-labeling-dataset/AerialImageDataset/train/gt/austin36.tif
train_austin36_2048_4096,train,austin36.tif,austin,4096,2048,512,/kaggle/input/datasets/sagar100rathod/inria-aerial-image-labeling-dataset/AerialImageDataset/train/images/austin36.tif,/kaggle/input/datasets/sagar100rathod/inria-aerial-image-labeling-dataset/AerialImageDataset/train/gt/austin36.tif
train_austin36_2560_0,train,austin36.tif,austin,0,2560,512,/kaggle/input/datasets/sagar100rathod/inria-aerial-image-labeling-dataset/AerialImageDataset/train/images/austin36.tif,/kaggle/input/datasets/sagar100rathod/inria-aerial-image-labeling-dataset/AerialImageDataset/train/gt/austin36.tif
train_austin36_3072_3584,train,austin36.tif,austin,3584,3072,512,/kaggle/input/datasets/sagar100rathod/inria-aerial-image-labeling-dataset/AerialImageDataset/train/images/austin36.tif,/kaggle/input/datasets/sagar100rathod/inria-aerial-image-labeling-dataset/AerialImageDataset/train/gt/austin36.tif
train_austin36_3584_2048,train,austin36.tif,austin,2048,3584,512,/kaggle/input/datasets/sagar100rathod/inria-aerial-image-labeling-dataset/AerialImageDataset/train/images/austin36.tif,/kaggle/input/datasets/sagar100rathod/inria-aerial-image-labeling-dataset/AerialImageDataset/train/gt/austin36.tif
train_austin36_3584_3584,train,austin36.tif,austin,3584,3584,512,/kaggle/input/datasets/sagar100rathod/inria-aerial-image-labeling-dataset/AerialImageDataset/train/images/austin36.tif,/kaggle/input/datasets/sagar100rathod/inria-aerial-image-labeling-dataset/AerialImageDataset/train/gt/austin36.tif
train_austin36_4096_1536,train,austin36.tif,austin,1536,4096,512,/kaggle/input/datasets/sagar100rathod/inria-aerial-image-labeling-dataset/AerialImageDataset/train/images/austin36.tif,/kaggle/input/datasets/sagar100rathod/inria-aerial-image-labeling-dataset/AerialImageDataset/train/gt/austin36.tif
train_austin36_4096_2048,train,austin36.tif,austin,2048,4096,512,/kaggle/input/datasets/sagar100rathod/inria-aerial-image-labeling-dataset/AerialImageDataset/train/images/austin36.tif,/kaggle/input/datasets/sagar100rathod/inria-aerial-image-labeling-dataset/AerialImageDataset/train/gt/austin36.tif
train_austin4_512_512,train,austin4.tif,austin,512,512,512,/kaggle/input/datasets/sagar100rathod/inria-aerial-image-labeling-dataset/AerialImageDataset/train/images/austin4.tif,/kaggle/input/datasets/sagar100rathod/inria-aerial-image-labeling-dataset/AerialImageDataset/train/gt/austin4.tif
train_austin4_512_1024,train,austin4.tif,austin,1024,512,512,/kaggle/input/datasets/sagar100rathod/inria-aerial-image-labeling-dataset/AerialImageDataset/train/images/austin4.tif,/kaggle/input/datasets/sagar100rathod/inria-aerial-image-labeling-dataset/AerialImageDataset/train/gt/austin4.tif
train_austin4_512_2560,train,austin4.tif,austin,2560,512,512,/kaggle/input/datasets/sagar100rathod/inria-aerial-image-labeling-dataset/AerialImageDataset/train/images/austin4.tif,/kaggle/input/datasets/sagar100rathod/inria-aerial-image-labeling-dataset/AerialImageDataset/train/gt/austin4.tif
train_austin4_1024_1024,train,austin4.tif,austin,1024,1024,512,/kaggle/input/datasets/sagar100rathod/inria-aerial-image-labeling-dataset/AerialImageDataset/train/images/austin4.tif,/kaggle/input/datasets/sagar100rathod/inria-aerial-image-labeling-dataset/AerialImageDataset/train/gt/austin4.tif
train_austin4_1536_0,train,austin4.tif,austin,0,1536,512,/kaggle/input/datasets/sagar100rathod/inria-aerial-image-labeling-dataset/AerialImageDataset/train/images/austin4.tif,/kaggle/input/datasets/sagar100rathod/inria-aerial-image-labeling-dataset/AerialImageDataset/train/gt/austin4.tif
train_austin4_1536_512,train,austin4.tif,austin,512,1536,512,/kaggle/input/datasets/sagar100rathod/inria-aerial-image-labeling-dataset/AerialImageDataset/train/images/austin4.tif,/kaggle/input/datasets/sagar100rathod/inria-aerial-image-labeling-dataset/AerialImageDataset/train/gt/austin4.tif
train_austin4_3584_1536,train,austin4.tif,austin,1536,3584,512,/kaggle/input/datasets/sagar100rathod/inria-aerial-image-labeling-dataset/AerialImageDataset/train/images/austin4.tif,/kaggle/input/datasets/sagar100rathod/inria-aerial-image-labeling-dataset/AerialImageDataset/train/gt/austin4.tif
train_austin4_4096_0,train,austin4.tif,austin,0,4096,512,/kaggle/input/datasets/sagar100rathod/inria-aerial-image-labeling-dataset/AerialImageDataset/train/images/austin4.tif,/kaggle/input/datasets/sagar100rathod/inria-aerial-image-labeling-dataset/AerialImageDataset/train/gt/austin4.tif
train_austin4_4096_1024,train,austin4.tif,austin,1024,4096,512,/kaggle/input/datasets/sagar100rathod/inria-aerial-image-labeling-dataset/AerialImageDataset/train/images/austin4.tif,/kaggle/input/datasets/sagar100rathod/inria-aerial-image-labeling-dataset/AerialImageDataset/train/gt/austin4.tif
train_austin6_0_3584,train,austin6.tif,austin,3584,0,512,/kaggle/input/datasets/sagar100rathod/inria-aerial-image-labeling-dataset/AerialImageDataset/train/images/austin6.tif,/kaggle/input/datasets/sagar100rathod/inria-aerial-image-labeling-dataset/AerialImageDataset/train/gt/austin6.tif
train_austin6_512_0,train,austin6.tif,austin,0,512,512,/kaggle/input/datasets/sagar100rathod/inria-aerial-image-labeling-dataset/AerialImageDataset/train/images/austin6.tif,/kaggle/input/datasets/sagar100rathod/inria-aerial-image-labeling-dataset/AerialImageDataset/train/gt/austin6.tif
train_austin6_512_512,train,austin6.tif,austin,512,512,512,/kaggle/input/datasets/sagar100rathod/inria-aerial-image-labeling-dataset/AerialImageDataset/train/images/austin6.tif,/kaggle/input/datasets/sagar100rathod/inria-aerial-image-labeling-dataset/AerialImageDataset/train/gt/austin6.tif
train_austin6_1024_0,train,austin6.tif,austin,0,1024,512,/kaggle/input/datasets/sagar100rathod/inria-aerial-image-labeling-dataset/AerialImageDataset/train/images/austin6.tif,/kaggle/input/datasets/sagar100rathod/inria-aerial-image-labeling-dataset/AerialImageDataset/train/gt/austin6.tif
train_austin6_1024_1536,train,austin6.tif,austin,1536,1024,512,/kaggle/input/datasets/sagar100rathod/inria-aerial-image-labeling-dataset/AerialImageDataset/train/images/austin6.tif,/kaggle/input/datasets/sagar100rathod/inria-aerial-image-labeling-dataset/AerialImageDataset/train/gt/austin6.tif
train_austin6_1024_2560,train,austin6.tif,austin,2560,1024,512,/kaggle/input/datasets/sagar100rathod/inria-aerial-image-labeling-dataset/AerialImageDataset/train/images/austin6.tif,/kaggle/input/datasets/sagar100rathod/inria-aerial-image-labeling-dataset/AerialImageDataset/train/gt/austin6.tif
train_austin6_1536_0,train,austin6.tif,austin,0,1536,512,/kaggle/input/datasets/sagar100rathod/inria-aerial-image-labeling-dataset/AerialImageDataset/train/images/austin6.tif,/kaggle/input/datasets/sagar100rathod/inria-aerial-image-labeling-dataset/AerialImageDataset/train/gt/austin6.tif
train_austin6_2048_512,train,austin6.tif,austin,512,2048,512,/kaggle/input/datasets/sagar100rathod/inria-aerial-image-labeling-dataset/AerialImageDataset/train/images/austin6.tif,/kaggle/input/datasets/sagar100rathod/inria-aerial-image-labeling-dataset/AerialImageDataset/train/gt/austin6.tif
train_austin6_2560_0,train,austin6.tif,austin,0,2560,512,/kaggle/input/datasets/sagar100rathod/inria-aerial-image-labeling-dataset/AerialImageDataset/train/images/austin6.tif,/kaggle/input/datasets/sagar100rathod/inria-aerial-image-labeling-dataset/AerialImageDataset/train/gt/austin6.tif
train_austin6_2560_2560,train,austin6.tif,austin,2560,2560,512,/kaggle/input/datasets/sagar100rathod/inria-aerial-image-labeling-dataset/AerialImageDataset/train/images/austin6.tif,/kaggle/input/datasets/sagar100rathod/inria-aerial-image-labeling-dataset/AerialImageDataset/train/gt/austin6.tif
train_austin6_3072_3584,train,austin6.tif,austin,3584,3072,512,/kaggle/input/datasets/sagar100rathod/inria-aerial-image-labeling-dataset/AerialImageDataset/train/images/austin6.tif,/kaggle/input/datasets/sagar100rathod/inria-aerial-image-labeling-dataset/AerialImageDataset/train/gt/austin6.tif
train_austin7_0_1536,train,austin7.tif,austin,1536,0,512,/kaggle/input/datasets/sagar100rathod/inria-aerial-image-labeling-dataset/AerialImageDataset/train/images/austin7.tif,/kaggle/input/datasets/sagar100rathod/inria-aerial-image-labeling-dataset/AerialImageDataset/train/gt/austin7.tif
train_austin7_0_2048,train,austin7.tif,austin,2048,0,512,/kaggle/input/datasets/sagar100rathod/inria-aerial-image-labeling-dataset/AerialImageDataset/train/images/austin7.tif,/kaggle/input/datasets/sagar100rathod/inria-aerial-image-labeling-dataset/AerialImageDataset/train/gt/austin7.tif
train_austin7_0_3072,train,austin7.tif,austin,3072,0,512,/kaggle/input/datasets/sagar100rathod/inria-aerial-image-labeling-dataset/AerialImageDataset/train/images/austin7.tif,/kaggle/input/datasets/sagar100rathod/inria-aerial-image-labeling-dataset/AerialImageDataset/train/gt/austin7.tif
train_austin7_1536_512,train,austin7.tif,austin,512,1536,512,/kaggle/input/datasets/sagar100rathod/inria-aerial-image-labeling-dataset/AerialImageDataset/train/images/austin7.tif,/kaggle/input/datasets/sagar100rathod/inria-aerial-image-labeling-dataset/AerialImageDataset/train/gt/austin7.tif
train_austin7_1536_1536,train,austin7.tif,austin,1536,1536,512,/kaggle/input/datasets/sagar100rathod/inria-aerial-image-labeling-dataset/AerialImageDataset/train/images/austin7.tif,/kaggle/input/datasets/sagar100rathod/inria-aerial-image-labeling-dataset/AerialImageDataset/train/gt/austin7.tif
train_austin7_1536_2048,train,austin7.tif,austin,2048,1536,512,/kaggle/input/datasets/sagar100rathod/inria-aerial-image-labeling-dataset/AerialImageDataset/train/images/austin7.tif,/kaggle/input/datasets/sagar100rathod/inria-aerial-image-labeling-dataset/AerialImageDataset/train/gt/austin7.tif
train_austin7_2048_4096,train,austin7.tif,austin,4096,2048,512,/kaggle/input/datasets/sagar100rathod/inria-aerial-image-labeling-dataset/AerialImageDataset/train/images/austin7.tif,/kaggle/input/datasets/sagar100rathod/inria-aerial-image-labeling-dataset/AerialImageDataset/train/gt/austin7.tif
train_austin7_3072_0,train,austin7.tif,austin,0,3072,512,/kaggle/input/datasets/sagar100rathod/inria-aerial-image-labeling-dataset/AerialImageDataset/train/images/austin7.tif,/kaggle/input/datasets/sagar100rathod/inria-aerial-image-labeling-dataset/AerialImageDataset/train/gt/austin7.tif
train_austin7_3072_3584,train,austin7.tif,austin,3584,3072,512,/kaggle/input/datasets/sagar100rathod/inria-aerial-image-labeling-dataset/AerialImageDataset/train/images/austin7.tif,/kaggle/input/datasets/sagar100rathod/inria-aerial-image-labeling-dataset/AerialImageDataset/train/gt/austin7.tif
train_austin8_512_2560,train,austin8.tif,austin,2560,512,512,/kaggle/input/datasets/sagar100rathod/inria-aerial-image-labeling-dataset/AerialImageDataset/train/images/austin8.tif,/kaggle/input/datasets/sagar100rathod/inria-aerial-image-labeling-dataset/AerialImageDataset/train/gt/austin8.tif
train_austin8_512_3072,train,austin8.tif,austin,3072,512,512,/kaggle/input/datasets/sagar100rathod/inria-aerial-image-labeling-dataset/AerialImageDataset/train/images/austin8.tif,/kaggle/input/datasets/sagar100rathod/inria-aerial-image-labeling-dataset/AerialImageDataset/train/gt/austin8.tif
train_austin8_1536_4096,train,austin8.tif,austin,4096,1536,512,/kaggle/input/datasets/sagar100rathod/inria-aerial-image-labeling-dataset/AerialImageDataset/train/images/austin8.tif,/kaggle/input/datasets/sagar100rathod/inria-aerial-image-labeling-dataset/AerialImageDataset/train/gt/austin8.tif
train_austin8_2048_4096,train,austin8.tif,austin,4096,2048,512,/kaggle/input/datasets/sagar100rathod/inria-aerial-image-labeling-dataset/AerialImageDataset/train/images/austin8.tif,/kaggle/input/datasets/sagar100rathod/inria-aerial-image-labeling-dataset/AerialImageDataset/train/gt/austin8.tif
train_austin8_3072_3584,train,austin8.tif,austin,3584,3072,512,/kaggle/input/datasets/sagar100rathod/inria-aerial-image-labeling-dataset/AerialImageDataset/train/images/austin8.tif,/kaggle/input/datasets/sagar100rathod/inria-aerial-image-labeling-dataset/AerialImageDataset/train/gt/austin8.tif
train_austin8_4096_1024,train,austin8.tif,austin,1024,4096,512,/kaggle/input/datasets/sagar100rathod/inria-aerial-image-labeling-dataset/AerialImageDataset/train/images/austin8.tif,/kaggle/input/datasets/sagar100rathod/inria-aerial-image-labeling-dataset/AerialImageDataset/train/gt/austin8.tif
train_chicago1_0_4096,train,chicago1.tif,chicago,4096,0,512,/kaggle/input/datasets/sagar100rathod/inria-aerial-image-labeling-dataset/AerialImageDataset/train/images/chicago1.tif,/kaggle/input/datasets/sagar100rathod/inria-aerial-image-labeling-dataset/AerialImageDataset/train/gt/chicago1.tif
train_chicago10_512_512,train,chicago10.tif,chicago,512,512,512,/kaggle/input/datasets/sagar100rathod/inria-aerial-image-labeling-dataset/AerialImageDataset/train/images/chicago10.tif,/kaggle/input/datasets/sagar100rathod/inria-aerial-image-labeling-dataset/AerialImageDataset/train/gt/chicago10.tif
train_chicago10_512_1536,train,chicago10.tif,chicago,1536,512,512,/kaggle/input/datasets/sagar100rathod/inria-aerial-image-labeling-dataset/AerialImageDataset/train/images/chicago10.tif,/kaggle/input/datasets/sagar100rathod/inria-aerial-image-labeling-dataset/AerialImageDataset/train/gt/chicago10.tif
train_chicago10_2048_1024,train,chicago10.tif,chicago,1024,2048,512,/kaggle/input/datasets/sagar100rathod/inria-aerial-image-labeling-dataset/AerialImageDataset/train/images/chicago10.tif,/kaggle/input/datasets/sagar100rathod/inria-aerial-image-labeling-dataset/AerialImageDataset/train/gt/chicago10.tif
train_chicago10_2048_3072,train,chicago10.tif,chicago,3072,2048,512,/kaggle/input/datasets/sagar100rathod/inria-aerial-image-labeling-dataset/AerialImageDataset/train/images/chicago10.tif,/kaggle/input/datasets/sagar100rathod/inria-aerial-image-labeling-dataset/AerialImageDataset/train/gt/chicago10.tif
train_chicago10_2560_0,train,chicago10.tif,chicago,0,2560,512,/kaggle/input/datasets/sagar100rathod/inria-aerial-image-labeling-dataset/AerialImageDataset/train/images/chicago10.tif,/kaggle/input/datasets/sagar100rathod/inria-aerial-image-labeling-dataset/AerialImageDataset/train/gt/chicago10.tif
train_chicago10_2560_2048,train,chicago10.tif,chicago,2048,2560,512,/kaggle/input/datasets/sagar100rathod/inria-aerial-image-labeling-dataset/AerialImageDataset/train/images/chicago10.tif,/kaggle/input/datasets/sagar100rathod/inria-aerial-image-labeling-dataset/AerialImageDataset/train/gt/chicago10.tif
train_chicago10_3072_512,train,chicago10.tif,chicago,512,3072,512,/kaggle/input/datasets/sagar100rathod/inria-aerial-image-labeling-dataset/AerialImageDataset/train/images/chicago10.tif,/kaggle/input/datasets/sagar100rathod/inria-aerial-image-labeling-dataset/AerialImageDataset/train/gt/chicago10.tif
train_chicago10_3072_4096,train,chicago10.tif,chicago,4096,3072,512,/kaggle/input/datasets/sagar100rathod/inria-aerial-image-labeling-dataset/AerialImageDataset/train/images/chicago10.tif,/kaggle/input/datasets/sagar100rathod/inria-aerial-image-labeling-dataset/AerialImageDataset/train/gt/chicago10.tif
train_chicago10_4096_512,train,chicago10.tif,chicago,512,4096,512,/kaggle/input/datasets/sagar100rathod/inria-aerial-image-labeling-dataset/AerialImageDataset/train/images/chicago10.tif,/kaggle/input/datasets/sagar100rathod/inria-aerial-image-labeling-dataset/AerialImageDataset/train/gt/chicago10.tif
train_chicago10_4096_2560,train,chicago10.tif,chicago,2560,4096,512,/kaggle/input/datasets/sagar100rathod/inria-aerial-image-labeling-dataset/AerialImageDataset/train/images/chicago10.tif,/kaggle/input/datasets/sagar100rathod/inria-aerial-image-labeling-dataset/AerialImageDataset/train/gt/chicago10.tif
train_chicago10_4096_3584,train,chicago10.tif,chicago,3584,4096,512,/kaggle/input/datasets/sagar100rathod/inria-aerial-image-labeling-dataset/AerialImageDataset/train/images/chicago10.tif,/kaggle/input/datasets/sagar100rathod/inria-aerial-image-labeling-dataset/AerialImageDataset/train/gt/chicago10.tif
train_chicago11_0_3072,train,chicago11.tif,chicago,3072,0,512,/kaggle/input/datasets/sagar100rathod/inria-aerial-image-labeling-dataset/AerialImageDataset/train/images/chicago11.tif,/kaggle/input/datasets/sagar100rathod/inria-aerial-image-labeling-dataset/AerialImageDataset/train/gt/chicago11.tif
train_chicago11_1536_4096,train,chicago11.tif,chicago,4096,1536,512,/kaggle/input/datasets/sagar100rathod/inria-aerial-image-labeling-dataset/AerialImageDataset/train/images/chicago11.tif,/kaggle/input/datasets/sagar100rathod/inria-aerial-image-labeling-dataset/AerialImageDataset/train/gt/chicago11.tif
train_chicago11_2048_512,train,chicago11.tif,chicago,512,2048,512,/kaggle/input/datasets/sagar100rathod/inria-aerial-image-labeling-dataset/AerialImageDataset/train/images/chicago11.tif,/kaggle/input/datasets/sagar100rathod/inria-aerial-image-labeling-dataset/AerialImageDataset/train/gt/chicago11.tif
train_chicago11_2560_4096,train,chicago11.tif,chicago,4096,2560,512,/kaggle/input/datasets/sagar100rathod/inria-aerial-image-labeling-dataset/AerialImageDataset/train/images/chicago11.tif,/kaggle/input/datasets/sagar100rathod/inria-aerial-image-labeling-dataset/AerialImageDataset/train/gt/chicago11.tif
train_chicago11_3072_1536,train,chicago11.tif,chicago,1536,3072,512,/kaggle/input/datasets/sagar100rathod/inria-aerial-image-labeling-dataset/AerialImageDataset/train/images/chicago11.tif,/kaggle/input/datasets/sagar100rathod/inria-aerial-image-labeling-dataset/AerialImageDataset/train/gt/chicago11.tif
train_chicago11_3072_3584,train,chicago11.tif,chicago,3584,3072,512,/kaggle/input/datasets/sagar100rathod/inria-aerial-image-labeling-dataset/AerialImageDataset/train/images/chicago11.tif,/kaggle/input/datasets/sagar100rathod/inria-aerial-image-labeling-dataset/AerialImageDataset/train/gt/chicago11.tif
train_chicago11_3584_2048,train,chicago11.tif,chicago,2048,3584,512,/kaggle/input/datasets/sagar100rathod/inria-aerial-image-labeling-dataset/AerialImageDataset/train/images/chicago11.tif,/kaggle/input/datasets/sagar100rathod/inria-aerial-image-labeling-dataset/AerialImageDataset/train/gt/chicago11.tif
train_chicago14_0_1024,train,chicago14.tif,chicago,1024,0,512,/kaggle/input/datasets/sagar100rathod/inria-aerial-image-labeling-dataset/AerialImageDataset/train/images/chicago14.tif,/kaggle/input/datasets/sagar100rathod/inria-aerial-image-labeling-dataset/AerialImageDataset/train/gt/chicago14.tif
train_chicago14_512_2560,train,chicago14.tif,chicago,2560,512,512,/kaggle/input/datasets/sagar100rathod/inria-aerial-image-labeling-dataset/AerialImageDataset/train/images/chicago14.tif,/kaggle/input/datasets/sagar100rathod/inria-aerial-image-labeling-dataset/AerialImageDataset/train/gt/chicago14.tif
train_chicago14_512_3584,train,chicago14.tif,chicago,3584,512,512,/kaggle/input/datasets/sagar100rathod/inria-aerial-image-labeling-dataset/AerialImageDataset/train/images/chicago14.tif,/kaggle/input/datasets/sagar100rathod/inria-aerial-image-labeling-dataset/AerialImageDataset/train/gt/chicago14.tif
train_chicago14_2048_512,train,chicago14.tif,chicago,512,2048,512,/kaggle/input/datasets/sagar100rathod/inria-aerial-image-labeling-dataset/AerialImageDataset/train/images/chicago14.tif,/kaggle/input/datasets/sagar100rathod/inria-aerial-image-labeling-dataset/AerialImageDataset/train/gt/chicago14.tif
train_chicago14_2560_512,train,chicago14.tif,chicago,512,2560,512,/kaggle/input/datasets/sagar100rathod/inria-aerial-image-labeling-dataset/AerialImageDataset/train/images/chicago14.tif,/kaggle/input/datasets/sagar100rathod/inria-aerial-image-labeling-dataset/AerialImageDataset/train/gt/chicago14.tif
train_chicago14_3584_2048,train,chicago14.tif,chicago,2048,3584,512,/kaggle/input/datasets/sagar100rathod/inria-aerial-image-labeling-dataset/AerialImageDataset/train/images/chicago14.tif,/kaggle/input/datasets/sagar100rathod/inria-aerial-image-labeling-dataset/AerialImageDataset/train/gt/chicago14.tif
train_chicago14_4096_512,train,chicago14.tif,chicago,512,4096,512,/kaggle/input/datasets/sagar100rathod/inria-aerial-image-labeling-dataset/AerialImageDataset/train/images/chicago14.tif,/kaggle/input/datasets/sagar100rathod/inria-aerial-image-labeling-dataset/AerialImageDataset/train/gt/chicago14.tif
train_chicago15_0_3584,train,chicago15.tif,chicago,3584,0,512,/kaggle/input/datasets/sagar100rathod/inria-aerial-image-labeling-dataset/AerialImageDataset/train/images/chicago15.tif,/kaggle/input/datasets/sagar100rathod/inria-aerial-image-labeling-dataset/AerialImageDataset/train/gt/chicago15.tif
train_chicago15_1536_3072,train,chicago15.tif,chicago,3072,1536,512,/kaggle/input/datasets/sagar100rathod/inria-aerial-image-labeling-dataset/AerialImageDataset/train/images/chicago15.tif,/kaggle/input/datasets/sagar100rathod/inria-aerial-image-labeling-dataset/AerialImageDataset/train/gt/chicago15.tif
train_chicago15_2048_4096,train,chicago15.tif,chicago,4096,2048,512,/kaggle/input/datasets/sagar100rathod/inria-aerial-image-labeling-dataset/AerialImageDataset/train/images/chicago15.tif,/kaggle/input/datasets/sagar100rathod/inria-aerial-image-labeling-dataset/AerialImageDataset/train/gt/chicago15.tif
train_chicago15_2560_0,train,chicago15.tif,chicago,0,2560,512,/kaggle/input/datasets/sagar100rathod/inria-aerial-image-labeling-dataset/AerialImageDataset/train/images/chicago15.tif,/kaggle/input/datasets/sagar100rathod/inria-aerial-image-labeling-dataset/AerialImageDataset/train/gt/chicago15.tif
train_chicago15_2560_2048,train,chicago15.tif,chicago,2048,2560,512,/kaggle/input/datasets/sagar100rathod/inria-aerial-image-labeling-dataset/AerialImageDataset/train/images/chicago15.tif,/kaggle/input/datasets/sagar100rathod/inria-aerial-image-labeling-dataset/AerialImageDataset/train/gt/chicago15.tif
train_chicago15_3072_2560,train,chicago15.tif,chicago,2560,3072,512,/kaggle/input/datasets/sagar100rathod/inria-aerial-image-labeling-dataset/AerialImageDataset/train/images/chicago15.tif,/kaggle/input/datasets/sagar100rathod/inria-aerial-image-labeling-dataset/AerialImageDataset/train/gt/chicago15.tif
train_chicago15_3584_4096,train,chicago15.tif,chicago,4096,3584,512,/kaggle/input/datasets/sagar100rathod/inria-aerial-image-labeling-dataset/AerialImageDataset/train/images/chicago15.tif,/kaggle/input/datasets/sagar100rathod/inria-aerial-image-labeling-dataset/AerialImageDataset/train/gt/chicago15.tif
train_chicago15_4096_3072,train,chicago15.tif,chicago,3072,4096,512,/kaggle/input/datasets/sagar100rathod/inria-aerial-image-labeling-dataset/AerialImageDataset/train/images/chicago15.tif,/kaggle/input/datasets/sagar100rathod/inria-aerial-image-labeling-dataset/AerialImageDataset/train/gt/chicago15.tif
train_chicago16_0_512,train,chicago16.tif,chicago,512,0,512,/kaggle/input/datasets/sagar100rathod/inria-aerial-image-labeling-dataset/AerialImageDataset/train/images/chicago16.tif,/kaggle/input/datasets/sagar100rathod/inria-aerial-image-labeling-dataset/AerialImageDataset/train/gt/chicago16.tif
train_chicago16_0_3072,train,chicago16.tif,chicago,3072,0,512,/kaggle/input/datasets/sagar100rathod/inria-aerial-image-labeling-dataset/AerialImageDataset/train/images/chicago16.tif,/kaggle/input/datasets/sagar100rathod/inria-aerial-image-labeling-dataset/AerialImageDataset/train/gt/chicago16.tif
train_chicago16_512_1024,train,chicago16.tif,chicago,1024,512,512,/kaggle/input/datasets/sagar100rathod/inria-aerial-image-labeling-dataset/AerialImageDataset/train/images/chicago16.tif,/kaggle/input/datasets/sagar100rathod/inria-aerial-image-labeling-dataset/AerialImageDataset/train/gt/chicago16.tif
train_chicago16_512_1536,train,chicago16.tif,chicago,1536,512,512,/kaggle/input/datasets/sagar100rathod/inria-aerial-image-labeling-dataset/AerialImageDataset/train/images/chicago16.tif,/kaggle/input/datasets/sagar100rathod/inria-aerial-image-labeling-dataset/AerialImageDataset/train/gt/chicago16.tif
train_chicago16_1536_1536,train,chicago16.tif,chicago,1536,1536,512,/kaggle/input/datasets/sagar100rathod/inria-aerial-image-labeling-dataset/AerialImageDataset/train/images/chicago16.tif,/kaggle/input/datasets/sagar100rathod/inria-aerial-image-labeling-dataset/AerialImageDataset/train/gt/chicago16.tif
train_chicago16_1536_3072,train,chicago16.tif,chicago,3072,1536,512,/kaggle/input/datasets/sagar100rathod/inria-aerial-image-labeling-dataset/AerialImageDataset/train/images/chicago16.tif,/kaggle/input/datasets/sagar100rathod/inria-aerial-image-labeling-dataset/AerialImageDataset/train/gt/chicago16.tif
train_chicago16_3584_1536,train,chicago16.tif,chicago,1536,3584,512,/kaggle/input/datasets/sagar100rathod/inria-aerial-image-labeling-dataset/AerialImageDataset/train/images/chicago16.tif,/kaggle/input/datasets/sagar100rathod/inria-aerial-image-labeling-dataset/AerialImageDataset/train/gt/chicago16.tif
train_chicago16_3584_2560,train,chicago16.tif,chicago,2560,3584,512,/kaggle/input/datasets/sagar100rathod/inria-aerial-image-labeling-dataset/AerialImageDataset/train/images/chicago16.tif,/kaggle/input/datasets/sagar100rathod/inria-aerial-image-labeling-dataset/AerialImageDataset/train/gt/chicago16.tif
train_chicago16_4096_3584,train,chicago16.tif,chicago,3584,4096,512,/kaggle/input/datasets/sagar100rathod/inria-aerial-image-labeling-dataset/AerialImageDataset/train/images/chicago16.tif,/kaggle/input/datasets/sagar100rathod/inria-aerial-image-labeling-dataset/AerialImageDataset/train/gt/chicago16.tif
train_chicago17_0_1536,train,chicago17.tif,chicago,1536,0,512,/kaggle/input/datasets/sagar100rathod/inria-aerial-image-labeling-dataset/AerialImageDataset/train/images/chicago17.tif,/kaggle/input/datasets/sagar100rathod/inria-aerial-image-labeling-dataset/AerialImageDataset/train/gt/chicago17.tif
train_chicago17_0_3072,train,chicago17.tif,chicago,3072,0,512,/kaggle/input/datasets/sagar100rathod/inria-aerial-image-labeling-dataset/AerialImageDataset/train/images/chicago17.tif,/kaggle/input/datasets/sagar100rathod/inria-aerial-image-labeling-dataset/AerialImageDataset/train/gt/chicago17.tif
train_chicago17_512_0,train,chicago17.tif,chicago,0,512,512,/kaggle/input/datasets/sagar100rathod/inria-aerial-image-labeling-dataset/AerialImageDataset/train/images/chicago17.tif,/kaggle/input/datasets/sagar100rathod/inria-aerial-image-labeling-dataset/AerialImageDataset/train/gt/chicago17.tif
train_chicago17_1024_0,train,chicago17.tif,chicago,0,1024,512,/kaggle/input/datasets/sagar100rathod/inria-aerial-image-labeling-dataset/AerialImageDataset/train/images/chicago17.tif,/kaggle/input/datasets/sagar100rathod/inria-aerial-image-labeling-dataset/AerialImageDataset/train/gt/chicago17.tif
train_chicago17_1024_512,train,chicago17.tif,chicago,512,1024,512,/kaggle/input/datasets/sagar100rathod/inria-aerial-image-labeling-dataset/AerialImageDataset/train/images/chicago17.tif,/kaggle/input/datasets/sagar100rathod/inria-aerial-image-labeling-dataset/AerialImageDataset/train/gt/chicago17.tif
train_chicago17_1024_1024,train,chicago17.tif,chicago,1024,1024,512,/kaggle/input/datasets/sagar100rathod/inria-aerial-image-labeling-dataset/AerialImageDataset/train/images/chicago17.tif,/kaggle/input/datasets/sagar100rathod/inria-aerial-image-labeling-dataset/AerialImageDataset/train/gt/chicago17.tif
train_chicago17_1024_3072,train,chicago17.tif,chicago,3072,1024,512,/kaggle/input/datasets/sagar100rathod/inria-aerial-image-labeling-dataset/AerialImageDataset/train/images/chicago17.tif,/kaggle/input/datasets/sagar100rathod/inria-aerial-image-labeling-dataset/AerialImageDataset/train/gt/chicago17.tif
train_chicago17_2560_4096,train,chicago17.tif,chicago,4096,2560,512,/kaggle/input/datasets/sagar100rathod/inria-aerial-image-labeling-dataset/AerialImageDataset/train/images/chicago17.tif,/kaggle/input/datasets/sagar100rathod/inria-aerial-image-labeling-dataset/AerialImageDataset/train/gt/chicago17.tif
train_chicago17_3072_1536,train,chicago17.tif,chicago,1536,3072,512,/kaggle/input/datasets/sagar100rathod/inria-aerial-image-labeling-dataset/AerialImageDataset/train/images/chicago17.tif,/kaggle/input/datasets/sagar100rathod/inria-aerial-image-labeling-dataset/AerialImageDataset/train/gt/chicago17.tif
train_chicago17_3072_3072,train,chicago17.tif,chicago,3072,3072,512,/kaggle/input/datasets/sagar100rathod/inria-aerial-image-labeling-dataset/AerialImageDataset/train/images/chicago17.tif,/kaggle/input/datasets/sagar100rathod/inria-aerial-image-labeling-dataset/AerialImageDataset/train/gt/chicago17.tif
train_chicago17_3072_3584,train,chicago17.tif,chicago,3584,3072,512,/kaggle/input/datasets/sagar100rathod/inria-aerial-image-labeling-dataset/AerialImageDataset/train/images/chicago17.tif,/kaggle/input/datasets/sagar100rathod/inria-aerial-image-labeling-dataset/AerialImageDataset/train/gt/chicago17.tif
train_chicago18_0_2560,train,chicago18.tif,chicago,2560,0,512,/kaggle/input/datasets/sagar100rathod/inria-aerial-image-labeling-dataset/AerialImageDataset/train/images/chicago18.tif,/kaggle/input/datasets/sagar100rathod/inria-aerial-image-labeling-dataset/AerialImageDataset/train/gt/chicago18.tif
train_chicago18_1536_1024,train,chicago18.tif,chicago,1024,1536,512,/kaggle/input/datasets/sagar100rathod/inria-aerial-image-labeling-dataset/AerialImageDataset/train/images/chicago18.tif,/kaggle/input/datasets/sagar100rathod/inria-aerial-image-labeling-dataset/AerialImageDataset/train/gt/chicago18.tif
train_chicago18_1536_1536,train,chicago18.tif,chicago,1536,1536,512,/kaggle/input/datasets/sagar100rathod/inria-aerial-image-labeling-dataset/AerialImageDataset/train/images/chicago18.tif,/kaggle/input/datasets/sagar100rathod/inria-aerial-image-labeling-dataset/AerialImageDataset/train/gt/chicago18.tif
train_chicago18_1536_2560,train,chicago18.tif,chicago,2560,1536,512,/kaggle/input/datasets/sagar100rathod/inria-aerial-image-labeling-dataset/AerialImageDataset/train/images/chicago18.tif,/kaggle/input/datasets/sagar100rathod/inria-aerial-image-labeling-dataset/AerialImageDataset/train/gt/chicago18.tif
train_chicago18_1536_3072,train,chicago18.tif,chicago,3072,1536,512,/kaggle/input/datasets/sagar100rathod/inria-aerial-image-labeling-dataset/AerialImageDataset/train/images/chicago18.tif,/kaggle/input/datasets/sagar100rathod/inria-aerial-image-labeling-dataset/AerialImageDataset/train/gt/chicago18.tif
train_chicago18_2560_3072,train,chicago18.tif,chicago,3072,2560,512,/kaggle/input/datasets/sagar100rathod/inria-aerial-image-labeling-dataset/AerialImageDataset/train/images/chicago18.tif,/kaggle/input/datasets/sagar100rathod/inria-aerial-image-labeling-dataset/AerialImageDataset/train/gt/chicago18.tif
train_chicago18_3584_3072,train,chicago18.tif,chicago,3072,3584,512,/kaggle/input/datasets/sagar100rathod/inria-aerial-image-labeling-dataset/AerialImageDataset/train/images/chicago18.tif,/kaggle/input/datasets/sagar100rathod/inria-aerial-image-labeling-dataset/AerialImageDataset/train/gt/chicago18.tif
train_chicago18_4096_0,train,chicago18.tif,chicago,0,4096,512,/kaggle/input/datasets/sagar100rathod/inria-aerial-image-labeling-dataset/AerialImageDataset/train/images/chicago18.tif,/kaggle/input/datasets/sagar100rathod/inria-aerial-image-labeling-dataset/AerialImageDataset/train/gt/chicago18.tif
train_chicago19_0_512,train,chicago19.tif,chicago,512,0,512,/kaggle/input/datasets/sagar100rathod/inria-aerial-image-labeling-dataset/AerialImageDataset/train/images/chicago19.tif,/kaggle/input/datasets/sagar100rathod/inria-aerial-image-labeling-dataset/AerialImageDataset/train/gt/chicago19.tif
train_chicago19_1024_0,train,chicago19.tif,chicago,0,1024,512,/kaggle/input/datasets/sagar100rathod/inria-aerial-image-labeling-dataset/AerialImageDataset/train/images/chicago19.tif,/kaggle/input/datasets/sagar100rathod/inria-aerial-image-labeling-dataset/AerialImageDataset/train/gt/chicago19.tif
train_chicago19_1024_1536,train,chicago19.tif,chicago,1536,1024,512,/kaggle/input/datasets/sagar100rathod/inria-aerial-image-labeling-dataset/AerialImageDataset/train/images/chicago19.tif,/kaggle/input/datasets/sagar100rathod/inria-aerial-image-labeling-dataset/AerialImageDataset/train/gt/chicago19.tif
train_chicago19_1536_4096,train,chicago19.tif,chicago,4096,1536,512,/kaggle/input/datasets/sagar100rathod/inria-aerial-image-labeling-dataset/AerialImageDataset/train/images/chicago19.tif,/kaggle/input/datasets/sagar100rathod/inria-aerial-image-labeling-dataset/AerialImageDataset/train/gt/chicago19.tif
train_chicago19_2048_3072,train,chicago19.tif,chicago,3072,2048,512,/kaggle/input/datasets/sagar100rathod/inria-aerial-image-labeling-dataset/AerialImageDataset/train/images/chicago19.tif,/kaggle/input/datasets/sagar100rathod/inria-aerial-image-labeling-dataset/AerialImageDataset/train/gt/chicago19.tif
train_chicago19_2560_4096,train,chicago19.tif,chicago,4096,2560,512,/kaggle/input/datasets/sagar100rathod/inria-aerial-image-labeling-dataset/AerialImageDataset/train/images/chicago19.tif,/kaggle/input/datasets/sagar100rathod/inria-aerial-image-labeling-dataset/AerialImageDataset/train/gt/chicago19.tif
train_chicago19_4096_4096,train,chicago19.tif,chicago,4096,4096,512,/kaggle/input/datasets/sagar100rathod/inria-aerial-image-labeling-dataset/AerialImageDataset/train/images/chicago19.tif,/kaggle/input/datasets/sagar100rathod/inria-aerial-image-labeling-dataset/AerialImageDataset/train/gt/chicago19.tif
train_chicago2_0_512,train,chicago2.tif,chicago,512,0,512,/kaggle/input/datasets/sagar100rathod/inria-aerial-image-labeling-dataset/AerialImageDataset/train/images/chicago2.tif,/kaggle/input/datasets/sagar100rathod/inria-aerial-image-labeling-dataset/AerialImageDataset/train/gt/chicago2.tif
train_chicago2_0_2560,train,chicago2.tif,chicago,2560,0,512,/kaggle/input/datasets/sagar100rathod/inria-aerial-image-labeling-dataset/AerialImageDataset/train/images/chicago2.tif,/kaggle/input/datasets/sagar100rathod/inria-aerial-image-labeling-dataset/AerialImageDataset/train/gt/chicago2.tif
train_chicago2_0_4096,train,chicago2.tif,chicago,4096,0,512,/kaggle/input/datasets/sagar100rathod/inria-aerial-image-labeling-dataset/AerialImageDataset/train/images/chicago2.tif,/kaggle/input/datasets/sagar100rathod/inria-aerial-image-labeling-dataset/AerialImageDataset/train/gt/chicago2.tif
train_chicago2_512_3072,train,chicago2.tif,chicago,3072,512,512,/kaggle/input/datasets/sagar100rathod/inria-aerial-image-labeling-dataset/AerialImageDataset/train/images/chicago2.tif,/kaggle/input/datasets/sagar100rathod/inria-aerial-image-labeling-dataset/AerialImageDataset/train/gt/chicago2.tif
train_chicago2_1024_0,train,chicago2.tif,chicago,0,1024,512,/kaggle/input/datasets/sagar100rathod/inria-aerial-image-labeling-dataset/AerialImageDataset/train/images/chicago2.tif,/kaggle/input/datasets/sagar100rathod/inria-aerial-image-labeling-dataset/AerialImageDataset/train/gt/chicago2.tif
train_chicago2_1024_1024,train,chicago2.tif,chicago,1024,1024,512,/kaggle/input/datasets/sagar100rathod/inria-aerial-image-labeling-dataset/AerialImageDataset/train/images/chicago2.tif,/kaggle/input/datasets/sagar100rathod/inria-aerial-image-labeling-dataset/AerialImageDataset/train/gt/chicago2.tif
train_chicago2_2048_1024,train,chicago2.tif,chicago,1024,2048,512,/kaggle/input/datasets/sagar100rathod/inria-aerial-image-labeling-dataset/AerialImageDataset/train/images/chicago2.tif,/kaggle/input/datasets/sagar100rathod/inria-aerial-image-labeling-dataset/AerialImageDataset/train/gt/chicago2.tif
train_chicago2_3072_1024,train,chicago2.tif,chicago,1024,3072,512,/kaggle/input/datasets/sagar100rathod/inria-aerial-image-labeling-dataset/AerialImageDataset/train/images/chicago2.tif,/kaggle/input/datasets/sagar100rathod/inria-aerial-image-labeling-dataset/AerialImageDataset/train/gt/chicago2.tif
train_chicago2_3072_3072,train,chicago2.tif,chicago,3072,3072,512,/kaggle/input/datasets/sagar100rathod/inria-aerial-image-labeling-dataset/AerialImageDataset/train/images/chicago2.tif,/kaggle/input/datasets/sagar100rathod/inria-aerial-image-labeling-dataset/AerialImageDataset/train/gt/chicago2.tif
train_chicago2_3072_4096,train,chicago2.tif,chicago,4096,3072,512,/kaggle/input/datasets/sagar100rathod/inria-aerial-image-labeling-dataset/AerialImageDataset/train/images/chicago2.tif,/kaggle/input/datasets/sagar100rathod/inria-aerial-image-labeling-dataset/AerialImageDataset/train/gt/chicago2.tif
train_chicago2_4096_0,train,chicago2.tif,chicago,0,4096,512,/kaggle/input/datasets/sagar100rathod/inria-aerial-image-labeling-dataset/AerialImageDataset/train/images/chicago2.tif,/kaggle/input/datasets/sagar100rathod/inria-aerial-image-labeling-dataset/AerialImageDataset/train/gt/chicago2.tif
train_chicago2_4096_512,train,chicago2.tif,chicago,512,4096,512,/kaggle/input/datasets/sagar100rathod/inria-aerial-image-labeling-dataset/AerialImageDataset/train/images/chicago2.tif,/kaggle/input/datasets/sagar100rathod/inria-aerial-image-labeling-dataset/AerialImageDataset/train/gt/chicago2.tif
train_chicago20_0_2048,train,chicago20.tif,chicago,2048,0,512,/kaggle/input/datasets/sagar100rathod/inria-aerial-image-labeling-dataset/AerialImageDataset/train/images/chicago20.tif,/kaggle/input/datasets/sagar100rathod/inria-aerial-image-labeling-dataset/AerialImageDataset/train/gt/chicago20.tif
train_chicago20_1024_1536,train,chicago20.tif,chicago,1536,1024,512,/kaggle/input/datasets/sagar100rathod/inria-aerial-image-labeling-dataset/AerialImageDataset/train/images/chicago20.tif,/kaggle/input/datasets/sagar100rathod/inria-aerial-image-labeling-dataset/AerialImageDataset/train/gt/chicago20.tif
train_chicago20_1536_3584,train,chicago20.tif,chicago,3584,1536,512,/kaggle/input/datasets/sagar100rathod/inria-aerial-image-labeling-dataset/AerialImageDataset/train/images/chicago20.tif,/kaggle/input/datasets/sagar100rathod/inria-aerial-image-labeling-dataset/AerialImageDataset/train/gt/chicago20.tif
train_chicago20_2048_1536,train,chicago20.tif,chicago,1536,2048,512,/kaggle/input/datasets/sagar100rathod/inria-aerial-image-labeling-dataset/AerialImageDataset/train/images/chicago20.tif,/kaggle/input/datasets/sagar100rathod/inria-aerial-image-labeling-dataset/AerialImageDataset/train/gt/chicago20.tif
train_chicago20_2560_3584,train,chicago20.tif,chicago,3584,2560,512,/kaggle/input/datasets/sagar100rathod/inria-aerial-image-labeling-dataset/AerialImageDataset/train/images/chicago20.tif,/kaggle/input/datasets/sagar100rathod/inria-aerial-image-labeling-dataset/AerialImageDataset/train/gt/chicago20.tif
train_chicago20_3584_1536,train,chicago20.tif,chicago,1536,3584,512,/kaggle/input/datasets/sagar100rathod/inria-aerial-image-labeling-dataset/AerialImageDataset/train/images/chicago20.tif,/kaggle/input/datasets/sagar100rathod/inria-aerial-image-labeling-dataset/AerialImageDataset/train/gt/chicago20.tif
train_chicago20_4096_512,train,chicago20.tif,chicago,512,4096,512,/kaggle/input/datasets/sagar100rathod/inria-aerial-image-labeling-dataset/AerialImageDataset/train/images/chicago20.tif,/kaggle/input/datasets/sagar100rathod/inria-aerial-image-labeling-dataset/AerialImageDataset/train/gt/chicago20.tif
train_chicago23_512_0,train,chicago23.tif,chicago,0,512,512,/kaggle/input/datasets/sagar100rathod/inria-aerial-image-labeling-dataset/AerialImageDataset/train/images/chicago23.tif,/kaggle/input/datasets/sagar100rathod/inria-aerial-image-labeling-dataset/AerialImageDataset/train/gt/chicago23.tif
train_chicago23_512_2048,train,chicago23.tif,chicago,2048,512,512,/kaggle/input/datasets/sagar100rathod/inria-aerial-image-labeling-dataset/AerialImageDataset/train/images/chicago23.tif,/kaggle/input/datasets/sagar100rathod/inria-aerial-image-labeling-dataset/AerialImageDataset/train/gt/chicago23.tif
train_chicago23_512_2560,train,chicago23.tif,chicago,2560,512,512,/kaggle/input/datasets/sagar100rathod/inria-aerial-image-labeling-dataset/AerialImageDataset/train/images/chicago23.tif,/kaggle/input/datasets/sagar100rathod/inria-aerial-image-labeling-dataset/AerialImageDataset/train/gt/chicago23.tif
train_chicago23_1024_3584,train,chicago23.tif,chicago,3584,1024,512,/kaggle/input/datasets/sagar100rathod/inria-aerial-image-labeling-dataset/AerialImageDataset/train/images/chicago23.tif,/kaggle/input/datasets/sagar100rathod/inria-aerial-image-labeling-dataset/AerialImageDataset/train/gt/chicago23.tif
train_chicago23_1536_512,train,chicago23.tif,chicago,512,1536,512,/kaggle/input/datasets/sagar100rathod/inria-aerial-image-labeling-dataset/AerialImageDataset/train/images/chicago23.tif,/kaggle/input/datasets/sagar100rathod/inria-aerial-image-labeling-dataset/AerialImageDataset/train/gt/chicago23.tif
train_chicago23_2048_1024,train,chicago23.tif,chicago,1024,2048,512,/kaggle/input/datasets/sagar100rathod/inria-aerial-image-labeling-dataset/AerialImageDataset/train/images/chicago23.tif,/kaggle/input/datasets/sagar100rathod/inria-aerial-image-labeling-dataset/AerialImageDataset/train/gt/chicago23.tif
train_chicago23_2048_4096,train,chicago23.tif,chicago,4096,2048,512,/kaggle/input/datasets/sagar100rathod/inria-aerial-image-labeling-dataset/AerialImageDataset/train/images/chicago23.tif,/kaggle/input/datasets/sagar100rathod/inria-aerial-image-labeling-dataset/AerialImageDataset/train/gt/chicago23.tif
train_chicago23_2560_0,train,chicago23.tif,chicago,0,2560,512,/kaggle/input/datasets/sagar100rathod/inria-aerial-image-labeling-dataset/AerialImageDataset/train/images/chicago23.tif,/kaggle/input/datasets/sagar100rathod/inria-aerial-image-labeling-dataset/AerialImageDataset/train/gt/chicago23.tif
train_chicago23_2560_1536,train,chicago23.tif,chicago,1536,2560,512,/kaggle/input/datasets/sagar100rathod/inria-aerial-image-labeling-dataset/AerialImageDataset/train/images/chicago23.tif,/kaggle/input/datasets/sagar100rathod/inria-aerial-image-labeling-dataset/AerialImageDataset/train/gt/chicago23.tif
train_chicago23_3072_2048,train,chicago23.tif,chicago,2048,3072,512,/kaggle/input/datasets/sagar100rathod/inria-aerial-image-labeling-dataset/AerialImageDataset/train/images/chicago23.tif,/kaggle/input/datasets/sagar100rathod/inria-aerial-image-labeling-dataset/AerialImageDataset/train/gt/chicago23.tif
train_chicago23_3584_512,train,chicago23.tif,chicago,512,3584,512,/kaggle/input/datasets/sagar100rathod/inria-aerial-image-labeling-dataset/AerialImageDataset/train/images/chicago23.tif,/kaggle/input/datasets/sagar100rathod/inria-aerial-image-labeling-dataset/AerialImageDataset/train/gt/chicago23.tif
train_chicago23_3584_2560,train,chicago23.tif,chicago,2560,3584,512,/kaggle/input/datasets/sagar100rathod/inria-aerial-image-labeling-dataset/AerialImageDataset/train/images/chicago23.tif,/kaggle/input/datasets/sagar100rathod/inria-aerial-image-labeling-dataset/AerialImageDataset/train/gt/chicago23.tif
train_chicago23_4096_2048,train,chicago23.tif,chicago,2048,4096,512,/kaggle/input/datasets/sagar100rathod/inria-aerial-image-labeling-dataset/AerialImageDataset/train/images/chicago23.tif,/kaggle/input/datasets/sagar100rathod/inria-aerial-image-labeling-dataset/AerialImageDataset/train/gt/chicago23.tif
train_chicago24_0_3584,train,chicago24.tif,chicago,3584,0,512,/kaggle/input/datasets/sagar100rathod/inria-aerial-image-labeling-dataset/AerialImageDataset/train/images/chicago24.tif,/kaggle/input/datasets/sagar100rathod/inria-aerial-image-labeling-dataset/AerialImageDataset/train/gt/chicago24.tif
train_chicago24_512_1024,train,chicago24.tif,chicago,1024,512,512,/kaggle/input/datasets/sagar100rathod/inria-aerial-image-labeling-dataset/AerialImageDataset/train/images/chicago24.tif,/kaggle/input/datasets/sagar100rathod/inria-aerial-image-labeling-dataset/AerialImageDataset/train/gt/chicago24.tif
train_chicago24_512_2560,train,chicago24.tif,chicago,2560,512,512,/kaggle/input/datasets/sagar100rathod/inria-aerial-image-labeling-dataset/AerialImageDataset/train/images/chicago24.tif,/kaggle/input/datasets/sagar100rathod/inria-aerial-image-labeling-dataset/AerialImageDataset/train/gt/chicago24.tif
train_chicago24_1024_3584,train,chicago24.tif,chicago,3584,1024,512,/kaggle/input/datasets/sagar100rathod/inria-aerial-image-labeling-dataset/AerialImageDataset/train/images/chicago24.tif,/kaggle/input/datasets/sagar100rathod/inria-aerial-image-labeling-dataset/AerialImageDataset/train/gt/chicago24.tif
train_chicago24_1536_2048,train,chicago24.tif,chicago,2048,1536,512,/kaggle/input/datasets/sagar100rathod/inria-aerial-image-labeling-dataset/AerialImageDataset/train/images/chicago24.tif,/kaggle/input/datasets/sagar100rathod/inria-aerial-image-labeling-dataset/AerialImageDataset/train/gt/chicago24.tif
train_chicago24_1536_2560,train,chicago24.tif,chicago,2560,1536,512,/kaggle/input/datasets/sagar100rathod/inria-aerial-image-labeling-dataset/AerialImageDataset/train/images/chicago24.tif,/kaggle/input/datasets/sagar100rathod/inria-aerial-image-labeling-dataset/AerialImageDataset/train/gt/chicago24.tif
train_chicago24_2048_3072,train,chicago24.tif,chicago,3072,2048,512,/kaggle/input/datasets/sagar100rathod/inria-aerial-image-labeling-dataset/AerialImageDataset/train/images/chicago24.tif,/kaggle/input/datasets/sagar100rathod/inria-aerial-image-labeling-dataset/AerialImageDataset/train/gt/chicago24.tif
train_chicago24_3072_2048,train,chicago24.tif,chicago,2048,3072,512,/kaggle/input/datasets/sagar100rathod/inria-aerial-image-labeling-dataset/AerialImageDataset/train/images/chicago24.tif,/kaggle/input/datasets/sagar100rathod/inria-aerial-image-labeling-dataset/AerialImageDataset/train/gt/chicago24.tif
train_chicago24_3072_2560,train,chicago24.tif,chicago,2560,3072,512,/kaggle/input/datasets/sagar100rathod/inria-aerial-image-labeling-dataset/AerialImageDataset/train/images/chicago24.tif,/kaggle/input/datasets/sagar100rathod/inria-aerial-image-labeling-dataset/AerialImageDataset/train/gt/chicago24.tif
train_chicago24_4096_4096,train,chicago24.tif,chicago,4096,4096,512,/kaggle/input/datasets/sagar100rathod/inria-aerial-image-labeling-dataset/AerialImageDataset/train/images/chicago24.tif,/kaggle/input/datasets/sagar100rathod/inria-aerial-image-labeling-dataset/AerialImageDataset/train/gt/chicago24.tif
train_chicago25_0_0,train,chicago25.tif,chicago,0,0,512,/kaggle/input/datasets/sagar100rathod/inria-aerial-image-labeling-dataset/AerialImageDataset/train/images/chicago25.tif,/kaggle/input/datasets/sagar100rathod/inria-aerial-image-labeling-dataset/AerialImageDataset/train/gt/chicago25.tif
train_chicago25_512_2048,train,chicago25.tif,chicago,2048,512,512,/kaggle/input/datasets/sagar100rathod/inria-aerial-image-labeling-dataset/AerialImageDataset/train/images/chicago25.tif,/kaggle/input/datasets/sagar100rathod/inria-aerial-image-labeling-dataset/AerialImageDataset/train/gt/chicago25.tif
train_chicago25_512_2560,train,chicago25.tif,chicago,2560,512,512,/kaggle/input/datasets/sagar100rathod/inria-aerial-image-labeling-dataset/AerialImageDataset/train/images/chicago25.tif,/kaggle/input/datasets/sagar100rathod/inria-aerial-image-labeling-dataset/AerialImageDataset/train/gt/chicago25.tif
train_chicago25_1536_3584,train,chicago25.tif,chicago,3584,1536,512,/kaggle/input/datasets/sagar100rathod/inria-aerial-image-labeling-dataset/AerialImageDataset/train/images/chicago25.tif,/kaggle/input/datasets/sagar100rathod/inria-aerial-image-labeling-dataset/AerialImageDataset/train/gt/chicago25.tif
train_chicago25_4096_3584,train,chicago25.tif,chicago,3584,4096,512,/kaggle/input/datasets/sagar100rathod/inria-aerial-image-labeling-dataset/AerialImageDataset/train/images/chicago25.tif,/kaggle/input/datasets/sagar100rathod/inria-aerial-image-labeling-dataset/AerialImageDataset/train/gt/chicago25.tif
train_chicago25_4096_4096,train,chicago25.tif,chicago,4096,4096,512,/kaggle/input/datasets/sagar100rathod/inria-aerial-image-labeling-dataset/AerialImageDataset/train/images/chicago25.tif,/kaggle/input/datasets/sagar100rathod/inria-aerial-image-labeling-dataset/AerialImageDataset/train/gt/chicago25.tif
train_chicago26_1024_3584,train,chicago26.tif,chicago,3584,1024,512,/kaggle/input/datasets/sagar100rathod/inria-aerial-image-labeling-dataset/AerialImageDataset/train/images/chicago26.tif,/kaggle/input/datasets/sagar100rathod/inria-aerial-image-labeling-dataset/AerialImageDataset/train/gt/chicago26.tif
train_chicago26_2048_3072,train,chicago26.tif,chicago,3072,2048,512,/kaggle/input/datasets/sagar100rathod/inria-aerial-image-labeling-dataset/AerialImageDataset/train/images/chicago26.tif,/kaggle/input/datasets/sagar100rathod/inria-aerial-image-labeling-dataset/AerialImageDataset/train/gt/chicago26.tif
train_chicago26_2560_1536,train,chicago26.tif,chicago,1536,2560,512,/kaggle/input/datasets/sagar100rathod/inria-aerial-image-labeling-dataset/AerialImageDataset/train/images/chicago26.tif,/kaggle/input/datasets/sagar100rathod/inria-aerial-image-labeling-dataset/AerialImageDataset/train/gt/chicago26.tif
train_chicago26_2560_2048,train,chicago26.tif,chicago,2048,2560,512,/kaggle/input/datasets/sagar100rathod/inria-aerial-image-labeling-dataset/AerialImageDataset/train/images/chicago26.tif,/kaggle/input/datasets/sagar100rathod/inria-aerial-image-labeling-dataset/AerialImageDataset/train/gt/chicago26.tif
train_chicago26_2560_3584,train,chicago26.tif,chicago,3584,2560,512,/kaggle/input/datasets/sagar100rathod/inria-aerial-image-labeling-dataset/AerialImageDataset/train/images/chicago26.tif,/kaggle/input/datasets/sagar100rathod/inria-aerial-image-labeling-dataset/AerialImageDataset/train/gt/chicago26.tif
train_chicago26_4096_512,train,chicago26.tif,chicago,512,4096,512,/kaggle/input/datasets/sagar100rathod/inria-aerial-image-labeling-dataset/AerialImageDataset/train/images/chicago26.tif,/kaggle/input/datasets/sagar100rathod/inria-aerial-image-labeling-dataset/AerialImageDataset/train/gt/chicago26.tif
train_chicago26_4096_1024,train,chicago26.tif,chicago,1024,4096,512,/kaggle/input/datasets/sagar100rathod/inria-aerial-image-labeling-dataset/AerialImageDataset/train/images/chicago26.tif,/kaggle/input/datasets/sagar100rathod/inria-aerial-image-labeling-dataset/AerialImageDataset/train/gt/chicago26.tif
train_chicago26_4096_1536,train,chicago26.tif,chicago,1536,4096,512,/kaggle/input/datasets/sagar100rathod/inria-aerial-image-labeling-dataset/AerialImageDataset/train/images/chicago26.tif,/kaggle/input/datasets/sagar100rathod/inria-aerial-image-labeling-dataset/AerialImageDataset/train/gt/chicago26.tif
train_chicago3_512_512,train,chicago3.tif,chicago,512,512,512,/kaggle/input/datasets/sagar100rathod/inria-aerial-image-labeling-dataset/AerialImageDataset/train/images/chicago3.tif,/kaggle/input/datasets/sagar100rathod/inria-aerial-image-labeling-dataset/AerialImageDataset/train/gt/chicago3.tif
train_chicago3_1024_1024,train,chicago3.tif,chicago,1024,1024,512,/kaggle/input/datasets/sagar100rathod/inria-aerial-image-labeling-dataset/AerialImageDataset/train/images/chicago3.tif,/kaggle/input/datasets/sagar100rathod/inria-aerial-image-labeling-dataset/AerialImageDataset/train/gt/chicago3.tif
train_chicago3_1536_1536,train,chicago3.tif,chicago,1536,1536,512,/kaggle/input/datasets/sagar100rathod/inria-aerial-image-labeling-dataset/AerialImageDataset/train/images/chicago3.tif,/kaggle/input/datasets/sagar100rathod/inria-aerial-image-labeling-dataset/AerialImageDataset/train/gt/chicago3.tif
train_chicago3_2048_4096,train,chicago3.tif,chicago,4096,2048,512,/kaggle/input/datasets/sagar100rathod/inria-aerial-image-labeling-dataset/AerialImageDataset/train/images/chicago3.tif,/kaggle/input/datasets/sagar100rathod/inria-aerial-image-labeling-dataset/AerialImageDataset/train/gt/chicago3.tif
train_chicago3_2560_512,train,chicago3.tif,chicago,512,2560,512,/kaggle/input/datasets/sagar100rathod/inria-aerial-image-labeling-dataset/AerialImageDataset/train/images/chicago3.tif,/kaggle/input/datasets/sagar100rathod/inria-aerial-image-labeling-dataset/AerialImageDataset/train/gt/chicago3.tif
train_chicago3_2560_1024,train,chicago3.tif,chicago,1024,2560,512,/kaggle/input/datasets/sagar100rathod/inria-aerial-image-labeling-dataset/AerialImageDataset/train/images/chicago3.tif,/kaggle/input/datasets/sagar100rathod/inria-aerial-image-labeling-dataset/AerialImageDataset/train/gt/chicago3.tif
train_chicago3_3072_1024,train,chicago3.tif,chicago,1024,3072,512,/kaggle/input/datasets/sagar100rathod/inria-aerial-image-labeling-dataset/AerialImageDataset/train/images/chicago3.tif,/kaggle/input/datasets/sagar100rathod/inria-aerial-image-labeling-dataset/AerialImageDataset/train/gt/chicago3.tif
train_chicago3_4096_2048,train,chicago3.tif,chicago,2048,4096,512,/kaggle/input/datasets/sagar100rathod/inria-aerial-image-labeling-dataset/AerialImageDataset/train/images/chicago3.tif,/kaggle/input/datasets/sagar100rathod/inria-aerial-image-labeling-dataset/AerialImageDataset/train/gt/chicago3.tif
train_chicago31_1024_0,train,chicago31.tif,chicago,0,1024,512,/kaggle/input/datasets/sagar100rathod/inria-aerial-image-labeling-dataset/AerialImageDataset/train/images/chicago31.tif,/kaggle/input/datasets/sagar100rathod/inria-aerial-image-labeling-dataset/AerialImageDataset/train/gt/chicago31.tif
train_chicago31_1024_1024,train,chicago31.tif,chicago,1024,1024,512,/kaggle/input/datasets/sagar100rathod/inria-aerial-image-labeling-dataset/AerialImageDataset/train/images/chicago31.tif,/kaggle/input/datasets/sagar100rathod/inria-aerial-image-labeling-dataset/AerialImageDataset/train/gt/chicago31.tif
train_chicago31_1024_2560,train,chicago31.tif,chicago,2560,1024,512,/kaggle/input/datasets/sagar100rathod/inria-aerial-image-labeling-dataset/AerialImageDataset/train/images/chicago31.tif,/kaggle/input/datasets/sagar100rathod/inria-aerial-image-labeling-dataset/AerialImageDataset/train/gt/chicago31.tif
train_chicago31_1024_3584,train,chicago31.tif,chicago,3584,1024,512,/kaggle/input/datasets/sagar100rathod/inria-aerial-image-labeling-dataset/AerialImageDataset/train/images/chicago31.tif,/kaggle/input/datasets/sagar100rathod/inria-aerial-image-labeling-dataset/AerialImageDataset/train/gt/chicago31.tif
train_chicago31_1536_512,train,chicago31.tif,chicago,512,1536,512,/kaggle/input/datasets/sagar100rathod/inria-aerial-image-labeling-dataset/AerialImageDataset/train/images/chicago31.tif,/kaggle/input/datasets/sagar100rathod/inria-aerial-image-labeling-dataset/AerialImageDataset/train/gt/chicago31.tif
train_chicago31_1536_1536,train,chicago31.tif,chicago,1536,1536,512,/kaggle/input/datasets/sagar100rathod/inria-aerial-image-labeling-dataset/AerialImageDataset/train/images/chicago31.tif,/kaggle/input/datasets/sagar100rathod/inria-aerial-image-labeling-dataset/AerialImageDataset/train/gt/chicago31.tif
train_chicago31_1536_2048,train,chicago31.tif,chicago,2048,1536,512,/kaggle/input/datasets/sagar100rathod/inria-aerial-image-labeling-dataset/AerialImageDataset/train/images/chicago31.tif,/kaggle/input/datasets/sagar100rathod/inria-aerial-image-labeling-dataset/AerialImageDataset/train/gt/chicago31.tif
train_chicago31_2048_1024,train,chicago31.tif,chicago,1024,2048,512,/kaggle/input/datasets/sagar100rathod/inria-aerial-image-labeling-dataset/AerialImageDataset/train/images/chicago31.tif,/kaggle/input/datasets/sagar100rathod/inria-aerial-image-labeling-dataset/AerialImageDataset/train/gt/chicago31.tif
train_chicago31_2048_2048,train,chicago31.tif,chicago,2048,2048,512,/kaggle/input/datasets/sagar100rathod/inria-aerial-image-labeling-dataset/AerialImageDataset/train/images/chicago31.tif,/kaggle/input/datasets/sagar100rathod/inria-aerial-image-labeling-dataset/AerialImageDataset/train/gt/chicago31.tif
train_chicago31_2048_3584,train,chicago31.tif,chicago,3584,2048,512,/kaggle/input/datasets/sagar100rathod/inria-aerial-image-labeling-dataset/AerialImageDataset/train/images/chicago31.tif,/kaggle/input/datasets/sagar100rathod/inria-aerial-image-labeling-dataset/AerialImageDataset/train/gt/chicago31.tif
train_chicago31_2560_3584,train,chicago31.tif,chicago,3584,2560,512,/kaggle/input/datasets/sagar100rathod/inria-aerial-image-labeling-dataset/AerialImageDataset/train/images/chicago31.tif,/kaggle/input/datasets/sagar100rathod/inria-aerial-image-labeling-dataset/AerialImageDataset/train/gt/chicago31.tif
train_chicago31_3072_3072,train,chicago31.tif,chicago,3072,3072,512,/kaggle/input/datasets/sagar100rathod/inria-aerial-image-labeling-dataset/AerialImageDataset/train/images/chicago31.tif,/kaggle/input/datasets/sagar100rathod/inria-aerial-image-labeling-dataset/AerialImageDataset/train/gt/chicago31.tif
train_chicago31_3072_3584,train,chicago31.tif,chicago,3584,3072,512,/kaggle/input/datasets/sagar100rathod/inria-aerial-image-labeling-dataset/AerialImageDataset/train/images/chicago31.tif,/kaggle/input/datasets/sagar100rathod/inria-aerial-image-labeling-dataset/AerialImageDataset/train/gt/chicago31.tif
train_chicago31_3584_2560,train,chicago31.tif,chicago,2560,3584,512,/kaggle/input/datasets/sagar100rathod/inria-aerial-image-labeling-dataset/AerialImageDataset/train/images/chicago31.tif,/kaggle/input/datasets/sagar100rathod/inria-aerial-image-labeling-dataset/AerialImageDataset/train/gt/chicago31.tif
train_chicago31_3584_4096,train,chicago31.tif,chicago,4096,3584,512,/kaggle/input/datasets/sagar100rathod/inria-aerial-image-labeling-dataset/AerialImageDataset/train/images/chicago31.tif,/kaggle/input/datasets/sagar100rathod/inria-aerial-image-labeling-dataset/AerialImageDataset/train/gt/chicago31.tif
train_chicago31_4096_4096,train,chicago31.tif,chicago,4096,4096,512,/kaggle/input/datasets/sagar100rathod/inria-aerial-image-labeling-dataset/AerialImageDataset/train/images/chicago31.tif,/kaggle/input/datasets/sagar100rathod/inria-aerial-image-labeling-dataset/AerialImageDataset/train/gt/chicago31.tif
train_chicago32_0_512,train,chicago32.tif,chicago,512,0,512,/kaggle/input/datasets/sagar100rathod/inria-aerial-image-labeling-dataset/AerialImageDataset/train/images/chicago32.tif,/kaggle/input/datasets/sagar100rathod/inria-aerial-image-labeling-dataset/AerialImageDataset/train/gt/chicago32.tif
train_chicago32_0_1024,train,chicago32.tif,chicago,1024,0,512,/kaggle/input/datasets/sagar100rathod/inria-aerial-image-labeling-dataset/AerialImageDataset/train/images/chicago32.tif,/kaggle/input/datasets/sagar100rathod/inria-aerial-image-labeling-dataset/AerialImageDataset/train/gt/chicago32.tif
train_chicago32_512_2560,train,chicago32.tif,chicago,2560,512,512,/kaggle/input/datasets/sagar100rathod/inria-aerial-image-labeling-dataset/AerialImageDataset/train/images/chicago32.tif,/kaggle/input/datasets/sagar100rathod/inria-aerial-image-labeling-dataset/AerialImageDataset/train/gt/chicago32.tif
train_chicago32_1536_1024,train,chicago32.tif,chicago,1024,1536,512,/kaggle/input/datasets/sagar100rathod/inria-aerial-image-labeling-dataset/AerialImageDataset/train/images/chicago32.tif,/kaggle/input/datasets/sagar100rathod/inria-aerial-image-labeling-dataset/AerialImageDataset/train/gt/chicago32.tif
train_chicago32_2048_2560,train,chicago32.tif,chicago,2560,2048,512,/kaggle/input/datasets/sagar100rathod/inria-aerial-image-labeling-dataset/AerialImageDataset/train/images/chicago32.tif,/kaggle/input/datasets/sagar100rathod/inria-aerial-image-labeling-dataset/AerialImageDataset/train/gt/chicago32.tif
train_chicago32_2048_4096,train,chicago32.tif,chicago,4096,2048,512,/kaggle/input/datasets/sagar100rathod/inria-aerial-image-labeling-dataset/AerialImageDataset/train/images/chicago32.tif,/kaggle/input/datasets/sagar100rathod/inria-aerial-image-labeling-dataset/AerialImageDataset/train/gt/chicago32.tif
train_chicago32_3072_3072,train,chicago32.tif,chicago,3072,3072,512,/kaggle/input/datasets/sagar100rathod/inria-aerial-image-labeling-dataset/AerialImageDataset/train/images/chicago32.tif,/kaggle/input/datasets/sagar100rathod/inria-aerial-image-labeling-dataset/AerialImageDataset/train/gt/chicago32.tif
train_chicago32_3072_4096,train,chicago32.tif,chicago,4096,3072,512,/kaggle/input/datasets/sagar100rathod/inria-aerial-image-labeling-dataset/AerialImageDataset/train/images/chicago32.tif,/kaggle/input/datasets/sagar100rathod/inria-aerial-image-labeling-dataset/AerialImageDataset/train/gt/chicago32.tif
train_chicago34_0_0,train,chicago34.tif,chicago,0,0,512,/kaggle/input/datasets/sagar100rathod/inria-aerial-image-labeling-dataset/AerialImageDataset/train/images/chicago34.tif,/kaggle/input/datasets/sagar100rathod/inria-aerial-image-labeling-dataset/AerialImageDataset/train/gt/chicago34.tif
train_chicago34_0_3584,train,chicago34.tif,chicago,3584,0,512,/kaggle/input/datasets/sagar100rathod/inria-aerial-image-labeling-dataset/AerialImageDataset/train/images/chicago34.tif,/kaggle/input/datasets/sagar100rathod/inria-aerial-image-labeling-dataset/AerialImageDataset/train/gt/chicago34.tif
train_chicago34_1536_512,train,chicago34.tif,chicago,512,1536,512,/kaggle/input/datasets/sagar100rathod/inria-aerial-image-labeling-dataset/AerialImageDataset/train/images/chicago34.tif,/kaggle/input/datasets/sagar100rathod/inria-aerial-image-labeling-dataset/AerialImageDataset/train/gt/chicago34.tif
train_chicago34_1536_1024,train,chicago34.tif,chicago,1024,1536,512,/kaggle/input/datasets/sagar100rathod/inria-aerial-image-labeling-dataset/AerialImageDataset/train/images/chicago34.tif,/kaggle/input/datasets/sagar100rathod/inria-aerial-image-labeling-dataset/AerialImageDataset/train/gt/chicago34.tif
train_chicago34_1536_1536,train,chicago34.tif,chicago,1536,1536,512,/kaggle/input/datasets/sagar100rathod/inria-aerial-image-labeling-dataset/AerialImageDataset/train/images/chicago34.tif,/kaggle/input/datasets/sagar100rathod/inria-aerial-image-labeling-dataset/AerialImageDataset/train/gt/chicago34.tif
train_chicago34_1536_2048,train,chicago34.tif,chicago,2048,1536,512,/kaggle/input/datasets/sagar100rathod/inria-aerial-image-labeling-dataset/AerialImageDataset/train/images/chicago34.tif,/kaggle/input/datasets/sagar100rathod/inria-aerial-image-labeling-dataset/AerialImageDataset/train/gt/chicago34.tif
train_chicago34_1536_2560,train,chicago34.tif,chicago,2560,1536,512,/kaggle/input/datasets/sagar100rathod/inria-aerial-image-labeling-dataset/AerialImageDataset/train/images/chicago34.tif,/kaggle/input/datasets/sagar100rathod/inria-aerial-image-labeling-dataset/AerialImageDataset/train/gt/chicago34.tif
train_chicago34_1536_3072,train,chicago34.tif,chicago,3072,1536,512,/kaggle/input/datasets/sagar100rathod/inria-aerial-image-labeling-dataset/AerialImageDataset/train/images/chicago34.tif,/kaggle/input/datasets/sagar100rathod/inria-aerial-image-labeling-dataset/AerialImageDataset/train/gt/chicago34.tif
train_chicago34_2048_4096,train,chicago34.tif,chicago,4096,2048,512,/kaggle/input/datasets/sagar100rathod/inria-aerial-image-labeling-dataset/AerialImageDataset/train/images/chicago34.tif,/kaggle/input/datasets/sagar100rathod/inria-aerial-image-labeling-dataset/AerialImageDataset/train/gt/chicago34.tif
train_chicago34_2560_2560,train,chicago34.tif,chicago,2560,2560,512,/kaggle/input/datasets/sagar100rathod/inria-aerial-image-labeling-dataset/AerialImageDataset/train/images/chicago34.tif,/kaggle/input/datasets/sagar100rathod/inria-aerial-image-labeling-dataset/AerialImageDataset/train/gt/chicago34.tif
train_chicago34_4096_4096,train,chicago34.tif,chicago,4096,4096,512,/kaggle/input/datasets/sagar100rathod/inria-aerial-image-labeling-dataset/AerialImageDataset/train/images/chicago34.tif,/kaggle/input/datasets/sagar100rathod/inria-aerial-image-labeling-dataset/AerialImageDataset/train/gt/chicago34.tif
train_chicago35_0_2048,train,chicago35.tif,chicago,2048,0,512,/kaggle/input/datasets/sagar100rathod/inria-aerial-image-labeling-dataset/AerialImageDataset/train/images/chicago35.tif,/kaggle/input/datasets/sagar100rathod/inria-aerial-image-labeling-dataset/AerialImageDataset/train/gt/chicago35.tif
train_chicago35_1536_2560,train,chicago35.tif,chicago,2560,1536,512,/kaggle/input/datasets/sagar100rathod/inria-aerial-image-labeling-dataset/AerialImageDataset/train/images/chicago35.tif,/kaggle/input/datasets/sagar100rathod/inria-aerial-image-labeling-dataset/AerialImageDataset/train/gt/chicago35.tif
train_chicago35_3584_2048,train,chicago35.tif,chicago,2048,3584,512,/kaggle/input/datasets/sagar100rathod/inria-aerial-image-labeling-dataset/AerialImageDataset/train/images/chicago35.tif,/kaggle/input/datasets/sagar100rathod/inria-aerial-image-labeling-dataset/AerialImageDataset/train/gt/chicago35.tif
train_chicago36_0_2048,train,chicago36.tif,chicago,2048,0,512,/kaggle/input/datasets/sagar100rathod/inria-aerial-image-labeling-dataset/AerialImageDataset/train/images/chicago36.tif,/kaggle/input/datasets/sagar100rathod/inria-aerial-image-labeling-dataset/AerialImageDataset/train/gt/chicago36.tif
train_chicago36_0_3072,train,chicago36.tif,chicago,3072,0,512,/kaggle/input/datasets/sagar100rathod/inria-aerial-image-labeling-dataset/AerialImageDataset/train/images/chicago36.tif,/kaggle/input/datasets/sagar100rathod/inria-aerial-image-labeling-dataset/AerialImageDataset/train/gt/chicago36.tif
train_chicago36_512_2048,train,chicago36.tif,chicago,2048,512,512,/kaggle/input/datasets/sagar100rathod/inria-aerial-image-labeling-dataset/AerialImageDataset/train/images/chicago36.tif,/kaggle/input/datasets/sagar100rathod/inria-aerial-image-labeling-dataset/AerialImageDataset/train/gt/chicago36.tif
train_chicago36_512_2560,train,chicago36.tif,chicago,2560,512,512,/kaggle/input/datasets/sagar100rathod/inria-aerial-image-labeling-dataset/AerialImageDataset/train/images/chicago36.tif,/kaggle/input/datasets/sagar100rathod/inria-aerial-image-labeling-dataset/AerialImageDataset/train/gt/chicago36.tif
train_chicago36_1536_3072,train,chicago36.tif,chicago,3072,1536,512,/kaggle/input/datasets/sagar100rathod/inria-aerial-image-labeling-dataset/AerialImageDataset/train/images/chicago36.tif,/kaggle/input/datasets/sagar100rathod/inria-aerial-image-labeling-dataset/AerialImageDataset/train/gt/chicago36.tif
train_chicago36_2048_512,train,chicago36.tif,chicago,512,2048,512,/kaggle/input/datasets/sagar100rathod/inria-aerial-image-labeling-dataset/AerialImageDataset/train/images/chicago36.tif,/kaggle/input/datasets/sagar100rathod/inria-aerial-image-labeling-dataset/AerialImageDataset/train/gt/chicago36.tif
train_chicago36_2048_1024,train,chicago36.tif,chicago,1024,2048,512,/kaggle/input/datasets/sagar100rathod/inria-aerial-image-labeling-dataset/AerialImageDataset/train/images/chicago36.tif,/kaggle/input/datasets/sagar100rathod/inria-aerial-image-labeling-dataset/AerialImageDataset/train/gt/chicago36.tif
train_chicago36_2048_4096,train,chicago36.tif,chicago,4096,2048,512,/kaggle/input/datasets/sagar100rathod/inria-aerial-image-labeling-dataset/AerialImageDataset/train/images/chicago36.tif,/kaggle/input/datasets/sagar100rathod/inria-aerial-image-labeling-dataset/AerialImageDataset/train/gt/chicago36.tif
train_chicago36_2560_1536,train,chicago36.tif,chicago,1536,2560,512,/kaggle/input/datasets/sagar100rathod/inria-aerial-image-labeling-dataset/AerialImageDataset/train/images/chicago36.tif,/kaggle/input/datasets/sagar100rathod/inria-aerial-image-labeling-dataset/AerialImageDataset/train/gt/chicago36.tif
train_chicago36_2560_2048,train,chicago36.tif,chicago,2048,2560,512,/kaggle/input/datasets/sagar100rathod/inria-aerial-image-labeling-dataset/AerialImageDataset/train/images/chicago36.tif,/kaggle/input/datasets/sagar100rathod/inria-aerial-image-labeling-dataset/AerialImageDataset/train/gt/chicago36.tif
train_chicago36_3584_0,train,chicago36.tif,chicago,0,3584,512,/kaggle/input/datasets/sagar100rathod/inria-aerial-image-labeling-dataset/AerialImageDataset/train/images/chicago36.tif,/kaggle/input/datasets/sagar100rathod/inria-aerial-image-labeling-dataset/AerialImageDataset/train/gt/chicago36.tif
train_chicago36_3584_512,train,chicago36.tif,chicago,512,3584,512,/kaggle/input/datasets/sagar100rathod/inria-aerial-image-labeling-dataset/AerialImageDataset/train/images/chicago36.tif,/kaggle/input/datasets/sagar100rathod/inria-aerial-image-labeling-dataset/AerialImageDataset/train/gt/chicago36.tif
train_chicago36_3584_1024,train,chicago36.tif,chicago,1024,3584,512,/kaggle/input/datasets/sagar100rathod/inria-aerial-image-labeling-dataset/AerialImageDataset/train/images/chicago36.tif,/kaggle/input/datasets/sagar100rathod/inria-aerial-image-labeling-dataset/AerialImageDataset/train/gt/chicago36.tif
train_chicago36_4096_2560,train,chicago36.tif,chicago,2560,4096,512,/kaggle/input/datasets/sagar100rathod/inria-aerial-image-labeling-dataset/AerialImageDataset/train/images/chicago36.tif,/kaggle/input/datasets/sagar100rathod/inria-aerial-image-labeling-dataset/AerialImageDataset/train/gt/chicago36.tif
train_chicago4_0_512,train,chicago4.tif,chicago,512,0,512,/kaggle/input/datasets/sagar100rathod/inria-aerial-image-labeling-dataset/AerialImageDataset/train/images/chicago4.tif,/kaggle/input/datasets/sagar100rathod/inria-aerial-image-labeling-dataset/AerialImageDataset/train/gt/chicago4.tif
train_chicago4_0_1536,train,chicago4.tif,chicago,1536,0,512,/kaggle/input/datasets/sagar100rathod/inria-aerial-image-labeling-dataset/AerialImageDataset/train/images/chicago4.tif,/kaggle/input/datasets/sagar100rathod/inria-aerial-image-labeling-dataset/AerialImageDataset/train/gt/chicago4.tif
train_chicago4_0_3584,train,chicago4.tif,chicago,3584,0,512,/kaggle/input/datasets/sagar100rathod/inria-aerial-image-labeling-dataset/AerialImageDataset/train/images/chicago4.tif,/kaggle/input/datasets/sagar100rathod/inria-aerial-image-labeling-dataset/AerialImageDataset/train/gt/chicago4.tif
train_chicago4_512_2560,train,chicago4.tif,chicago,2560,512,512,/kaggle/input/datasets/sagar100rathod/inria-aerial-image-labeling-dataset/AerialImageDataset/train/images/chicago4.tif,/kaggle/input/datasets/sagar100rathod/inria-aerial-image-labeling-dataset/AerialImageDataset/train/gt/chicago4.tif
train_chicago4_512_3072,train,chicago4.tif,chicago,3072,512,512,/kaggle/input/datasets/sagar100rathod/inria-aerial-image-labeling-dataset/AerialImageDataset/train/images/chicago4.tif,/kaggle/input/datasets/sagar100rathod/inria-aerial-image-labeling-dataset/AerialImageDataset/train/gt/chicago4.tif
train_chicago4_512_4096,train,chicago4.tif,chicago,4096,512,512,/kaggle/input/datasets/sagar100rathod/inria-aerial-image-labeling-dataset/AerialImageDataset/train/images/chicago4.tif,/kaggle/input/datasets/sagar100rathod/inria-aerial-image-labeling-dataset/AerialImageDataset/train/gt/chicago4.tif
train_chicago4_1024_3584,train,chicago4.tif,chicago,3584,1024,512,/kaggle/input/datasets/sagar100rathod/inria-aerial-image-labeling-dataset/AerialImageDataset/train/images/chicago4.tif,/kaggle/input/datasets/sagar100rathod/inria-aerial-image-labeling-dataset/AerialImageDataset/train/gt/chicago4.tif
train_chicago4_1536_512,train,chicago4.tif,chicago,512,1536,512,/kaggle/input/datasets/sagar100rathod/inria-aerial-image-labeling-dataset/AerialImageDataset/train/images/chicago4.tif,/kaggle/input/datasets/sagar100rathod/inria-aerial-image-labeling-dataset/AerialImageDataset/train/gt/chicago4.tif
train_chicago4_1536_2560,train,chicago4.tif,chicago,2560,1536,512,/kaggle/input/datasets/sagar100rathod/inria-aerial-image-labeling-dataset/AerialImageDataset/train/images/chicago4.tif,/kaggle/input/datasets/sagar100rathod/inria-aerial-image-labeling-dataset/AerialImageDataset/train/gt/chicago4.tif
train_chicago4_2048_1536,train,chicago4.tif,chicago,1536,2048,512,/kaggle/input/datasets/sagar100rathod/inria-aerial-image-labeling-dataset/AerialImageDataset/train/images/chicago4.tif,/kaggle/input/datasets/sagar100rathod/inria-aerial-image-labeling-dataset/AerialImageDataset/train/gt/chicago4.tif
train_chicago4_2048_3584,train,chicago4.tif,chicago,3584,2048,512,/kaggle/input/datasets/sagar100rathod/inria-aerial-image-labeling-dataset/AerialImageDataset/train/images/chicago4.tif,/kaggle/input/datasets/sagar100rathod/inria-aerial-image-labeling-dataset/AerialImageDataset/train/gt/chicago4.tif
train_chicago4_2560_0,train,chicago4.tif,chicago,0,2560,512,/kaggle/input/datasets/sagar100rathod/inria-aerial-image-labeling-dataset/AerialImageDataset/train/images/chicago4.tif,/kaggle/input/datasets/sagar100rathod/inria-aerial-image-labeling-dataset/AerialImageDataset/train/gt/chicago4.tif
train_chicago4_2560_1536,train,chicago4.tif,chicago,1536,2560,512,/kaggle/input/datasets/sagar100rathod/inria-aerial-image-labeling-dataset/AerialImageDataset/train/images/chicago4.tif,/kaggle/input/datasets/sagar100rathod/inria-aerial-image-labeling-dataset/AerialImageDataset/train/gt/chicago4.tif
train_chicago4_3584_3584,train,chicago4.tif,chicago,3584,3584,512,/kaggle/input/datasets/sagar100rathod/inria-aerial-image-labeling-dataset/AerialImageDataset/train/images/chicago4.tif,/kaggle/input/datasets/sagar100rathod/inria-aerial-image-labeling-dataset/AerialImageDataset/train/gt/chicago4.tif
train_chicago4_4096_1536,train,chicago4.tif,chicago,1536,4096,512,/kaggle/input/datasets/sagar100rathod/inria-aerial-image-labeling-dataset/AerialImageDataset/train/images/chicago4.tif,/kaggle/input/datasets/sagar100rathod/inria-aerial-image-labeling-dataset/AerialImageDataset/train/gt/chicago4.tif
train_chicago4_4096_3584,train,chicago4.tif,chicago,3584,4096,512,/kaggle/input/datasets/sagar100rathod/inria-aerial-image-labeling-dataset/AerialImageDataset/train/images/chicago4.tif,/kaggle/input/datasets/sagar100rathod/inria-aerial-image-labeling-dataset/AerialImageDataset/train/gt/chicago4.tif
train_chicago6_0_512,train,chicago6.tif,chicago,512,0,512,/kaggle/input/datasets/sagar100rathod/inria-aerial-image-labeling-dataset/AerialImageDataset/train/images/chicago6.tif,/kaggle/input/datasets/sagar100rathod/inria-aerial-image-labeling-dataset/AerialImageDataset/train/gt/chicago6.tif
train_chicago6_512_1024,train,chicago6.tif,chicago,1024,512,512,/kaggle/input/datasets/sagar100rathod/inria-aerial-image-labeling-dataset/AerialImageDataset/train/images/chicago6.tif,/kaggle/input/datasets/sagar100rathod/inria-aerial-image-labeling-dataset/AerialImageDataset/train/gt/chicago6.tif
train_chicago6_1024_1024,train,chicago6.tif,chicago,1024,1024,512,/kaggle/input/datasets/sagar100rathod/inria-aerial-image-labeling-dataset/AerialImageDataset/train/images/chicago6.tif,/kaggle/input/datasets/sagar100rathod/inria-aerial-image-labeling-dataset/AerialImageDataset/train/gt/chicago6.tif
train_chicago6_1024_2048,train,chicago6.tif,chicago,2048,1024,512,/kaggle/input/datasets/sagar100rathod/inria-aerial-image-labeling-dataset/AerialImageDataset/train/images/chicago6.tif,/kaggle/input/datasets/sagar100rathod/inria-aerial-image-labeling-dataset/AerialImageDataset/train/gt/chicago6.tif
train_chicago6_1024_4096,train,chicago6.tif,chicago,4096,1024,512,/kaggle/input/datasets/sagar100rathod/inria-aerial-image-labeling-dataset/AerialImageDataset/train/images/chicago6.tif,/kaggle/input/datasets/sagar100rathod/inria-aerial-image-labeling-dataset/AerialImageDataset/train/gt/chicago6.tif
train_chicago6_1536_1024,train,chicago6.tif,chicago,1024,1536,512,/kaggle/input/datasets/sagar100rathod/inria-aerial-image-labeling-dataset/AerialImageDataset/train/images/chicago6.tif,/kaggle/input/datasets/sagar100rathod/inria-aerial-image-labeling-dataset/AerialImageDataset/train/gt/chicago6.tif
train_chicago6_1536_3072,train,chicago6.tif,chicago,3072,1536,512,/kaggle/input/datasets/sagar100rathod/inria-aerial-image-labeling-dataset/AerialImageDataset/train/images/chicago6.tif,/kaggle/input/datasets/sagar100rathod/inria-aerial-image-labeling-dataset/AerialImageDataset/train/gt/chicago6.tif
train_chicago6_1536_4096,train,chicago6.tif,chicago,4096,1536,512,/kaggle/input/datasets/sagar100rathod/inria-aerial-image-labeling-dataset/AerialImageDataset/train/images/chicago6.tif,/kaggle/input/datasets/sagar100rathod/inria-aerial-image-labeling-dataset/AerialImageDataset/train/gt/chicago6.tif
train_chicago6_2048_2048,train,chicago6.tif,chicago,2048,2048,512,/kaggle/input/datasets/sagar100rathod/inria-aerial-image-labeling-dataset/AerialImageDataset/train/images/chicago6.tif,/kaggle/input/datasets/sagar100rathod/inria-aerial-image-labeling-dataset/AerialImageDataset/train/gt/chicago6.tif
train_chicago6_3072_3072,train,chicago6.tif,chicago,3072,3072,512,/kaggle/input/datasets/sagar100rathod/inria-aerial-image-labeling-dataset/AerialImageDataset/train/images/chicago6.tif,/kaggle/input/datasets/sagar100rathod/inria-aerial-image-labeling-dataset/AerialImageDataset/train/gt/chicago6.tif
train_chicago6_4096_0,train,chicago6.tif,chicago,0,4096,512,/kaggle/input/datasets/sagar100rathod/inria-aerial-image-labeling-dataset/AerialImageDataset/train/images/chicago6.tif,/kaggle/input/datasets/sagar100rathod/inria-aerial-image-labeling-dataset/AerialImageDataset/train/gt/chicago6.tif
train_chicago7_512_3584,train,chicago7.tif,chicago,3584,512,512,/kaggle/input/datasets/sagar100rathod/inria-aerial-image-labeling-dataset/AerialImageDataset/train/images/chicago7.tif,/kaggle/input/datasets/sagar100rathod/inria-aerial-image-labeling-dataset/AerialImageDataset/train/gt/chicago7.tif
train_chicago7_1024_1024,train,chicago7.tif,chicago,1024,1024,512,/kaggle/input/datasets/sagar100rathod/inria-aerial-image-labeling-dataset/AerialImageDataset/train/images/chicago7.tif,/kaggle/input/datasets/sagar100rathod/inria-aerial-image-labeling-dataset/AerialImageDataset/train/gt/chicago7.tif
train_chicago7_1536_4096,train,chicago7.tif,chicago,4096,1536,512,/kaggle/input/datasets/sagar100rathod/inria-aerial-image-labeling-dataset/AerialImageDataset/train/images/chicago7.tif,/kaggle/input/datasets/sagar100rathod/inria-aerial-image-labeling-dataset/AerialImageDataset/train/gt/chicago7.tif
train_chicago7_2048_2560,train,chicago7.tif,chicago,2560,2048,512,/kaggle/input/datasets/sagar100rathod/inria-aerial-image-labeling-dataset/AerialImageDataset/train/images/chicago7.tif,/kaggle/input/datasets/sagar100rathod/inria-aerial-image-labeling-dataset/AerialImageDataset/train/gt/chicago7.tif
train_chicago7_2048_3584,train,chicago7.tif,chicago,3584,2048,512,/kaggle/input/datasets/sagar100rathod/inria-aerial-image-labeling-dataset/AerialImageDataset/train/images/chicago7.tif,/kaggle/input/datasets/sagar100rathod/inria-aerial-image-labeling-dataset/AerialImageDataset/train/gt/chicago7.tif
train_chicago7_3072_0,train,chicago7.tif,chicago,0,3072,512,/kaggle/input/datasets/sagar100rathod/inria-aerial-image-labeling-dataset/AerialImageDataset/train/images/chicago7.tif,/kaggle/input/datasets/sagar100rathod/inria-aerial-image-labeling-dataset/AerialImageDataset/train/gt/chicago7.tif
train_chicago7_3072_2560,train,chicago7.tif,chicago,2560,3072,512,/kaggle/input/datasets/sagar100rathod/inria-aerial-image-labeling-dataset/AerialImageDataset/train/images/chicago7.tif,/kaggle/input/datasets/sagar100rathod/inria-aerial-image-labeling-dataset/AerialImageDataset/train/gt/chicago7.tif
train_chicago7_4096_0,train,chicago7.tif,chicago,0,4096,512,/kaggle/input/datasets/sagar100rathod/inria-aerial-image-labeling-dataset/AerialImageDataset/train/images/chicago7.tif,/kaggle/input/datasets/sagar100rathod/inria-aerial-image-labeling-dataset/AerialImageDataset/train/gt/chicago7.tif
train_chicago7_4096_512,train,chicago7.tif,chicago,512,4096,512,/kaggle/input/datasets/sagar100rathod/inria-aerial-image-labeling-dataset/AerialImageDataset/train/images/chicago7.tif,/kaggle/input/datasets/sagar100rathod/inria-aerial-image-labeling-dataset/AerialImageDataset/train/gt/chicago7.tif
train_kitsap1_0_2560,train,kitsap1.tif,kitsap,2560,0,512,/kaggle/input/datasets/sagar100rathod/inria-aerial-image-labeling-dataset/AerialImageDataset/train/images/kitsap1.tif,/kaggle/input/datasets/sagar100rathod/inria-aerial-image-labeling-dataset/AerialImageDataset/train/gt/kitsap1.tif
train_kitsap1_512_1536,train,kitsap1.tif,kitsap,1536,512,512,/kaggle/input/datasets/sagar100rathod/inria-aerial-image-labeling-dataset/AerialImageDataset/train/images/kitsap1.tif,/kaggle/input/datasets/sagar100rathod/inria-aerial-image-labeling-dataset/AerialImageDataset/train/gt/kitsap1.tif
train_kitsap1_512_2048,train,kitsap1.tif,kitsap,2048,512,512,/kaggle/input/datasets/sagar100rathod/inria-aerial-image-labeling-dataset/AerialImageDataset/train/images/kitsap1.tif,/kaggle/input/datasets/sagar100rathod/inria-aerial-image-labeling-dataset/AerialImageDataset/train/gt/kitsap1.tif
train_kitsap1_512_4096,train,kitsap1.tif,kitsap,4096,512,512,/kaggle/input/datasets/sagar100rathod/inria-aerial-image-labeling-dataset/AerialImageDataset/train/images/kitsap1.tif,/kaggle/input/datasets/sagar100rathod/inria-aerial-image-labeling-dataset/AerialImageDataset/train/gt/kitsap1.tif
train_kitsap1_1024_1536,train,kitsap1.tif,kitsap,1536,1024,512,/kaggle/input/datasets/sagar100rathod/inria-aerial-image-labeling-dataset/AerialImageDataset/train/images/kitsap1.tif,/kaggle/input/datasets/sagar100rathod/inria-aerial-image-labeling-dataset/AerialImageDataset/train/gt/kitsap1.tif
train_kitsap1_1536_1024,train,kitsap1.tif,kitsap,1024,1536,512,/kaggle/input/datasets/sagar100rathod/inria-aerial-image-labeling-dataset/AerialImageDataset/train/images/kitsap1.tif,/kaggle/input/datasets/sagar100rathod/inria-aerial-image-labeling-dataset/AerialImageDataset/train/gt/kitsap1.tif
train_kitsap1_1536_1536,train,kitsap1.tif,kitsap,1536,1536,512,/kaggle/input/datasets/sagar100rathod/inria-aerial-image-labeling-dataset/AerialImageDataset/train/images/kitsap1.tif,/kaggle/input/datasets/sagar100rathod/inria-aerial-image-labeling-dataset/AerialImageDataset/train/gt/kitsap1.tif
train_kitsap1_2560_1536,train,kitsap1.tif,kitsap,1536,2560,512,/kaggle/input/datasets/sagar100rathod/inria-aerial-image-labeling-dataset/AerialImageDataset/train/images/kitsap1.tif,/kaggle/input/datasets/sagar100rathod/inria-aerial-image-labeling-dataset/AerialImageDataset/train/gt/kitsap1.tif
train_kitsap1_3072_512,train,kitsap1.tif,kitsap,512,3072,512,/kaggle/input/datasets/sagar100rathod/inria-aerial-image-labeling-dataset/AerialImageDataset/train/images/kitsap1.tif,/kaggle/input/datasets/sagar100rathod/inria-aerial-image-labeling-dataset/AerialImageDataset/train/gt/kitsap1.tif
train_kitsap1_3072_3072,train,kitsap1.tif,kitsap,3072,3072,512,/kaggle/input/datasets/sagar100rathod/inria-aerial-image-labeling-dataset/AerialImageDataset/train/images/kitsap1.tif,/kaggle/input/datasets/sagar100rathod/inria-aerial-image-labeling-dataset/AerialImageDataset/train/gt/kitsap1.tif
train_kitsap1_3584_512,train,kitsap1.tif,kitsap,512,3584,512,/kaggle/input/datasets/sagar100rathod/inria-aerial-image-labeling-dataset/AerialImageDataset/train/images/kitsap1.tif,/kaggle/input/datasets/sagar100rathod/inria-aerial-image-labeling-dataset/AerialImageDataset/train/gt/kitsap1.tif
train_kitsap1_4096_1024,train,kitsap1.tif,kitsap,1024,4096,512,/kaggle/input/datasets/sagar100rathod/inria-aerial-image-labeling-dataset/AerialImageDataset/train/images/kitsap1.tif,/kaggle/input/datasets/sagar100rathod/inria-aerial-image-labeling-dataset/AerialImageDataset/train/gt/kitsap1.tif
train_kitsap1_4096_3584,train,kitsap1.tif,kitsap,3584,4096,512,/kaggle/input/datasets/sagar100rathod/inria-aerial-image-labeling-dataset/AerialImageDataset/train/images/kitsap1.tif,/kaggle/input/datasets/sagar100rathod/inria-aerial-image-labeling-dataset/AerialImageDataset/train/gt/kitsap1.tif
train_kitsap10_512_2048,train,kitsap10.tif,kitsap,2048,512,512,/kaggle/input/datasets/sagar100rathod/inria-aerial-image-labeling-dataset/AerialImageDataset/train/images/kitsap10.tif,/kaggle/input/datasets/sagar100rathod/inria-aerial-image-labeling-dataset/AerialImageDataset/train/gt/kitsap10.tif
train_kitsap10_512_2560,train,kitsap10.tif,kitsap,2560,512,512,/kaggle/input/datasets/sagar100rathod/inria-aerial-image-labeling-dataset/AerialImageDataset/train/images/kitsap10.tif,/kaggle/input/datasets/sagar100rathod/inria-aerial-image-labeling-dataset/AerialImageDataset/train/gt/kitsap10.tif
train_kitsap10_1024_1536,train,kitsap10.tif,kitsap,1536,1024,512,/kaggle/input/datasets/sagar100rathod/inria-aerial-image-labeling-dataset/AerialImageDataset/train/images/kitsap10.tif,/kaggle/input/datasets/sagar100rathod/inria-aerial-image-labeling-dataset/AerialImageDataset/train/gt/kitsap10.tif
train_kitsap10_2048_0,train,kitsap10.tif,kitsap,0,2048,512,/kaggle/input/datasets/sagar100rathod/inria-aerial-image-labeling-dataset/AerialImageDataset/train/images/kitsap10.tif,/kaggle/input/datasets/sagar100rathod/inria-aerial-image-labeling-dataset/AerialImageDataset/train/gt/kitsap10.tif
train_kitsap10_2560_0,train,kitsap10.tif,kitsap,0,2560,512,/kaggle/input/datasets/sagar100rathod/inria-aerial-image-labeling-dataset/AerialImageDataset/train/images/kitsap10.tif,/kaggle/input/datasets/sagar100rathod/inria-aerial-image-labeling-dataset/AerialImageDataset/train/gt/kitsap10.tif
train_kitsap10_2560_3584,train,kitsap10.tif,kitsap,3584,2560,512,/kaggle/input/datasets/sagar100rathod/inria-aerial-image-labeling-dataset/AerialImageDataset/train/images/kitsap10.tif,/kaggle/input/datasets/sagar100rathod/inria-aerial-image-labeling-dataset/AerialImageDataset/train/gt/kitsap10.tif
train_kitsap10_3584_512,train,kitsap10.tif,kitsap,512,3584,512,/kaggle/input/datasets/sagar100rathod/inria-aerial-image-labeling-dataset/AerialImageDataset/train/images/kitsap10.tif,/kaggle/input/datasets/sagar100rathod/inria-aerial-image-labeling-dataset/AerialImageDataset/train/gt/kitsap10.tif
train_kitsap10_3584_2560,train,kitsap10.tif,kitsap,2560,3584,512,/kaggle/input/datasets/sagar100rathod/inria-aerial-image-labeling-dataset/AerialImageDataset/train/images/kitsap10.tif,/kaggle/input/datasets/sagar100rathod/inria-aerial-image-labeling-dataset/AerialImageDataset/train/gt/kitsap10.tif
train_kitsap10_3584_4096,train,kitsap10.tif,kitsap,4096,3584,512,/kaggle/input/datasets/sagar100rathod/inria-aerial-image-labeling-dataset/AerialImageDataset/train/images/kitsap10.tif,/kaggle/input/datasets/sagar100rathod/inria-aerial-image-labeling-dataset/AerialImageDataset/train/gt/kitsap10.tif
train_kitsap10_4096_3584,train,kitsap10.tif,kitsap,3584,4096,512,/kaggle/input/datasets/sagar100rathod/inria-aerial-image-labeling-dataset/AerialImageDataset/train/images/kitsap10.tif,/kaggle/input/datasets/sagar100rathod/inria-aerial-image-labeling-dataset/AerialImageDataset/train/gt/kitsap10.tif
train_kitsap11_0_1536,train,kitsap11.tif,kitsap,1536,0,512,/kaggle/input/datasets/sagar100rathod/inria-aerial-image-labeling-dataset/AerialImageDataset/train/images/kitsap11.tif,/kaggle/input/datasets/sagar100rathod/inria-aerial-image-labeling-dataset/AerialImageDataset/train/gt/kitsap11.tif
train_kitsap11_0_2560,train,kitsap11.tif,kitsap,2560,0,512,/kaggle/input/datasets/sagar100rathod/inria-aerial-image-labeling-dataset/AerialImageDataset/train/images/kitsap11.tif,/kaggle/input/datasets/sagar100rathod/inria-aerial-image-labeling-dataset/AerialImageDataset/train/gt/kitsap11.tif
train_kitsap11_1024_512,train,kitsap11.tif,kitsap,512,1024,512,/kaggle/input/datasets/sagar100rathod/inria-aerial-image-labeling-dataset/AerialImageDataset/train/images/kitsap11.tif,/kaggle/input/datasets/sagar100rathod/inria-aerial-image-labeling-dataset/AerialImageDataset/train/gt/kitsap11.tif
train_kitsap11_1024_3072,train,kitsap11.tif,kitsap,3072,1024,512,/kaggle/input/datasets/sagar100rathod/inria-aerial-image-labeling-dataset/AerialImageDataset/train/images/kitsap11.tif,/kaggle/input/datasets/sagar100rathod/inria-aerial-image-labeling-dataset/AerialImageDataset/train/gt/kitsap11.tif
train_kitsap11_2048_1024,train,kitsap11.tif,kitsap,1024,2048,512,/kaggle/input/datasets/sagar100rathod/inria-aerial-image-labeling-dataset/AerialImageDataset/train/images/kitsap11.tif,/kaggle/input/datasets/sagar100rathod/inria-aerial-image-labeling-dataset/AerialImageDataset/train/gt/kitsap11.tif
train_kitsap11_2560_4096,train,kitsap11.tif,kitsap,4096,2560,512,/kaggle/input/datasets/sagar100rathod/inria-aerial-image-labeling-dataset/AerialImageDataset/train/images/kitsap11.tif,/kaggle/input/datasets/sagar100rathod/inria-aerial-image-labeling-dataset/AerialImageDataset/train/gt/kitsap11.tif
train_kitsap11_3584_1536,train,kitsap11.tif,kitsap,1536,3584,512,/kaggle/input/datasets/sagar100rathod/inria-aerial-image-labeling-dataset/AerialImageDataset/train/images/kitsap11.tif,/kaggle/input/datasets/sagar100rathod/inria-aerial-image-labeling-dataset/AerialImageDataset/train/gt/kitsap11.tif
train_kitsap11_3584_3072,train,kitsap11.tif,kitsap,3072,3584,512,/kaggle/input/datasets/sagar100rathod/inria-aerial-image-labeling-dataset/AerialImageDataset/train/images/kitsap11.tif,/kaggle/input/datasets/sagar100rathod/inria-aerial-image-labeling-dataset/AerialImageDataset/train/gt/kitsap11.tif
train_kitsap11_3584_3584,train,kitsap11.tif,kitsap,3584,3584,512,/kaggle/input/datasets/sagar100rathod/inria-aerial-image-labeling-dataset/AerialImageDataset/train/images/kitsap11.tif,/kaggle/input/datasets/sagar100rathod/inria-aerial-image-labeling-dataset/AerialImageDataset/train/gt/kitsap11.tif
train_kitsap11_4096_2048,train,kitsap11.tif,kitsap,2048,4096,512,/kaggle/input/datasets/sagar100rathod/inria-aerial-image-labeling-dataset/AerialImageDataset/train/images/kitsap11.tif,/kaggle/input/datasets/sagar100rathod/inria-aerial-image-labeling-dataset/AerialImageDataset/train/gt/kitsap11.tif
train_kitsap11_4096_2560,train,kitsap11.tif,kitsap,2560,4096,512,/kaggle/input/datasets/sagar100rathod/inria-aerial-image-labeling-dataset/AerialImageDataset/train/images/kitsap11.tif,/kaggle/input/datasets/sagar100rathod/inria-aerial-image-labeling-dataset/AerialImageDataset/train/gt/kitsap11.tif
train_kitsap13_0_1536,train,kitsap13.tif,kitsap,1536,0,512,/kaggle/input/datasets/sagar100rathod/inria-aerial-image-labeling-dataset/AerialImageDataset/train/images/kitsap13.tif,/kaggle/input/datasets/sagar100rathod/inria-aerial-image-labeling-dataset/AerialImageDataset/train/gt/kitsap13.tif
train_kitsap13_512_512,train,kitsap13.tif,kitsap,512,512,512,/kaggle/input/datasets/sagar100rathod/inria-aerial-image-labeling-dataset/AerialImageDataset/train/images/kitsap13.tif,/kaggle/input/datasets/sagar100rathod/inria-aerial-image-labeling-dataset/AerialImageDataset/train/gt/kitsap13.tif
train_kitsap13_512_2048,train,kitsap13.tif,kitsap,2048,512,512,/kaggle/input/datasets/sagar100rathod/inria-aerial-image-labeling-dataset/AerialImageDataset/train/images/kitsap13.tif,/kaggle/input/datasets/sagar100rathod/inria-aerial-image-labeling-dataset/AerialImageDataset/train/gt/kitsap13.tif
train_kitsap13_2560_3072,train,kitsap13.tif,kitsap,3072,2560,512,/kaggle/input/datasets/sagar100rathod/inria-aerial-image-labeling-dataset/AerialImageDataset/train/images/kitsap13.tif,/kaggle/input/datasets/sagar100rathod/inria-aerial-image-labeling-dataset/AerialImageDataset/train/gt/kitsap13.tif
train_kitsap14_0_4096,train,kitsap14.tif,kitsap,4096,0,512,/kaggle/input/datasets/sagar100rathod/inria-aerial-image-labeling-dataset/AerialImageDataset/train/images/kitsap14.tif,/kaggle/input/datasets/sagar100rathod/inria-aerial-image-labeling-dataset/AerialImageDataset/train/gt/kitsap14.tif
train_kitsap14_1536_2048,train,kitsap14.tif,kitsap,2048,1536,512,/kaggle/input/datasets/sagar100rathod/inria-aerial-image-labeling-dataset/AerialImageDataset/train/images/kitsap14.tif,/kaggle/input/datasets/sagar100rathod/inria-aerial-image-labeling-dataset/AerialImageDataset/train/gt/kitsap14.tif
train_kitsap14_2048_1536,train,kitsap14.tif,kitsap,1536,2048,512,/kaggle/input/datasets/sagar100rathod/inria-aerial-image-labeling-dataset/AerialImageDataset/train/images/kitsap14.tif,/kaggle/input/datasets/sagar100rathod/inria-aerial-image-labeling-dataset/AerialImageDataset/train/gt/kitsap14.tif
train_kitsap14_2048_3072,train,kitsap14.tif,kitsap,3072,2048,512,/kaggle/input/datasets/sagar100rathod/inria-aerial-image-labeling-dataset/AerialImageDataset/train/images/kitsap14.tif,/kaggle/input/datasets/sagar100rathod/inria-aerial-image-labeling-dataset/AerialImageDataset/train/gt/kitsap14.tif
train_kitsap14_2048_4096,train,kitsap14.tif,kitsap,4096,2048,512,/kaggle/input/datasets/sagar100rathod/inria-aerial-image-labeling-dataset/AerialImageDataset/train/images/kitsap14.tif,/kaggle/input/datasets/sagar100rathod/inria-aerial-image-labeling-dataset/AerialImageDataset/train/gt/kitsap14.tif
train_kitsap14_2560_2560,train,kitsap14.tif,kitsap,2560,2560,512,/kaggle/input/datasets/sagar100rathod/inria-aerial-image-labeling-dataset/AerialImageDataset/train/images/kitsap14.tif,/kaggle/input/datasets/sagar100rathod/inria-aerial-image-labeling-dataset/AerialImageDataset/train/gt/kitsap14.tif
train_kitsap14_2560_3584,train,kitsap14.tif,kitsap,3584,2560,512,/kaggle/input/datasets/sagar100rathod/inria-aerial-image-labeling-dataset/AerialImageDataset/train/images/kitsap14.tif,/kaggle/input/datasets/sagar100rathod/inria-aerial-image-labeling-dataset/AerialImageDataset/train/gt/kitsap14.tif
train_kitsap14_3072_2048,train,kitsap14.tif,kitsap,2048,3072,512,/kaggle/input/datasets/sagar100rathod/inria-aerial-image-labeling-dataset/AerialImageDataset/train/images/kitsap14.tif,/kaggle/input/datasets/sagar100rathod/inria-aerial-image-labeling-dataset/AerialImageDataset/train/gt/kitsap14.tif
train_kitsap15_0_1024,train,kitsap15.tif,kitsap,1024,0,512,/kaggle/input/datasets/sagar100rathod/inria-aerial-image-labeling-dataset/AerialImageDataset/train/images/kitsap15.tif,/kaggle/input/datasets/sagar100rathod/inria-aerial-image-labeling-dataset/AerialImageDataset/train/gt/kitsap15.tif
train_kitsap15_0_1536,train,kitsap15.tif,kitsap,1536,0,512,/kaggle/input/datasets/sagar100rathod/inria-aerial-image-labeling-dataset/AerialImageDataset/train/images/kitsap15.tif,/kaggle/input/datasets/sagar100rathod/inria-aerial-image-labeling-dataset/AerialImageDataset/train/gt/kitsap15.tif
train_kitsap15_512_1536,train,kitsap15.tif,kitsap,1536,512,512,/kaggle/input/datasets/sagar100rathod/inria-aerial-image-labeling-dataset/AerialImageDataset/train/images/kitsap15.tif,/kaggle/input/datasets/sagar100rathod/inria-aerial-image-labeling-dataset/AerialImageDataset/train/gt/kitsap15.tif
train_kitsap15_1024_4096,train,kitsap15.tif,kitsap,4096,1024,512,/kaggle/input/datasets/sagar100rathod/inria-aerial-image-labeling-dataset/AerialImageDataset/train/images/kitsap15.tif,/kaggle/input/datasets/sagar100rathod/inria-aerial-image-labeling-dataset/AerialImageDataset/train/gt/kitsap15.tif
train_kitsap15_1536_1536,train,kitsap15.tif,kitsap,1536,1536,512,/kaggle/input/datasets/sagar100rathod/inria-aerial-image-labeling-dataset/AerialImageDataset/train/images/kitsap15.tif,/kaggle/input/datasets/sagar100rathod/inria-aerial-image-labeling-dataset/AerialImageDataset/train/gt/kitsap15.tif
train_kitsap15_1536_2048,train,kitsap15.tif,kitsap,2048,1536,512,/kaggle/input/datasets/sagar100rathod/inria-aerial-image-labeling-dataset/AerialImageDataset/train/images/kitsap15.tif,/kaggle/input/datasets/sagar100rathod/inria-aerial-image-labeling-dataset/AerialImageDataset/train/gt/kitsap15.tif
train_kitsap15_1536_3584,train,kitsap15.tif,kitsap,3584,1536,512,/kaggle/input/datasets/sagar100rathod/inria-aerial-image-labeling-dataset/AerialImageDataset/train/images/kitsap15.tif,/kaggle/input/datasets/sagar100rathod/inria-aerial-image-labeling-dataset/AerialImageDataset/train/gt/kitsap15.tif
train_kitsap15_3072_1024,train,kitsap15.tif,kitsap,1024,3072,512,/kaggle/input/datasets/sagar100rathod/inria-aerial-image-labeling-dataset/AerialImageDataset/train/images/kitsap15.tif,/kaggle/input/datasets/sagar100rathod/inria-aerial-image-labeling-dataset/AerialImageDataset/train/gt/kitsap15.tif
train_kitsap15_3072_2048,train,kitsap15.tif,kitsap,2048,3072,512,/kaggle/input/datasets/sagar100rathod/inria-aerial-image-labeling-dataset/AerialImageDataset/train/images/kitsap15.tif,/kaggle/input/datasets/sagar100rathod/inria-aerial-image-labeling-dataset/AerialImageDataset/train/gt/kitsap15.tif
train_kitsap15_3072_2560,train,kitsap15.tif,kitsap,2560,3072,512,/kaggle/input/datasets/sagar100rathod/inria-aerial-image-labeling-dataset/AerialImageDataset/train/images/kitsap15.tif,/kaggle/input/datasets/sagar100rathod/inria-aerial-image-labeling-dataset/AerialImageDataset/train/gt/kitsap15.tif
train_kitsap15_3072_3584,train,kitsap15.tif,kitsap,3584,3072,512,/kaggle/input/datasets/sagar100rathod/inria-aerial-image-labeling-dataset/AerialImageDataset/train/images/kitsap15.tif,/kaggle/input/datasets/sagar100rathod/inria-aerial-image-labeling-dataset/AerialImageDataset/train/gt/kitsap15.tif
train_kitsap15_3584_3584,train,kitsap15.tif,kitsap,3584,3584,512,/kaggle/input/datasets/sagar100rathod/inria-aerial-image-labeling-dataset/AerialImageDataset/train/images/kitsap15.tif,/kaggle/input/datasets/sagar100rathod/inria-aerial-image-labeling-dataset/AerialImageDataset/train/gt/kitsap15.tif
train_kitsap15_4096_1024,train,kitsap15.tif,kitsap,1024,4096,512,/kaggle/input/datasets/sagar100rathod/inria-aerial-image-labeling-dataset/AerialImageDataset/train/images/kitsap15.tif,/kaggle/input/datasets/sagar100rathod/inria-aerial-image-labeling-dataset/AerialImageDataset/train/gt/kitsap15.tif
train_kitsap16_0_1024,train,kitsap16.tif,kitsap,1024,0,512,/kaggle/input/datasets/sagar100rathod/inria-aerial-image-labeling-dataset/AerialImageDataset/train/images/kitsap16.tif,/kaggle/input/datasets/sagar100rathod/inria-aerial-image-labeling-dataset/AerialImageDataset/train/gt/kitsap16.tif
train_kitsap16_0_4096,train,kitsap16.tif,kitsap,4096,0,512,/kaggle/input/datasets/sagar100rathod/inria-aerial-image-labeling-dataset/AerialImageDataset/train/images/kitsap16.tif,/kaggle/input/datasets/sagar100rathod/inria-aerial-image-labeling-dataset/AerialImageDataset/train/gt/kitsap16.tif
train_kitsap16_512_0,train,kitsap16.tif,kitsap,0,512,512,/kaggle/input/datasets/sagar100rathod/inria-aerial-image-labeling-dataset/AerialImageDataset/train/images/kitsap16.tif,/kaggle/input/datasets/sagar100rathod/inria-aerial-image-labeling-dataset/AerialImageDataset/train/gt/kitsap16.tif
train_kitsap16_2560_2560,train,kitsap16.tif,kitsap,2560,2560,512,/kaggle/input/datasets/sagar100rathod/inria-aerial-image-labeling-dataset/AerialImageDataset/train/images/kitsap16.tif,/kaggle/input/datasets/sagar100rathod/inria-aerial-image-labeling-dataset/AerialImageDataset/train/gt/kitsap16.tif
train_kitsap16_3072_3072,train,kitsap16.tif,kitsap,3072,3072,512,/kaggle/input/datasets/sagar100rathod/inria-aerial-image-labeling-dataset/AerialImageDataset/train/images/kitsap16.tif,/kaggle/input/datasets/sagar100rathod/inria-aerial-image-labeling-dataset/AerialImageDataset/train/gt/kitsap16.tif
train_kitsap16_3072_4096,train,kitsap16.tif,kitsap,4096,3072,512,/kaggle/input/datasets/sagar100rathod/inria-aerial-image-labeling-dataset/AerialImageDataset/train/images/kitsap16.tif,/kaggle/input/datasets/sagar100rathod/inria-aerial-image-labeling-dataset/AerialImageDataset/train/gt/kitsap16.tif
train_kitsap16_3584_3072,train,kitsap16.tif,kitsap,3072,3584,512,/kaggle/input/datasets/sagar100rathod/inria-aerial-image-labeling-dataset/AerialImageDataset/train/images/kitsap16.tif,/kaggle/input/datasets/sagar100rathod/inria-aerial-image-labeling-dataset/AerialImageDataset/train/gt/kitsap16.tif
train_kitsap16_4096_1536,train,kitsap16.tif,kitsap,1536,4096,512,/kaggle/input/datasets/sagar100rathod/inria-aerial-image-labeling-dataset/AerialImageDataset/train/images/kitsap16.tif,/kaggle/input/datasets/sagar100rathod/inria-aerial-image-labeling-dataset/AerialImageDataset/train/gt/kitsap16.tif
train_kitsap17_512_0,train,kitsap17.tif,kitsap,0,512,512,/kaggle/input/datasets/sagar100rathod/inria-aerial-image-labeling-dataset/AerialImageDataset/train/images/kitsap17.tif,/kaggle/input/datasets/sagar100rathod/inria-aerial-image-labeling-dataset/AerialImageDataset/train/gt/kitsap17.tif
train_kitsap17_1536_512,train,kitsap17.tif,kitsap,512,1536,512,/kaggle/input/datasets/sagar100rathod/inria-aerial-image-labeling-dataset/AerialImageDataset/train/images/kitsap17.tif,/kaggle/input/datasets/sagar100rathod/inria-aerial-image-labeling-dataset/AerialImageDataset/train/gt/kitsap17.tif
train_kitsap17_2048_2048,train,kitsap17.tif,kitsap,2048,2048,512,/kaggle/input/datasets/sagar100rathod/inria-aerial-image-labeling-dataset/AerialImageDataset/train/images/kitsap17.tif,/kaggle/input/datasets/sagar100rathod/inria-aerial-image-labeling-dataset/AerialImageDataset/train/gt/kitsap17.tif
train_kitsap17_2560_0,train,kitsap17.tif,kitsap,0,2560,512,/kaggle/input/datasets/sagar100rathod/inria-aerial-image-labeling-dataset/AerialImageDataset/train/images/kitsap17.tif,/kaggle/input/datasets/sagar100rathod/inria-aerial-image-labeling-dataset/AerialImageDataset/train/gt/kitsap17.tif
train_kitsap17_2560_2560,train,kitsap17.tif,kitsap,2560,2560,512,/kaggle/input/datasets/sagar100rathod/inria-aerial-image-labeling-dataset/AerialImageDataset/train/images/kitsap17.tif,/kaggle/input/datasets/sagar100rathod/inria-aerial-image-labeling-dataset/AerialImageDataset/train/gt/kitsap17.tif
train_kitsap17_3584_512,train,kitsap17.tif,kitsap,512,3584,512,/kaggle/input/datasets/sagar100rathod/inria-aerial-image-labeling-dataset/AerialImageDataset/train/images/kitsap17.tif,/kaggle/input/datasets/sagar100rathod/inria-aerial-image-labeling-dataset/AerialImageDataset/train/gt/kitsap17.tif
train_kitsap17_4096_2048,train,kitsap17.tif,kitsap,2048,4096,512,/kaggle/input/datasets/sagar100rathod/inria-aerial-image-labeling-dataset/AerialImageDataset/train/images/kitsap17.tif,/kaggle/input/datasets/sagar100rathod/inria-aerial-image-labeling-dataset/AerialImageDataset/train/gt/kitsap17.tif
train_kitsap18_0_1536,train,kitsap18.tif,kitsap,1536,0,512,/kaggle/input/datasets/sagar100rathod/inria-aerial-image-labeling-dataset/AerialImageDataset/train/images/kitsap18.tif,/kaggle/input/datasets/sagar100rathod/inria-aerial-image-labeling-dataset/AerialImageDataset/train/gt/kitsap18.tif
train_kitsap18_512_2560,train,kitsap18.tif,kitsap,2560,512,512,/kaggle/input/datasets/sagar100rathod/inria-aerial-image-labeling-dataset/AerialImageDataset/train/images/kitsap18.tif,/kaggle/input/datasets/sagar100rathod/inria-aerial-image-labeling-dataset/AerialImageDataset/train/gt/kitsap18.tif
train_kitsap18_1024_512,train,kitsap18.tif,kitsap,512,1024,512,/kaggle/input/datasets/sagar100rathod/inria-aerial-image-labeling-dataset/AerialImageDataset/train/images/kitsap18.tif,/kaggle/input/datasets/sagar100rathod/inria-aerial-image-labeling-dataset/AerialImageDataset/train/gt/kitsap18.tif
train_kitsap18_1024_1536,train,kitsap18.tif,kitsap,1536,1024,512,/kaggle/input/datasets/sagar100rathod/inria-aerial-image-labeling-dataset/AerialImageDataset/train/images/kitsap18.tif,/kaggle/input/datasets/sagar100rathod/inria-aerial-image-labeling-dataset/AerialImageDataset/train/gt/kitsap18.tif
train_kitsap18_1536_512,train,kitsap18.tif,kitsap,512,1536,512,/kaggle/input/datasets/sagar100rathod/inria-aerial-image-labeling-dataset/AerialImageDataset/train/images/kitsap18.tif,/kaggle/input/datasets/sagar100rathod/inria-aerial-image-labeling-dataset/AerialImageDataset/train/gt/kitsap18.tif
train_kitsap18_3584_0,train,kitsap18.tif,kitsap,0,3584,512,/kaggle/input/datasets/sagar100rathod/inria-aerial-image-labeling-dataset/AerialImageDataset/train/images/kitsap18.tif,/kaggle/input/datasets/sagar100rathod/inria-aerial-image-labeling-dataset/AerialImageDataset/train/gt/kitsap18.tif
train_kitsap18_3584_2048,train,kitsap18.tif,kitsap,2048,3584,512,/kaggle/input/datasets/sagar100rathod/inria-aerial-image-labeling-dataset/AerialImageDataset/train/images/kitsap18.tif,/kaggle/input/datasets/sagar100rathod/inria-aerial-image-labeling-dataset/AerialImageDataset/train/gt/kitsap18.tif
train_kitsap18_3584_3584,train,kitsap18.tif,kitsap,3584,3584,512,/kaggle/input/datasets/sagar100rathod/inria-aerial-image-labeling-dataset/AerialImageDataset/train/images/kitsap18.tif,/kaggle/input/datasets/sagar100rathod/inria-aerial-image-labeling-dataset/AerialImageDataset/train/gt/kitsap18.tif
train_kitsap19_0_2048,train,kitsap19.tif,kitsap,2048,0,512,/kaggle/input/datasets/sagar100rathod/inria-aerial-image-labeling-dataset/AerialImageDataset/train/images/kitsap19.tif,/kaggle/input/datasets/sagar100rathod/inria-aerial-image-labeling-dataset/AerialImageDataset/train/gt/kitsap19.tif
train_kitsap19_512_1536,train,kitsap19.tif,kitsap,1536,512,512,/kaggle/input/datasets/sagar100rathod/inria-aerial-image-labeling-dataset/AerialImageDataset/train/images/kitsap19.tif,/kaggle/input/datasets/sagar100rathod/inria-aerial-image-labeling-dataset/AerialImageDataset/train/gt/kitsap19.tif
train_kitsap19_1024_1536,train,kitsap19.tif,kitsap,1536,1024,512,/kaggle/input/datasets/sagar100rathod/inria-aerial-image-labeling-dataset/AerialImageDataset/train/images/kitsap19.tif,/kaggle/input/datasets/sagar100rathod/inria-aerial-image-labeling-dataset/AerialImageDataset/train/gt/kitsap19.tif
train_kitsap19_1024_3584,train,kitsap19.tif,kitsap,3584,1024,512,/kaggle/input/datasets/sagar100rathod/inria-aerial-image-labeling-dataset/AerialImageDataset/train/images/kitsap19.tif,/kaggle/input/datasets/sagar100rathod/inria-aerial-image-labeling-dataset/AerialImageDataset/train/gt/kitsap19.tif
train_kitsap19_1536_3072,train,kitsap19.tif,kitsap,3072,1536,512,/kaggle/input/datasets/sagar100rathod/inria-aerial-image-labeling-dataset/AerialImageDataset/train/images/kitsap19.tif,/kaggle/input/datasets/sagar100rathod/inria-aerial-image-labeling-dataset/AerialImageDataset/train/gt/kitsap19.tif
train_kitsap19_2048_1024,train,kitsap19.tif,kitsap,1024,2048,512,/kaggle/input/datasets/sagar100rathod/inria-aerial-image-labeling-dataset/AerialImageDataset/train/images/kitsap19.tif,/kaggle/input/datasets/sagar100rathod/inria-aerial-image-labeling-dataset/AerialImageDataset/train/gt/kitsap19.tif
train_kitsap19_2048_3072,train,kitsap19.tif,kitsap,3072,2048,512,/kaggle/input/datasets/sagar100rathod/inria-aerial-image-labeling-dataset/AerialImageDataset/train/images/kitsap19.tif,/kaggle/input/datasets/sagar100rathod/inria-aerial-image-labeling-dataset/AerialImageDataset/train/gt/kitsap19.tif
train_kitsap19_2048_3584,train,kitsap19.tif,kitsap,3584,2048,512,/kaggle/input/datasets/sagar100rathod/inria-aerial-image-labeling-dataset/AerialImageDataset/train/images/kitsap19.tif,/kaggle/input/datasets/sagar100rathod/inria-aerial-image-labeling-dataset/AerialImageDataset/train/gt/kitsap19.tif
train_kitsap19_2560_2048,train,kitsap19.tif,kitsap,2048,2560,512,/kaggle/input/datasets/sagar100rathod/inria-aerial-image-labeling-dataset/AerialImageDataset/train/images/kitsap19.tif,/kaggle/input/datasets/sagar100rathod/inria-aerial-image-labeling-dataset/AerialImageDataset/train/gt/kitsap19.tif
train_kitsap19_3072_1024,train,kitsap19.tif,kitsap,1024,3072,512,/kaggle/input/datasets/sagar100rathod/inria-aerial-image-labeling-dataset/AerialImageDataset/train/images/kitsap19.tif,/kaggle/input/datasets/sagar100rathod/inria-aerial-image-labeling-dataset/AerialImageDataset/train/gt/kitsap19.tif
train_kitsap19_3072_3584,train,kitsap19.tif,kitsap,3584,3072,512,/kaggle/input/datasets/sagar100rathod/inria-aerial-image-labeling-dataset/AerialImageDataset/train/images/kitsap19.tif,/kaggle/input/datasets/sagar100rathod/inria-aerial-image-labeling-dataset/AerialImageDataset/train/gt/kitsap19.tif
train_kitsap19_3584_4096,train,kitsap19.tif,kitsap,4096,3584,512,/kaggle/input/datasets/sagar100rathod/inria-aerial-image-labeling-dataset/AerialImageDataset/train/images/kitsap19.tif,/kaggle/input/datasets/sagar100rathod/inria-aerial-image-labeling-dataset/AerialImageDataset/train/gt/kitsap19.tif
train_kitsap19_4096_2048,train,kitsap19.tif,kitsap,2048,4096,512,/kaggle/input/datasets/sagar100rathod/inria-aerial-image-labeling-dataset/AerialImageDataset/train/images/kitsap19.tif,/kaggle/input/datasets/sagar100rathod/inria-aerial-image-labeling-dataset/AerialImageDataset/train/gt/kitsap19.tif
train_kitsap19_4096_2560,train,kitsap19.tif,kitsap,2560,4096,512,/kaggle/input/datasets/sagar100rathod/inria-aerial-image-labeling-dataset/AerialImageDataset/train/images/kitsap19.tif,/kaggle/input/datasets/sagar100rathod/inria-aerial-image-labeling-dataset/AerialImageDataset/train/gt/kitsap19.tif
train_kitsap2_0_2048,train,kitsap2.tif,kitsap,2048,0,512,/kaggle/input/datasets/sagar100rathod/inria-aerial-image-labeling-dataset/AerialImageDataset/train/images/kitsap2.tif,/kaggle/input/datasets/sagar100rathod/inria-aerial-image-labeling-dataset/AerialImageDataset/train/gt/kitsap2.tif
train_kitsap2_0_2560,train,kitsap2.tif,kitsap,2560,0,512,/kaggle/input/datasets/sagar100rathod/inria-aerial-image-labeling-dataset/AerialImageDataset/train/images/kitsap2.tif,/kaggle/input/datasets/sagar100rathod/inria-aerial-image-labeling-dataset/AerialImageDataset/train/gt/kitsap2.tif
train_kitsap2_1024_1536,train,kitsap2.tif,kitsap,1536,1024,512,/kaggle/input/datasets/sagar100rathod/inria-aerial-image-labeling-dataset/AerialImageDataset/train/images/kitsap2.tif,/kaggle/input/datasets/sagar100rathod/inria-aerial-image-labeling-dataset/AerialImageDataset/train/gt/kitsap2.tif
train_kitsap2_1024_4096,train,kitsap2.tif,kitsap,4096,1024,512,/kaggle/input/datasets/sagar100rathod/inria-aerial-image-labeling-dataset/AerialImageDataset/train/images/kitsap2.tif,/kaggle/input/datasets/sagar100rathod/inria-aerial-image-labeling-dataset/AerialImageDataset/train/gt/kitsap2.tif
train_kitsap2_1536_0,train,kitsap2.tif,kitsap,0,1536,512,/kaggle/input/datasets/sagar100rathod/inria-aerial-image-labeling-dataset/AerialImageDataset/train/images/kitsap2.tif,/kaggle/input/datasets/sagar100rathod/inria-aerial-image-labeling-dataset/AerialImageDataset/train/gt/kitsap2.tif
train_kitsap2_1536_2560,train,kitsap2.tif,kitsap,2560,1536,512,/kaggle/input/datasets/sagar100rathod/inria-aerial-image-labeling-dataset/AerialImageDataset/train/images/kitsap2.tif,/kaggle/input/datasets/sagar100rathod/inria-aerial-image-labeling-dataset/AerialImageDataset/train/gt/kitsap2.tif
train_kitsap2_1536_4096,train,kitsap2.tif,kitsap,4096,1536,512,/kaggle/input/datasets/sagar100rathod/inria-aerial-image-labeling-dataset/AerialImageDataset/train/images/kitsap2.tif,/kaggle/input/datasets/sagar100rathod/inria-aerial-image-labeling-dataset/AerialImageDataset/train/gt/kitsap2.tif
train_kitsap2_2048_1536,train,kitsap2.tif,kitsap,1536,2048,512,/kaggle/input/datasets/sagar100rathod/inria-aerial-image-labeling-dataset/AerialImageDataset/train/images/kitsap2.tif,/kaggle/input/datasets/sagar100rathod/inria-aerial-image-labeling-dataset/AerialImageDataset/train/gt/kitsap2.tif
train_kitsap2_2048_2560,train,kitsap2.tif,kitsap,2560,2048,512,/kaggle/input/datasets/sagar100rathod/inria-aerial-image-labeling-dataset/AerialImageDataset/train/images/kitsap2.tif,/kaggle/input/datasets/sagar100rathod/inria-aerial-image-labeling-dataset/AerialImageDataset/train/gt/kitsap2.tif
train_kitsap2_2048_3584,train,kitsap2.tif,kitsap,3584,2048,512,/kaggle/input/datasets/sagar100rathod/inria-aerial-image-labeling-dataset/AerialImageDataset/train/images/kitsap2.tif,/kaggle/input/datasets/sagar100rathod/inria-aerial-image-labeling-dataset/AerialImageDataset/train/gt/kitsap2.tif
train_kitsap2_2560_1536,train,kitsap2.tif,kitsap,1536,2560,512,/kaggle/input/datasets/sagar100rathod/inria-aerial-image-labeling-dataset/AerialImageDataset/train/images/kitsap2.tif,/kaggle/input/datasets/sagar100rathod/inria-aerial-image-labeling-dataset/AerialImageDataset/train/gt/kitsap2.tif
train_kitsap2_3072_0,train,kitsap2.tif,kitsap,0,3072,512,/kaggle/input/datasets/sagar100rathod/inria-aerial-image-labeling-dataset/AerialImageDataset/train/images/kitsap2.tif,/kaggle/input/datasets/sagar100rathod/inria-aerial-image-labeling-dataset/AerialImageDataset/train/gt/kitsap2.tif
train_kitsap2_3072_2560,train,kitsap2.tif,kitsap,2560,3072,512,/kaggle/input/datasets/sagar100rathod/inria-aerial-image-labeling-dataset/AerialImageDataset/train/images/kitsap2.tif,/kaggle/input/datasets/sagar100rathod/inria-aerial-image-labeling-dataset/AerialImageDataset/train/gt/kitsap2.tif
train_kitsap2_3584_3072,train,kitsap2.tif,kitsap,3072,3584,512,/kaggle/input/datasets/sagar100rathod/inria-aerial-image-labeling-dataset/AerialImageDataset/train/images/kitsap2.tif,/kaggle/input/datasets/sagar100rathod/inria-aerial-image-labeling-dataset/AerialImageDataset/train/gt/kitsap2.tif
train_kitsap2_3584_4096,train,kitsap2.tif,kitsap,4096,3584,512,/kaggle/input/datasets/sagar100rathod/inria-aerial-image-labeling-dataset/AerialImageDataset/train/images/kitsap2.tif,/kaggle/input/datasets/sagar100rathod/inria-aerial-image-labeling-dataset/AerialImageDataset/train/gt/kitsap2.tif
train_kitsap2_4096_3072,train,kitsap2.tif,kitsap,3072,4096,512,/kaggle/input/datasets/sagar100rathod/inria-aerial-image-labeling-dataset/AerialImageDataset/train/images/kitsap2.tif,/kaggle/input/datasets/sagar100rathod/inria-aerial-image-labeling-dataset/AerialImageDataset/train/gt/kitsap2.tif
train_kitsap21_512_512,train,kitsap21.tif,kitsap,512,512,512,/kaggle/input/datasets/sagar100rathod/inria-aerial-image-labeling-dataset/AerialImageDataset/train/images/kitsap21.tif,/kaggle/input/datasets/sagar100rathod/inria-aerial-image-labeling-dataset/AerialImageDataset/train/gt/kitsap21.tif
train_kitsap21_1536_512,train,kitsap21.tif,kitsap,512,1536,512,/kaggle/input/datasets/sagar100rathod/inria-aerial-image-labeling-dataset/AerialImageDataset/train/images/kitsap21.tif,/kaggle/input/datasets/sagar100rathod/inria-aerial-image-labeling-dataset/AerialImageDataset/train/gt/kitsap21.tif
train_kitsap21_2048_3584,train,kitsap21.tif,kitsap,3584,2048,512,/kaggle/input/datasets/sagar100rathod/inria-aerial-image-labeling-dataset/AerialImageDataset/train/images/kitsap21.tif,/kaggle/input/datasets/sagar100rathod/inria-aerial-image-labeling-dataset/AerialImageDataset/train/gt/kitsap21.tif
train_kitsap21_2560_1536,train,kitsap21.tif,kitsap,1536,2560,512,/kaggle/input/datasets/sagar100rathod/inria-aerial-image-labeling-dataset/AerialImageDataset/train/images/kitsap21.tif,/kaggle/input/datasets/sagar100rathod/inria-aerial-image-labeling-dataset/AerialImageDataset/train/gt/kitsap21.tif
train_kitsap21_2560_4096,train,kitsap21.tif,kitsap,4096,2560,512,/kaggle/input/datasets/sagar100rathod/inria-aerial-image-labeling-dataset/AerialImageDataset/train/images/kitsap21.tif,/kaggle/input/datasets/sagar100rathod/inria-aerial-image-labeling-dataset/AerialImageDataset/train/gt/kitsap21.tif
train_kitsap21_3072_3072,train,kitsap21.tif,kitsap,3072,3072,512,/kaggle/input/datasets/sagar100rathod/inria-aerial-image-labeling-dataset/AerialImageDataset/train/images/kitsap21.tif,/kaggle/input/datasets/sagar100rathod/inria-aerial-image-labeling-dataset/AerialImageDataset/train/gt/kitsap21.tif
train_kitsap21_3584_2048,train,kitsap21.tif,kitsap,2048,3584,512,/kaggle/input/datasets/sagar100rathod/inria-aerial-image-labeling-dataset/AerialImageDataset/train/images/kitsap21.tif,/kaggle/input/datasets/sagar100rathod/inria-aerial-image-labeling-dataset/AerialImageDataset/train/gt/kitsap21.tif
train_kitsap25_512_512,train,kitsap25.tif,kitsap,512,512,512,/kaggle/input/datasets/sagar100rathod/inria-aerial-image-labeling-dataset/AerialImageDataset/train/images/kitsap25.tif,/kaggle/input/datasets/sagar100rathod/inria-aerial-image-labeling-dataset/AerialImageDataset/train/gt/kitsap25.tif
train_kitsap25_512_2048,train,kitsap25.tif,kitsap,2048,512,512,/kaggle/input/datasets/sagar100rathod/inria-aerial-image-labeling-dataset/AerialImageDataset/train/images/kitsap25.tif,/kaggle/input/datasets/sagar100rathod/inria-aerial-image-labeling-dataset/AerialImageDataset/train/gt/kitsap25.tif
train_kitsap25_512_4096,train,kitsap25.tif,kitsap,4096,512,512,/kaggle/input/datasets/sagar100rathod/inria-aerial-image-labeling-dataset/AerialImageDataset/train/images/kitsap25.tif,/kaggle/input/datasets/sagar100rathod/inria-aerial-image-labeling-dataset/AerialImageDataset/train/gt/kitsap25.tif
train_kitsap25_1024_2560,train,kitsap25.tif,kitsap,2560,1024,512,/kaggle/input/datasets/sagar100rathod/inria-aerial-image-labeling-dataset/AerialImageDataset/train/images/kitsap25.tif,/kaggle/input/datasets/sagar100rathod/inria-aerial-image-labeling-dataset/AerialImageDataset/train/gt/kitsap25.tif
train_kitsap25_1536_0,train,kitsap25.tif,kitsap,0,1536,512,/kaggle/input/datasets/sagar100rathod/inria-aerial-image-labeling-dataset/AerialImageDataset/train/images/kitsap25.tif,/kaggle/input/datasets/sagar100rathod/inria-aerial-image-labeling-dataset/AerialImageDataset/train/gt/kitsap25.tif
train_kitsap25_1536_1536,train,kitsap25.tif,kitsap,1536,1536,512,/kaggle/input/datasets/sagar100rathod/inria-aerial-image-labeling-dataset/AerialImageDataset/train/images/kitsap25.tif,/kaggle/input/datasets/sagar100rathod/inria-aerial-image-labeling-dataset/AerialImageDataset/train/gt/kitsap25.tif
train_kitsap25_1536_3072,train,kitsap25.tif,kitsap,3072,1536,512,/kaggle/input/datasets/sagar100rathod/inria-aerial-image-labeling-dataset/AerialImageDataset/train/images/kitsap25.tif,/kaggle/input/datasets/sagar100rathod/inria-aerial-image-labeling-dataset/AerialImageDataset/train/gt/kitsap25.tif
train_kitsap25_2048_512,train,kitsap25.tif,kitsap,512,2048,512,/kaggle/input/datasets/sagar100rathod/inria-aerial-image-labeling-dataset/AerialImageDataset/train/images/kitsap25.tif,/kaggle/input/datasets/sagar100rathod/inria-aerial-image-labeling-dataset/AerialImageDataset/train/gt/kitsap25.tif
train_kitsap25_2048_2560,train,kitsap25.tif,kitsap,2560,2048,512,/kaggle/input/datasets/sagar100rathod/inria-aerial-image-labeling-dataset/AerialImageDataset/train/images/kitsap25.tif,/kaggle/input/datasets/sagar100rathod/inria-aerial-image-labeling-dataset/AerialImageDataset/train/gt/kitsap25.tif
train_kitsap25_3072_3072,train,kitsap25.tif,kitsap,3072,3072,512,/kaggle/input/datasets/sagar100rathod/inria-aerial-image-labeling-dataset/AerialImageDataset/train/images/kitsap25.tif,/kaggle/input/datasets/sagar100rathod/inria-aerial-image-labeling-dataset/AerialImageDataset/train/gt/kitsap25.tif
train_kitsap25_3072_4096,train,kitsap25.tif,kitsap,4096,3072,512,/kaggle/input/datasets/sagar100rathod/inria-aerial-image-labeling-dataset/AerialImageDataset/train/images/kitsap25.tif,/kaggle/input/datasets/sagar100rathod/inria-aerial-image-labeling-dataset/AerialImageDataset/train/gt/kitsap25.tif
train_kitsap25_3584_1024,train,kitsap25.tif,kitsap,1024,3584,512,/kaggle/input/datasets/sagar100rathod/inria-aerial-image-labeling-dataset/AerialImageDataset/train/images/kitsap25.tif,/kaggle/input/datasets/sagar100rathod/inria-aerial-image-labeling-dataset/AerialImageDataset/train/gt/kitsap25.tif
train_kitsap25_3584_2560,train,kitsap25.tif,kitsap,2560,3584,512,/kaggle/input/datasets/sagar100rathod/inria-aerial-image-labeling-dataset/AerialImageDataset/train/images/kitsap25.tif,/kaggle/input/datasets/sagar100rathod/inria-aerial-image-labeling-dataset/AerialImageDataset/train/gt/kitsap25.tif
train_kitsap26_0_512,train,kitsap26.tif,kitsap,512,0,512,/kaggle/input/datasets/sagar100rathod/inria-aerial-image-labeling-dataset/AerialImageDataset/train/images/kitsap26.tif,/kaggle/input/datasets/sagar100rathod/inria-aerial-image-labeling-dataset/AerialImageDataset/train/gt/kitsap26.tif
train_kitsap26_0_1536,train,kitsap26.tif,kitsap,1536,0,512,/kaggle/input/datasets/sagar100rathod/inria-aerial-image-labeling-dataset/AerialImageDataset/train/images/kitsap26.tif,/kaggle/input/datasets/sagar100rathod/inria-aerial-image-labeling-dataset/AerialImageDataset/train/gt/kitsap26.tif
train_kitsap26_0_3584,train,kitsap26.tif,kitsap,3584,0,512,/kaggle/input/datasets/sagar100rathod/inria-aerial-image-labeling-dataset/AerialImageDataset/train/images/kitsap26.tif,/kaggle/input/datasets/sagar100rathod/inria-aerial-image-labeling-dataset/AerialImageDataset/train/gt/kitsap26.tif
train_kitsap26_512_0,train,kitsap26.tif,kitsap,0,512,512,/kaggle/input/datasets/sagar100rathod/inria-aerial-image-labeling-dataset/AerialImageDataset/train/images/kitsap26.tif,/kaggle/input/datasets/sagar100rathod/inria-aerial-image-labeling-dataset/AerialImageDataset/train/gt/kitsap26.tif
train_kitsap26_1536_512,train,kitsap26.tif,kitsap,512,1536,512,/kaggle/input/datasets/sagar100rathod/inria-aerial-image-labeling-dataset/AerialImageDataset/train/images/kitsap26.tif,/kaggle/input/datasets/sagar100rathod/inria-aerial-image-labeling-dataset/AerialImageDataset/train/gt/kitsap26.tif
train_kitsap26_2048_0,train,kitsap26.tif,kitsap,0,2048,512,/kaggle/input/datasets/sagar100rathod/inria-aerial-image-labeling-dataset/AerialImageDataset/train/images/kitsap26.tif,/kaggle/input/datasets/sagar100rathod/inria-aerial-image-labeling-dataset/AerialImageDataset/train/gt/kitsap26.tif
train_kitsap26_2048_1536,train,kitsap26.tif,kitsap,1536,2048,512,/kaggle/input/datasets/sagar100rathod/inria-aerial-image-labeling-dataset/AerialImageDataset/train/images/kitsap26.tif,/kaggle/input/datasets/sagar100rathod/inria-aerial-image-labeling-dataset/AerialImageDataset/train/gt/kitsap26.tif
train_kitsap26_2560_512,train,kitsap26.tif,kitsap,512,2560,512,/kaggle/input/datasets/sagar100rathod/inria-aerial-image-labeling-dataset/AerialImageDataset/train/images/kitsap26.tif,/kaggle/input/datasets/sagar100rathod/inria-aerial-image-labeling-dataset/AerialImageDataset/train/gt/kitsap26.tif
train_kitsap26_2560_1024,train,kitsap26.tif,kitsap,1024,2560,512,/kaggle/input/datasets/sagar100rathod/inria-aerial-image-labeling-dataset/AerialImageDataset/train/images/kitsap26.tif,/kaggle/input/datasets/sagar100rathod/inria-aerial-image-labeling-dataset/AerialImageDataset/train/gt/kitsap26.tif
train_kitsap26_3072_3072,train,kitsap26.tif,kitsap,3072,3072,512,/kaggle/input/datasets/sagar100rathod/inria-aerial-image-labeling-dataset/AerialImageDataset/train/images/kitsap26.tif,/kaggle/input/datasets/sagar100rathod/inria-aerial-image-labeling-dataset/AerialImageDataset/train/gt/kitsap26.tif
train_kitsap29_0_2048,train,kitsap29.tif,kitsap,2048,0,512,/kaggle/input/datasets/sagar100rathod/inria-aerial-image-labeling-dataset/AerialImageDataset/train/images/kitsap29.tif,/kaggle/input/datasets/sagar100rathod/inria-aerial-image-labeling-dataset/AerialImageDataset/train/gt/kitsap29.tif
train_kitsap29_0_3584,train,kitsap29.tif,kitsap,3584,0,512,/kaggle/input/datasets/sagar100rathod/inria-aerial-image-labeling-dataset/AerialImageDataset/train/images/kitsap29.tif,/kaggle/input/datasets/sagar100rathod/inria-aerial-image-labeling-dataset/AerialImageDataset/train/gt/kitsap29.tif
train_kitsap29_0_4096,train,kitsap29.tif,kitsap,4096,0,512,/kaggle/input/datasets/sagar100rathod/inria-aerial-image-labeling-dataset/AerialImageDataset/train/images/kitsap29.tif,/kaggle/input/datasets/sagar100rathod/inria-aerial-image-labeling-dataset/AerialImageDataset/train/gt/kitsap29.tif
train_kitsap29_512_0,train,kitsap29.tif,kitsap,0,512,512,/kaggle/input/datasets/sagar100rathod/inria-aerial-image-labeling-dataset/AerialImageDataset/train/images/kitsap29.tif,/kaggle/input/datasets/sagar100rathod/inria-aerial-image-labeling-dataset/AerialImageDataset/train/gt/kitsap29.tif
train_kitsap29_512_3584,train,kitsap29.tif,kitsap,3584,512,512,/kaggle/input/datasets/sagar100rathod/inria-aerial-image-labeling-dataset/AerialImageDataset/train/images/kitsap29.tif,/kaggle/input/datasets/sagar100rathod/inria-aerial-image-labeling-dataset/AerialImageDataset/train/gt/kitsap29.tif
train_kitsap29_1024_0,train,kitsap29.tif,kitsap,0,1024,512,/kaggle/input/datasets/sagar100rathod/inria-aerial-image-labeling-dataset/AerialImageDataset/train/images/kitsap29.tif,/kaggle/input/datasets/sagar100rathod/inria-aerial-image-labeling-dataset/AerialImageDataset/train/gt/kitsap29.tif
train_kitsap29_1024_512,train,kitsap29.tif,kitsap,512,1024,512,/kaggle/input/datasets/sagar100rathod/inria-aerial-image-labeling-dataset/AerialImageDataset/train/images/kitsap29.tif,/kaggle/input/datasets/sagar100rathod/inria-aerial-image-labeling-dataset/AerialImageDataset/train/gt/kitsap29.tif
train_kitsap29_1024_2048,train,kitsap29.tif,kitsap,2048,1024,512,/kaggle/input/datasets/sagar100rathod/inria-aerial-image-labeling-dataset/AerialImageDataset/train/images/kitsap29.tif,/kaggle/input/datasets/sagar100rathod/inria-aerial-image-labeling-dataset/AerialImageDataset/train/gt/kitsap29.tif
train_kitsap29_1024_4096,train,kitsap29.tif,kitsap,4096,1024,512,/kaggle/input/datasets/sagar100rathod/inria-aerial-image-labeling-dataset/AerialImageDataset/train/images/kitsap29.tif,/kaggle/input/datasets/sagar100rathod/inria-aerial-image-labeling-dataset/AerialImageDataset/train/gt/kitsap29.tif
train_kitsap29_1536_512,train,kitsap29.tif,kitsap,512,1536,512,/kaggle/input/datasets/sagar100rathod/inria-aerial-image-labeling-dataset/AerialImageDataset/train/images/kitsap29.tif,/kaggle/input/datasets/sagar100rathod/inria-aerial-image-labeling-dataset/AerialImageDataset/train/gt/kitsap29.tif
train_kitsap29_1536_2048,train,kitsap29.tif,kitsap,2048,1536,512,/kaggle/input/datasets/sagar100rathod/inria-aerial-image-labeling-dataset/AerialImageDataset/train/images/kitsap29.tif,/kaggle/input/datasets/sagar100rathod/inria-aerial-image-labeling-dataset/AerialImageDataset/train/gt/kitsap29.tif
train_kitsap29_1536_3072,train,kitsap29.tif,kitsap,3072,1536,512,/kaggle/input/datasets/sagar100rathod/inria-aerial-image-labeling-dataset/AerialImageDataset/train/images/kitsap29.tif,/kaggle/input/datasets/sagar100rathod/inria-aerial-image-labeling-dataset/AerialImageDataset/train/gt/kitsap29.tif
train_kitsap29_2048_4096,train,kitsap29.tif,kitsap,4096,2048,512,/kaggle/input/datasets/sagar100rathod/inria-aerial-image-labeling-dataset/AerialImageDataset/train/images/kitsap29.tif,/kaggle/input/datasets/sagar100rathod/inria-aerial-image-labeling-dataset/AerialImageDataset/train/gt/kitsap29.tif
train_kitsap29_2560_3072,train,kitsap29.tif,kitsap,3072,2560,512,/kaggle/input/datasets/sagar100rathod/inria-aerial-image-labeling-dataset/AerialImageDataset/train/images/kitsap29.tif,/kaggle/input/datasets/sagar100rathod/inria-aerial-image-labeling-dataset/AerialImageDataset/train/gt/kitsap29.tif
train_kitsap3_0_1024,train,kitsap3.tif,kitsap,1024,0,512,/kaggle/input/datasets/sagar100rathod/inria-aerial-image-labeling-dataset/AerialImageDataset/train/images/kitsap3.tif,/kaggle/input/datasets/sagar100rathod/inria-aerial-image-labeling-dataset/AerialImageDataset/train/gt/kitsap3.tif
train_kitsap3_0_4096,train,kitsap3.tif,kitsap,4096,0,512,/kaggle/input/datasets/sagar100rathod/inria-aerial-image-labeling-dataset/AerialImageDataset/train/images/kitsap3.tif,/kaggle/input/datasets/sagar100rathod/inria-aerial-image-labeling-dataset/AerialImageDataset/train/gt/kitsap3.tif
train_kitsap3_512_1024,train,kitsap3.tif,kitsap,1024,512,512,/kaggle/input/datasets/sagar100rathod/inria-aerial-image-labeling-dataset/AerialImageDataset/train/images/kitsap3.tif,/kaggle/input/datasets/sagar100rathod/inria-aerial-image-labeling-dataset/AerialImageDataset/train/gt/kitsap3.tif
train_kitsap3_512_1536,train,kitsap3.tif,kitsap,1536,512,512,/kaggle/input/datasets/sagar100rathod/inria-aerial-image-labeling-dataset/AerialImageDataset/train/images/kitsap3.tif,/kaggle/input/datasets/sagar100rathod/inria-aerial-image-labeling-dataset/AerialImageDataset/train/gt/kitsap3.tif
train_kitsap3_512_2048,train,kitsap3.tif,kitsap,2048,512,512,/kaggle/input/datasets/sagar100rathod/inria-aerial-image-labeling-dataset/AerialImageDataset/train/images/kitsap3.tif,/kaggle/input/datasets/sagar100rathod/inria-aerial-image-labeling-dataset/AerialImageDataset/train/gt/kitsap3.tif
train_kitsap3_512_2560,train,kitsap3.tif,kitsap,2560,512,512,/kaggle/input/datasets/sagar100rathod/inria-aerial-image-labeling-dataset/AerialImageDataset/train/images/kitsap3.tif,/kaggle/input/datasets/sagar100rathod/inria-aerial-image-labeling-dataset/AerialImageDataset/train/gt/kitsap3.tif
train_kitsap3_512_3584,train,kitsap3.tif,kitsap,3584,512,512,/kaggle/input/datasets/sagar100rathod/inria-aerial-image-labeling-dataset/AerialImageDataset/train/images/kitsap3.tif,/kaggle/input/datasets/sagar100rathod/inria-aerial-image-labeling-dataset/AerialImageDataset/train/gt/kitsap3.tif
train_kitsap3_1536_0,train,kitsap3.tif,kitsap,0,1536,512,/kaggle/input/datasets/sagar100rathod/inria-aerial-image-labeling-dataset/AerialImageDataset/train/images/kitsap3.tif,/kaggle/input/datasets/sagar100rathod/inria-aerial-image-labeling-dataset/AerialImageDataset/train/gt/kitsap3.tif
train_kitsap3_1536_2048,train,kitsap3.tif,kitsap,2048,1536,512,/kaggle/input/datasets/sagar100rathod/inria-aerial-image-labeling-dataset/AerialImageDataset/train/images/kitsap3.tif,/kaggle/input/datasets/sagar100rathod/inria-aerial-image-labeling-dataset/AerialImageDataset/train/gt/kitsap3.tif
train_kitsap3_1536_2560,train,kitsap3.tif,kitsap,2560,1536,512,/kaggle/input/datasets/sagar100rathod/inria-aerial-image-labeling-dataset/AerialImageDataset/train/images/kitsap3.tif,/kaggle/input/datasets/sagar100rathod/inria-aerial-image-labeling-dataset/AerialImageDataset/train/gt/kitsap3.tif
train_kitsap3_2048_3584,train,kitsap3.tif,kitsap,3584,2048,512,/kaggle/input/datasets/sagar100rathod/inria-aerial-image-labeling-dataset/AerialImageDataset/train/images/kitsap3.tif,/kaggle/input/datasets/sagar100rathod/inria-aerial-image-labeling-dataset/AerialImageDataset/train/gt/kitsap3.tif
train_kitsap3_3072_2048,train,kitsap3.tif,kitsap,2048,3072,512,/kaggle/input/datasets/sagar100rathod/inria-aerial-image-labeling-dataset/AerialImageDataset/train/images/kitsap3.tif,/kaggle/input/datasets/sagar100rathod/inria-aerial-image-labeling-dataset/AerialImageDataset/train/gt/kitsap3.tif
train_kitsap3_4096_0,train,kitsap3.tif,kitsap,0,4096,512,/kaggle/input/datasets/sagar100rathod/inria-aerial-image-labeling-dataset/AerialImageDataset/train/images/kitsap3.tif,/kaggle/input/datasets/sagar100rathod/inria-aerial-image-labeling-dataset/AerialImageDataset/train/gt/kitsap3.tif
train_kitsap3_4096_512,train,kitsap3.tif,kitsap,512,4096,512,/kaggle/input/datasets/sagar100rathod/inria-aerial-image-labeling-dataset/AerialImageDataset/train/images/kitsap3.tif,/kaggle/input/datasets/sagar100rathod/inria-aerial-image-labeling-dataset/AerialImageDataset/train/gt/kitsap3.tif
train_kitsap3_4096_2048,train,kitsap3.tif,kitsap,2048,4096,512,/kaggle/input/datasets/sagar100rathod/inria-aerial-image-labeling-dataset/AerialImageDataset/train/images/kitsap3.tif,/kaggle/input/datasets/sagar100rathod/inria-aerial-image-labeling-dataset/AerialImageDataset/train/gt/kitsap3.tif
train_kitsap30_0_1536,train,kitsap30.tif,kitsap,1536,0,512,/kaggle/input/datasets/sagar100rathod/inria-aerial-image-labeling-dataset/AerialImageDataset/train/images/kitsap30.tif,/kaggle/input/datasets/sagar100rathod/inria-aerial-image-labeling-dataset/AerialImageDataset/train/gt/kitsap30.tif
train_kitsap30_512_3584,train,kitsap30.tif,kitsap,3584,512,512,/kaggle/input/datasets/sagar100rathod/inria-aerial-image-labeling-dataset/AerialImageDataset/train/images/kitsap30.tif,/kaggle/input/datasets/sagar100rathod/inria-aerial-image-labeling-dataset/AerialImageDataset/train/gt/kitsap30.tif
train_kitsap30_2560_4096,train,kitsap30.tif,kitsap,4096,2560,512,/kaggle/input/datasets/sagar100rathod/inria-aerial-image-labeling-dataset/AerialImageDataset/train/images/kitsap30.tif,/kaggle/input/datasets/sagar100rathod/inria-aerial-image-labeling-dataset/AerialImageDataset/train/gt/kitsap30.tif
train_kitsap30_3072_1536,train,kitsap30.tif,kitsap,1536,3072,512,/kaggle/input/datasets/sagar100rathod/inria-aerial-image-labeling-dataset/AerialImageDataset/train/images/kitsap30.tif,/kaggle/input/datasets/sagar100rathod/inria-aerial-image-labeling-dataset/AerialImageDataset/train/gt/kitsap30.tif
train_kitsap30_3072_3072,train,kitsap30.tif,kitsap,3072,3072,512,/kaggle/input/datasets/sagar100rathod/inria-aerial-image-labeling-dataset/AerialImageDataset/train/images/kitsap30.tif,/kaggle/input/datasets/sagar100rathod/inria-aerial-image-labeling-dataset/AerialImageDataset/train/gt/kitsap30.tif
train_kitsap30_3072_4096,train,kitsap30.tif,kitsap,4096,3072,512,/kaggle/input/datasets/sagar100rathod/inria-aerial-image-labeling-dataset/AerialImageDataset/train/images/kitsap30.tif,/kaggle/input/datasets/sagar100rathod/inria-aerial-image-labeling-dataset/AerialImageDataset/train/gt/kitsap30.tif
train_kitsap30_3584_1024,train,kitsap30.tif,kitsap,1024,3584,512,/kaggle/input/datasets/sagar100rathod/inria-aerial-image-labeling-dataset/AerialImageDataset/train/images/kitsap30.tif,/kaggle/input/datasets/sagar100rathod/inria-aerial-image-labeling-dataset/AerialImageDataset/train/gt/kitsap30.tif
train_kitsap30_4096_2560,train,kitsap30.tif,kitsap,2560,4096,512,/kaggle/input/datasets/sagar100rathod/inria-aerial-image-labeling-dataset/AerialImageDataset/train/images/kitsap30.tif,/kaggle/input/datasets/sagar100rathod/inria-aerial-image-labeling-dataset/AerialImageDataset/train/gt/kitsap30.tif
train_kitsap33_0_2560,train,kitsap33.tif,kitsap,2560,0,512,/kaggle/input/datasets/sagar100rathod/inria-aerial-image-labeling-dataset/AerialImageDataset/train/images/kitsap33.tif,/kaggle/input/datasets/sagar100rathod/inria-aerial-image-labeling-dataset/AerialImageDataset/train/gt/kitsap33.tif
train_kitsap33_0_3072,train,kitsap33.tif,kitsap,3072,0,512,/kaggle/input/datasets/sagar100rathod/inria-aerial-image-labeling-dataset/AerialImageDataset/train/images/kitsap33.tif,/kaggle/input/datasets/sagar100rathod/inria-aerial-image-labeling-dataset/AerialImageDataset/train/gt/kitsap33.tif
train_kitsap33_0_3584,train,kitsap33.tif,kitsap,3584,0,512,/kaggle/input/datasets/sagar100rathod/inria-aerial-image-labeling-dataset/AerialImageDataset/train/images/kitsap33.tif,/kaggle/input/datasets/sagar100rathod/inria-aerial-image-labeling-dataset/AerialImageDataset/train/gt/kitsap33.tif
train_kitsap33_512_512,train,kitsap33.tif,kitsap,512,512,512,/kaggle/input/datasets/sagar100rathod/inria-aerial-image-labeling-dataset/AerialImageDataset/train/images/kitsap33.tif,/kaggle/input/datasets/sagar100rathod/inria-aerial-image-labeling-dataset/AerialImageDataset/train/gt/kitsap33.tif
train_kitsap33_512_1536,train,kitsap33.tif,kitsap,1536,512,512,/kaggle/input/datasets/sagar100rathod/inria-aerial-image-labeling-dataset/AerialImageDataset/train/images/kitsap33.tif,/kaggle/input/datasets/sagar100rathod/inria-aerial-image-labeling-dataset/AerialImageDataset/train/gt/kitsap33.tif
train_kitsap33_1024_2560,train,kitsap33.tif,kitsap,2560,1024,512,/kaggle/input/datasets/sagar100rathod/inria-aerial-image-labeling-dataset/AerialImageDataset/train/images/kitsap33.tif,/kaggle/input/datasets/sagar100rathod/inria-aerial-image-labeling-dataset/AerialImageDataset/train/gt/kitsap33.tif
train_kitsap33_1024_3584,train,kitsap33.tif,kitsap,3584,1024,512,/kaggle/input/datasets/sagar100rathod/inria-aerial-image-labeling-dataset/AerialImageDataset/train/images/kitsap33.tif,/kaggle/input/datasets/sagar100rathod/inria-aerial-image-labeling-dataset/AerialImageDataset/train/gt/kitsap33.tif
train_kitsap33_2048_512,train,kitsap33.tif,kitsap,512,2048,512,/kaggle/input/datasets/sagar100rathod/inria-aerial-image-labeling-dataset/AerialImageDataset/train/images/kitsap33.tif,/kaggle/input/datasets/sagar100rathod/inria-aerial-image-labeling-dataset/AerialImageDataset/train/gt/kitsap33.tif
train_kitsap33_2048_4096,train,kitsap33.tif,kitsap,4096,2048,512,/kaggle/input/datasets/sagar100rathod/inria-aerial-image-labeling-dataset/AerialImageDataset/train/images/kitsap33.tif,/kaggle/input/datasets/sagar100rathod/inria-aerial-image-labeling-dataset/AerialImageDataset/train/gt/kitsap33.tif
train_kitsap33_2560_3072,train,kitsap33.tif,kitsap,3072,2560,512,/kaggle/input/datasets/sagar100rathod/inria-aerial-image-labeling-dataset/AerialImageDataset/train/images/kitsap33.tif,/kaggle/input/datasets/sagar100rathod/inria-aerial-image-labeling-dataset/AerialImageDataset/train/gt/kitsap33.tif
train_kitsap33_3584_2048,train,kitsap33.tif,kitsap,2048,3584,512,/kaggle/input/datasets/sagar100rathod/inria-aerial-image-labeling-dataset/AerialImageDataset/train/images/kitsap33.tif,/kaggle/input/datasets/sagar100rathod/inria-aerial-image-labeling-dataset/AerialImageDataset/train/gt/kitsap33.tif
train_kitsap33_3584_2560,train,kitsap33.tif,kitsap,2560,3584,512,/kaggle/input/datasets/sagar100rathod/inria-aerial-image-labeling-dataset/AerialImageDataset/train/images/kitsap33.tif,/kaggle/input/datasets/sagar100rathod/inria-aerial-image-labeling-dataset/AerialImageDataset/train/gt/kitsap33.tif
train_kitsap33_3584_3584,train,kitsap33.tif,kitsap,3584,3584,512,/kaggle/input/datasets/sagar100rathod/inria-aerial-image-labeling-dataset/AerialImageDataset/train/images/kitsap33.tif,/kaggle/input/datasets/sagar100rathod/inria-aerial-image-labeling-dataset/AerialImageDataset/train/gt/kitsap33.tif
train_kitsap33_4096_2560,train,kitsap33.tif,kitsap,2560,4096,512,/kaggle/input/datasets/sagar100rathod/inria-aerial-image-labeling-dataset/AerialImageDataset/train/images/kitsap33.tif,/kaggle/input/datasets/sagar100rathod/inria-aerial-image-labeling-dataset/AerialImageDataset/train/gt/kitsap33.tif
train_kitsap34_0_1024,train,kitsap34.tif,kitsap,1024,0,512,/kaggle/input/datasets/sagar100rathod/inria-aerial-image-labeling-dataset/AerialImageDataset/train/images/kitsap34.tif,/kaggle/input/datasets/sagar100rathod/inria-aerial-image-labeling-dataset/AerialImageDataset/train/gt/kitsap34.tif
train_kitsap34_0_4096,train,kitsap34.tif,kitsap,4096,0,512,/kaggle/input/datasets/sagar100rathod/inria-aerial-image-labeling-dataset/AerialImageDataset/train/images/kitsap34.tif,/kaggle/input/datasets/sagar100rathod/inria-aerial-image-labeling-dataset/AerialImageDataset/train/gt/kitsap34.tif
train_kitsap34_1024_1536,train,kitsap34.tif,kitsap,1536,1024,512,/kaggle/input/datasets/sagar100rathod/inria-aerial-image-labeling-dataset/AerialImageDataset/train/images/kitsap34.tif,/kaggle/input/datasets/sagar100rathod/inria-aerial-image-labeling-dataset/AerialImageDataset/train/gt/kitsap34.tif
train_kitsap34_1024_3584,train,kitsap34.tif,kitsap,3584,1024,512,/kaggle/input/datasets/sagar100rathod/inria-aerial-image-labeling-dataset/AerialImageDataset/train/images/kitsap34.tif,/kaggle/input/datasets/sagar100rathod/inria-aerial-image-labeling-dataset/AerialImageDataset/train/gt/kitsap34.tif
train_kitsap34_1536_1024,train,kitsap34.tif,kitsap,1024,1536,512,/kaggle/input/datasets/sagar100rathod/inria-aerial-image-labeling-dataset/AerialImageDataset/train/images/kitsap34.tif,/kaggle/input/datasets/sagar100rathod/inria-aerial-image-labeling-dataset/AerialImageDataset/train/gt/kitsap34.tif
train_kitsap34_1536_2560,train,kitsap34.tif,kitsap,2560,1536,512,/kaggle/input/datasets/sagar100rathod/inria-aerial-image-labeling-dataset/AerialImageDataset/train/images/kitsap34.tif,/kaggle/input/datasets/sagar100rathod/inria-aerial-image-labeling-dataset/AerialImageDataset/train/gt/kitsap34.tif
train_kitsap34_2048_2048,train,kitsap34.tif,kitsap,2048,2048,512,/kaggle/input/datasets/sagar100rathod/inria-aerial-image-labeling-dataset/AerialImageDataset/train/images/kitsap34.tif,/kaggle/input/datasets/sagar100rathod/inria-aerial-image-labeling-dataset/AerialImageDataset/train/gt/kitsap34.tif
train_kitsap34_3072_2560,train,kitsap34.tif,kitsap,2560,3072,512,/kaggle/input/datasets/sagar100rathod/inria-aerial-image-labeling-dataset/AerialImageDataset/train/images/kitsap34.tif,/kaggle/input/datasets/sagar100rathod/inria-aerial-image-labeling-dataset/AerialImageDataset/train/gt/kitsap34.tif
train_kitsap34_4096_0,train,kitsap34.tif,kitsap,0,4096,512,/kaggle/input/datasets/sagar100rathod/inria-aerial-image-labeling-dataset/AerialImageDataset/train/images/kitsap34.tif,/kaggle/input/datasets/sagar100rathod/inria-aerial-image-labeling-dataset/AerialImageDataset/train/gt/kitsap34.tif
train_kitsap34_4096_1536,train,kitsap34.tif,kitsap,1536,4096,512,/kaggle/input/datasets/sagar100rathod/inria-aerial-image-labeling-dataset/AerialImageDataset/train/images/kitsap34.tif,/kaggle/input/datasets/sagar100rathod/inria-aerial-image-labeling-dataset/AerialImageDataset/train/gt/kitsap34.tif
train_kitsap35_0_3072,train,kitsap35.tif,kitsap,3072,0,512,/kaggle/input/datasets/sagar100rathod/inria-aerial-image-labeling-dataset/AerialImageDataset/train/images/kitsap35.tif,/kaggle/input/datasets/sagar100rathod/inria-aerial-image-labeling-dataset/AerialImageDataset/train/gt/kitsap35.tif
train_kitsap35_1024_2048,train,kitsap35.tif,kitsap,2048,1024,512,/kaggle/input/datasets/sagar100rathod/inria-aerial-image-labeling-dataset/AerialImageDataset/train/images/kitsap35.tif,/kaggle/input/datasets/sagar100rathod/inria-aerial-image-labeling-dataset/AerialImageDataset/train/gt/kitsap35.tif
train_kitsap35_1536_1536,train,kitsap35.tif,kitsap,1536,1536,512,/kaggle/input/datasets/sagar100rathod/inria-aerial-image-labeling-dataset/AerialImageDataset/train/images/kitsap35.tif,/kaggle/input/datasets/sagar100rathod/inria-aerial-image-labeling-dataset/AerialImageDataset/train/gt/kitsap35.tif
train_kitsap35_1536_2048,train,kitsap35.tif,kitsap,2048,1536,512,/kaggle/input/datasets/sagar100rathod/inria-aerial-image-labeling-dataset/AerialImageDataset/train/images/kitsap35.tif,/kaggle/input/datasets/sagar100rathod/inria-aerial-image-labeling-dataset/AerialImageDataset/train/gt/kitsap35.tif
train_kitsap35_1536_2560,train,kitsap35.tif,kitsap,2560,1536,512,/kaggle/input/datasets/sagar100rathod/inria-aerial-image-labeling-dataset/AerialImageDataset/train/images/kitsap35.tif,/kaggle/input/datasets/sagar100rathod/inria-aerial-image-labeling-dataset/AerialImageDataset/train/gt/kitsap35.tif
train_kitsap35_1536_3072,train,kitsap35.tif,kitsap,3072,1536,512,/kaggle/input/datasets/sagar100rathod/inria-aerial-image-labeling-dataset/AerialImageDataset/train/images/kitsap35.tif,/kaggle/input/datasets/sagar100rathod/inria-aerial-image-labeling-dataset/AerialImageDataset/train/gt/kitsap35.tif
train_kitsap35_2560_4096,train,kitsap35.tif,kitsap,4096,2560,512,/kaggle/input/datasets/sagar100rathod/inria-aerial-image-labeling-dataset/AerialImageDataset/train/images/kitsap35.tif,/kaggle/input/datasets/sagar100rathod/inria-aerial-image-labeling-dataset/AerialImageDataset/train/gt/kitsap35.tif
train_kitsap35_3072_1024,train,kitsap35.tif,kitsap,1024,3072,512,/kaggle/input/datasets/sagar100rathod/inria-aerial-image-labeling-dataset/AerialImageDataset/train/images/kitsap35.tif,/kaggle/input/datasets/sagar100rathod/inria-aerial-image-labeling-dataset/AerialImageDataset/train/gt/kitsap35.tif
train_kitsap35_3072_1536,train,kitsap35.tif,kitsap,1536,3072,512,/kaggle/input/datasets/sagar100rathod/inria-aerial-image-labeling-dataset/AerialImageDataset/train/images/kitsap35.tif,/kaggle/input/datasets/sagar100rathod/inria-aerial-image-labeling-dataset/AerialImageDataset/train/gt/kitsap35.tif
train_kitsap35_3584_0,train,kitsap35.tif,kitsap,0,3584,512,/kaggle/input/datasets/sagar100rathod/inria-aerial-image-labeling-dataset/AerialImageDataset/train/images/kitsap35.tif,/kaggle/input/datasets/sagar100rathod/inria-aerial-image-labeling-dataset/AerialImageDataset/train/gt/kitsap35.tif
train_kitsap35_3584_3584,train,kitsap35.tif,kitsap,3584,3584,512,/kaggle/input/datasets/sagar100rathod/inria-aerial-image-labeling-dataset/AerialImageDataset/train/images/kitsap35.tif,/kaggle/input/datasets/sagar100rathod/inria-aerial-image-labeling-dataset/AerialImageDataset/train/gt/kitsap35.tif
train_kitsap35_4096_2560,train,kitsap35.tif,kitsap,2560,4096,512,/kaggle/input/datasets/sagar100rathod/inria-aerial-image-labeling-dataset/AerialImageDataset/train/images/kitsap35.tif,/kaggle/input/datasets/sagar100rathod/inria-aerial-image-labeling-dataset/AerialImageDataset/train/gt/kitsap35.tif
train_kitsap36_0_3072,train,kitsap36.tif,kitsap,3072,0,512,/kaggle/input/datasets/sagar100rathod/inria-aerial-image-labeling-dataset/AerialImageDataset/train/images/kitsap36.tif,/kaggle/input/datasets/sagar100rathod/inria-aerial-image-labeling-dataset/AerialImageDataset/train/gt/kitsap36.tif
train_kitsap36_512_3584,train,kitsap36.tif,kitsap,3584,512,512,/kaggle/input/datasets/sagar100rathod/inria-aerial-image-labeling-dataset/AerialImageDataset/train/images/kitsap36.tif,/kaggle/input/datasets/sagar100rathod/inria-aerial-image-labeling-dataset/AerialImageDataset/train/gt/kitsap36.tif
train_kitsap36_1024_512,train,kitsap36.tif,kitsap,512,1024,512,/kaggle/input/datasets/sagar100rathod/inria-aerial-image-labeling-dataset/AerialImageDataset/train/images/kitsap36.tif,/kaggle/input/datasets/sagar100rathod/inria-aerial-image-labeling-dataset/AerialImageDataset/train/gt/kitsap36.tif
train_kitsap36_1536_2048,train,kitsap36.tif,kitsap,2048,1536,512,/kaggle/input/datasets/sagar100rathod/inria-aerial-image-labeling-dataset/AerialImageDataset/train/images/kitsap36.tif,/kaggle/input/datasets/sagar100rathod/inria-aerial-image-labeling-dataset/AerialImageDataset/train/gt/kitsap36.tif
train_kitsap36_2048_3072,train,kitsap36.tif,kitsap,3072,2048,512,/kaggle/input/datasets/sagar100rathod/inria-aerial-image-labeling-dataset/AerialImageDataset/train/images/kitsap36.tif,/kaggle/input/datasets/sagar100rathod/inria-aerial-image-labeling-dataset/AerialImageDataset/train/gt/kitsap36.tif
train_kitsap36_2560_3072,train,kitsap36.tif,kitsap,3072,2560,512,/kaggle/input/datasets/sagar100rathod/inria-aerial-image-labeling-dataset/AerialImageDataset/train/images/kitsap36.tif,/kaggle/input/datasets/sagar100rathod/inria-aerial-image-labeling-dataset/AerialImageDataset/train/gt/kitsap36.tif
train_kitsap36_3072_2560,train,kitsap36.tif,kitsap,2560,3072,512,/kaggle/input/datasets/sagar100rathod/inria-aerial-image-labeling-dataset/AerialImageDataset/train/images/kitsap36.tif,/kaggle/input/datasets/sagar100rathod/inria-aerial-image-labeling-dataset/AerialImageDataset/train/gt/kitsap36.tif
train_kitsap36_3072_4096,train,kitsap36.tif,kitsap,4096,3072,512,/kaggle/input/datasets/sagar100rathod/inria-aerial-image-labeling-dataset/AerialImageDataset/train/images/kitsap36.tif,/kaggle/input/datasets/sagar100rathod/inria-aerial-image-labeling-dataset/AerialImageDataset/train/gt/kitsap36.tif
train_kitsap36_3584_2560,train,kitsap36.tif,kitsap,2560,3584,512,/kaggle/input/datasets/sagar100rathod/inria-aerial-image-labeling-dataset/AerialImageDataset/train/images/kitsap36.tif,/kaggle/input/datasets/sagar100rathod/inria-aerial-image-labeling-dataset/AerialImageDataset/train/gt/kitsap36.tif
train_kitsap36_4096_0,train,kitsap36.tif,kitsap,0,4096,512,/kaggle/input/datasets/sagar100rathod/inria-aerial-image-labeling-dataset/AerialImageDataset/train/images/kitsap36.tif,/kaggle/input/datasets/sagar100rathod/inria-aerial-image-labeling-dataset/AerialImageDataset/train/gt/kitsap36.tif
train_kitsap4_0_1536,train,kitsap4.tif,kitsap,1536,0,512,/kaggle/input/datasets/sagar100rathod/inria-aerial-image-labeling-dataset/AerialImageDataset/train/images/kitsap4.tif,/kaggle/input/datasets/sagar100rathod/inria-aerial-image-labeling-dataset/AerialImageDataset/train/gt/kitsap4.tif
train_kitsap4_0_2048,train,kitsap4.tif,kitsap,2048,0,512,/kaggle/input/datasets/sagar100rathod/inria-aerial-image-labeling-dataset/AerialImageDataset/train/images/kitsap4.tif,/kaggle/input/datasets/sagar100rathod/inria-aerial-image-labeling-dataset/AerialImageDataset/train/gt/kitsap4.tif
train_kitsap4_512_512,train,kitsap4.tif,kitsap,512,512,512,/kaggle/input/datasets/sagar100rathod/inria-aerial-image-labeling-dataset/AerialImageDataset/train/images/kitsap4.tif,/kaggle/input/datasets/sagar100rathod/inria-aerial-image-labeling-dataset/AerialImageDataset/train/gt/kitsap4.tif
train_kitsap4_512_3072,train,kitsap4.tif,kitsap,3072,512,512,/kaggle/input/datasets/sagar100rathod/inria-aerial-image-labeling-dataset/AerialImageDataset/train/images/kitsap4.tif,/kaggle/input/datasets/sagar100rathod/inria-aerial-image-labeling-dataset/AerialImageDataset/train/gt/kitsap4.tif
train_kitsap4_1024_1536,train,kitsap4.tif,kitsap,1536,1024,512,/kaggle/input/datasets/sagar100rathod/inria-aerial-image-labeling-dataset/AerialImageDataset/train/images/kitsap4.tif,/kaggle/input/datasets/sagar100rathod/inria-aerial-image-labeling-dataset/AerialImageDataset/train/gt/kitsap4.tif
train_kitsap4_1536_3584,train,kitsap4.tif,kitsap,3584,1536,512,/kaggle/input/datasets/sagar100rathod/inria-aerial-image-labeling-dataset/AerialImageDataset/train/images/kitsap4.tif,/kaggle/input/datasets/sagar100rathod/inria-aerial-image-labeling-dataset/AerialImageDataset/train/gt/kitsap4.tif
train_kitsap4_2560_512,train,kitsap4.tif,kitsap,512,2560,512,/kaggle/input/datasets/sagar100rathod/inria-aerial-image-labeling-dataset/AerialImageDataset/train/images/kitsap4.tif,/kaggle/input/datasets/sagar100rathod/inria-aerial-image-labeling-dataset/AerialImageDataset/train/gt/kitsap4.tif
train_kitsap4_2560_1024,train,kitsap4.tif,kitsap,1024,2560,512,/kaggle/input/datasets/sagar100rathod/inria-aerial-image-labeling-dataset/AerialImageDataset/train/images/kitsap4.tif,/kaggle/input/datasets/sagar100rathod/inria-aerial-image-labeling-dataset/AerialImageDataset/train/gt/kitsap4.tif
train_kitsap5_0_1024,train,kitsap5.tif,kitsap,1024,0,512,/kaggle/input/datasets/sagar100rathod/inria-aerial-image-labeling-dataset/AerialImageDataset/train/images/kitsap5.tif,/kaggle/input/datasets/sagar100rathod/inria-aerial-image-labeling-dataset/AerialImageDataset/train/gt/kitsap5.tif
train_kitsap5_1024_2560,train,kitsap5.tif,kitsap,2560,1024,512,/kaggle/input/datasets/sagar100rathod/inria-aerial-image-labeling-dataset/AerialImageDataset/train/images/kitsap5.tif,/kaggle/input/datasets/sagar100rathod/inria-aerial-image-labeling-dataset/AerialImageDataset/train/gt/kitsap5.tif
train_kitsap5_1536_2560,train,kitsap5.tif,kitsap,2560,1536,512,/kaggle/input/datasets/sagar100rathod/inria-aerial-image-labeling-dataset/AerialImageDataset/train/images/kitsap5.tif,/kaggle/input/datasets/sagar100rathod/inria-aerial-image-labeling-dataset/AerialImageDataset/train/gt/kitsap5.tif
train_kitsap5_2560_1024,train,kitsap5.tif,kitsap,1024,2560,512,/kaggle/input/datasets/sagar100rathod/inria-aerial-image-labeling-dataset/AerialImageDataset/train/images/kitsap5.tif,/kaggle/input/datasets/sagar100rathod/inria-aerial-image-labeling-dataset/AerialImageDataset/train/gt/kitsap5.tif
train_kitsap5_2560_1536,train,kitsap5.tif,kitsap,1536,2560,512,/kaggle/input/datasets/sagar100rathod/inria-aerial-image-labeling-dataset/AerialImageDataset/train/images/kitsap5.tif,/kaggle/input/datasets/sagar100rathod/inria-aerial-image-labeling-dataset/AerialImageDataset/train/gt/kitsap5.tif
train_kitsap5_3584_2560,train,kitsap5.tif,kitsap,2560,3584,512,/kaggle/input/datasets/sagar100rathod/inria-aerial-image-labeling-dataset/AerialImageDataset/train/images/kitsap5.tif,/kaggle/input/datasets/sagar100rathod/inria-aerial-image-labeling-dataset/AerialImageDataset/train/gt/kitsap5.tif
train_kitsap6_0_1536,train,kitsap6.tif,kitsap,1536,0,512,/kaggle/input/datasets/sagar100rathod/inria-aerial-image-labeling-dataset/AerialImageDataset/train/images/kitsap6.tif,/kaggle/input/datasets/sagar100rathod/inria-aerial-image-labeling-dataset/AerialImageDataset/train/gt/kitsap6.tif
train_kitsap6_1024_0,train,kitsap6.tif,kitsap,0,1024,512,/kaggle/input/datasets/sagar100rathod/inria-aerial-image-labeling-dataset/AerialImageDataset/train/images/kitsap6.tif,/kaggle/input/datasets/sagar100rathod/inria-aerial-image-labeling-dataset/AerialImageDataset/train/gt/kitsap6.tif
train_kitsap6_1024_1536,train,kitsap6.tif,kitsap,1536,1024,512,/kaggle/input/datasets/sagar100rathod/inria-aerial-image-labeling-dataset/AerialImageDataset/train/images/kitsap6.tif,/kaggle/input/datasets/sagar100rathod/inria-aerial-image-labeling-dataset/AerialImageDataset/train/gt/kitsap6.tif
train_kitsap6_1024_3072,train,kitsap6.tif,kitsap,3072,1024,512,/kaggle/input/datasets/sagar100rathod/inria-aerial-image-labeling-dataset/AerialImageDataset/train/images/kitsap6.tif,/kaggle/input/datasets/sagar100rathod/inria-aerial-image-labeling-dataset/AerialImageDataset/train/gt/kitsap6.tif
train_kitsap6_1536_1536,train,kitsap6.tif,kitsap,1536,1536,512,/kaggle/input/datasets/sagar100rathod/inria-aerial-image-labeling-dataset/AerialImageDataset/train/images/kitsap6.tif,/kaggle/input/datasets/sagar100rathod/inria-aerial-image-labeling-dataset/AerialImageDataset/train/gt/kitsap6.tif
train_kitsap6_1536_2560,train,kitsap6.tif,kitsap,2560,1536,512,/kaggle/input/datasets/sagar100rathod/inria-aerial-image-labeling-dataset/AerialImageDataset/train/images/kitsap6.tif,/kaggle/input/datasets/sagar100rathod/inria-aerial-image-labeling-dataset/AerialImageDataset/train/gt/kitsap6.tif
train_kitsap6_2560_3584,train,kitsap6.tif,kitsap,3584,2560,512,/kaggle/input/datasets/sagar100rathod/inria-aerial-image-labeling-dataset/AerialImageDataset/train/images/kitsap6.tif,/kaggle/input/datasets/sagar100rathod/inria-aerial-image-labeling-dataset/AerialImageDataset/train/gt/kitsap6.tif
train_kitsap6_3584_0,train,kitsap6.tif,kitsap,0,3584,512,/kaggle/input/datasets/sagar100rathod/inria-aerial-image-labeling-dataset/AerialImageDataset/train/images/kitsap6.tif,/kaggle/input/datasets/sagar100rathod/inria-aerial-image-labeling-dataset/AerialImageDataset/train/gt/kitsap6.tif
train_kitsap6_4096_3584,train,kitsap6.tif,kitsap,3584,4096,512,/kaggle/input/datasets/sagar100rathod/inria-aerial-image-labeling-dataset/AerialImageDataset/train/images/kitsap6.tif,/kaggle/input/datasets/sagar100rathod/inria-aerial-image-labeling-dataset/AerialImageDataset/train/gt/kitsap6.tif
train_kitsap7_0_512,train,kitsap7.tif,kitsap,512,0,512,/kaggle/input/datasets/sagar100rathod/inria-aerial-image-labeling-dataset/AerialImageDataset/train/images/kitsap7.tif,/kaggle/input/datasets/sagar100rathod/inria-aerial-image-labeling-dataset/AerialImageDataset/train/gt/kitsap7.tif
train_kitsap7_0_1024,train,kitsap7.tif,kitsap,1024,0,512,/kaggle/input/datasets/sagar100rathod/inria-aerial-image-labeling-dataset/AerialImageDataset/train/images/kitsap7.tif,/kaggle/input/datasets/sagar100rathod/inria-aerial-image-labeling-dataset/AerialImageDataset/train/gt/kitsap7.tif
train_kitsap7_0_2560,train,kitsap7.tif,kitsap,2560,0,512,/kaggle/input/datasets/sagar100rathod/inria-aerial-image-labeling-dataset/AerialImageDataset/train/images/kitsap7.tif,/kaggle/input/datasets/sagar100rathod/inria-aerial-image-labeling-dataset/AerialImageDataset/train/gt/kitsap7.tif
train_kitsap7_0_3584,train,kitsap7.tif,kitsap,3584,0,512,/kaggle/input/datasets/sagar100rathod/inria-aerial-image-labeling-dataset/AerialImageDataset/train/images/kitsap7.tif,/kaggle/input/datasets/sagar100rathod/inria-aerial-image-labeling-dataset/AerialImageDataset/train/gt/kitsap7.tif
train_kitsap7_512_1536,train,kitsap7.tif,kitsap,1536,512,512,/kaggle/input/datasets/sagar100rathod/inria-aerial-image-labeling-dataset/AerialImageDataset/train/images/kitsap7.tif,/kaggle/input/datasets/sagar100rathod/inria-aerial-image-labeling-dataset/AerialImageDataset/train/gt/kitsap7.tif
train_kitsap7_1536_1536,train,kitsap7.tif,kitsap,1536,1536,512,/kaggle/input/datasets/sagar100rathod/inria-aerial-image-labeling-dataset/AerialImageDataset/train/images/kitsap7.tif,/kaggle/input/datasets/sagar100rathod/inria-aerial-image-labeling-dataset/AerialImageDataset/train/gt/kitsap7.tif
train_kitsap7_1536_2048,train,kitsap7.tif,kitsap,2048,1536,512,/kaggle/input/datasets/sagar100rathod/inria-aerial-image-labeling-dataset/AerialImageDataset/train/images/kitsap7.tif,/kaggle/input/datasets/sagar100rathod/inria-aerial-image-labeling-dataset/AerialImageDataset/train/gt/kitsap7.tif
train_kitsap7_2048_0,train,kitsap7.tif,kitsap,0,2048,512,/kaggle/input/datasets/sagar100rathod/inria-aerial-image-labeling-dataset/AerialImageDataset/train/images/kitsap7.tif,/kaggle/input/datasets/sagar100rathod/inria-aerial-image-labeling-dataset/AerialImageDataset/train/gt/kitsap7.tif
train_kitsap7_3072_0,train,kitsap7.tif,kitsap,0,3072,512,/kaggle/input/datasets/sagar100rathod/inria-aerial-image-labeling-dataset/AerialImageDataset/train/images/kitsap7.tif,/kaggle/input/datasets/sagar100rathod/inria-aerial-image-labeling-dataset/AerialImageDataset/train/gt/kitsap7.tif
train_kitsap7_3584_1536,train,kitsap7.tif,kitsap,1536,3584,512,/kaggle/input/datasets/sagar100rathod/inria-aerial-image-labeling-dataset/AerialImageDataset/train/images/kitsap7.tif,/kaggle/input/datasets/sagar100rathod/inria-aerial-image-labeling-dataset/AerialImageDataset/train/gt/kitsap7.tif
train_kitsap7_4096_1024,train,kitsap7.tif,kitsap,1024,4096,512,/kaggle/input/datasets/sagar100rathod/inria-aerial-image-labeling-dataset/AerialImageDataset/train/images/kitsap7.tif,/kaggle/input/datasets/sagar100rathod/inria-aerial-image-labeling-dataset/AerialImageDataset/train/gt/kitsap7.tif
train_kitsap7_4096_2560,train,kitsap7.tif,kitsap,2560,4096,512,/kaggle/input/datasets/sagar100rathod/inria-aerial-image-labeling-dataset/AerialImageDataset/train/images/kitsap7.tif,/kaggle/input/datasets/sagar100rathod/inria-aerial-image-labeling-dataset/AerialImageDataset/train/gt/kitsap7.tif
train_kitsap7_4096_4096,train,kitsap7.tif,kitsap,4096,4096,512,/kaggle/input/datasets/sagar100rathod/inria-aerial-image-labeling-dataset/AerialImageDataset/train/images/kitsap7.tif,/kaggle/input/datasets/sagar100rathod/inria-aerial-image-labeling-dataset/AerialImageDataset/train/gt/kitsap7.tif
train_kitsap8_2048_1536,train,kitsap8.tif,kitsap,1536,2048,512,/kaggle/input/datasets/sagar100rathod/inria-aerial-image-labeling-dataset/AerialImageDataset/train/images/kitsap8.tif,/kaggle/input/datasets/sagar100rathod/inria-aerial-image-labeling-dataset/AerialImageDataset/train/gt/kitsap8.tif
train_kitsap8_2048_2048,train,kitsap8.tif,kitsap,2048,2048,512,/kaggle/input/datasets/sagar100rathod/inria-aerial-image-labeling-dataset/AerialImageDataset/train/images/kitsap8.tif,/kaggle/input/datasets/sagar100rathod/inria-aerial-image-labeling-dataset/AerialImageDataset/train/gt/kitsap8.tif
train_kitsap8_2560_0,train,kitsap8.tif,kitsap,0,2560,512,/kaggle/input/datasets/sagar100rathod/inria-aerial-image-labeling-dataset/AerialImageDataset/train/images/kitsap8.tif,/kaggle/input/datasets/sagar100rathod/inria-aerial-image-labeling-dataset/AerialImageDataset/train/gt/kitsap8.tif
train_kitsap8_2560_1024,train,kitsap8.tif,kitsap,1024,2560,512,/kaggle/input/datasets/sagar100rathod/inria-aerial-image-labeling-dataset/AerialImageDataset/train/images/kitsap8.tif,/kaggle/input/datasets/sagar100rathod/inria-aerial-image-labeling-dataset/AerialImageDataset/train/gt/kitsap8.tif
train_kitsap8_3072_2560,train,kitsap8.tif,kitsap,2560,3072,512,/kaggle/input/datasets/sagar100rathod/inria-aerial-image-labeling-dataset/AerialImageDataset/train/images/kitsap8.tif,/kaggle/input/datasets/sagar100rathod/inria-aerial-image-labeling-dataset/AerialImageDataset/train/gt/kitsap8.tif
train_tyrol-w10_0_2560,train,tyrol-w10.tif,tyrol-w,2560,0,512,/kaggle/input/datasets/sagar100rathod/inria-aerial-image-labeling-dataset/AerialImageDataset/train/images/tyrol-w10.tif,/kaggle/input/datasets/sagar100rathod/inria-aerial-image-labeling-dataset/AerialImageDataset/train/gt/tyrol-w10.tif
train_tyrol-w10_512_0,train,tyrol-w10.tif,tyrol-w,0,512,512,/kaggle/input/datasets/sagar100rathod/inria-aerial-image-labeling-dataset/AerialImageDataset/train/images/tyrol-w10.tif,/kaggle/input/datasets/sagar100rathod/inria-aerial-image-labeling-dataset/AerialImageDataset/train/gt/tyrol-w10.tif
train_tyrol-w10_512_2048,train,tyrol-w10.tif,tyrol-w,2048,512,512,/kaggle/input/datasets/sagar100rathod/inria-aerial-image-labeling-dataset/AerialImageDataset/train/images/tyrol-w10.tif,/kaggle/input/datasets/sagar100rathod/inria-aerial-image-labeling-dataset/AerialImageDataset/train/gt/tyrol-w10.tif
train_tyrol-w10_2048_2048,train,tyrol-w10.tif,tyrol-w,2048,2048,512,/kaggle/input/datasets/sagar100rathod/inria-aerial-image-labeling-dataset/AerialImageDataset/train/images/tyrol-w10.tif,/kaggle/input/datasets/sagar100rathod/inria-aerial-image-labeling-dataset/AerialImageDataset/train/gt/tyrol-w10.tif
train_tyrol-w10_2048_3584,train,tyrol-w10.tif,tyrol-w,3584,2048,512,/kaggle/input/datasets/sagar100rathod/inria-aerial-image-labeling-dataset/AerialImageDataset/train/images/tyrol-w10.tif,/kaggle/input/datasets/sagar100rathod/inria-aerial-image-labeling-dataset/AerialImageDataset/train/gt/tyrol-w10.tif
train_tyrol-w10_3072_0,train,tyrol-w10.tif,tyrol-w,0,3072,512,/kaggle/input/datasets/sagar100rathod/inria-aerial-image-labeling-dataset/AerialImageDataset/train/images/tyrol-w10.tif,/kaggle/input/datasets/sagar100rathod/inria-aerial-image-labeling-dataset/AerialImageDataset/train/gt/tyrol-w10.tif
train_tyrol-w10_3584_512,train,tyrol-w10.tif,tyrol-w,512,3584,512,/kaggle/input/datasets/sagar100rathod/inria-aerial-image-labeling-dataset/AerialImageDataset/train/images/tyrol-w10.tif,/kaggle/input/datasets/sagar100rathod/inria-aerial-image-labeling-dataset/AerialImageDataset/train/gt/tyrol-w10.tif
train_tyrol-w10_3584_1024,train,tyrol-w10.tif,tyrol-w,1024,3584,512,/kaggle/input/datasets/sagar100rathod/inria-aerial-image-labeling-dataset/AerialImageDataset/train/images/tyrol-w10.tif,/kaggle/input/datasets/sagar100rathod/inria-aerial-image-labeling-dataset/AerialImageDataset/train/gt/tyrol-w10.tif
train_tyrol-w10_3584_4096,train,tyrol-w10.tif,tyrol-w,4096,3584,512,/kaggle/input/datasets/sagar100rathod/inria-aerial-image-labeling-dataset/AerialImageDataset/train/images/tyrol-w10.tif,/kaggle/input/datasets/sagar100rathod/inria-aerial-image-labeling-dataset/AerialImageDataset/train/gt/tyrol-w10.tif
train_tyrol-w10_4096_0,train,tyrol-w10.tif,tyrol-w,0,4096,512,/kaggle/input/datasets/sagar100rathod/inria-aerial-image-labeling-dataset/AerialImageDataset/train/images/tyrol-w10.tif,/kaggle/input/datasets/sagar100rathod/inria-aerial-image-labeling-dataset/AerialImageDataset/train/gt/tyrol-w10.tif
train_tyrol-w10_4096_1536,train,tyrol-w10.tif,tyrol-w,1536,4096,512,/kaggle/input/datasets/sagar100rathod/inria-aerial-image-labeling-dataset/AerialImageDataset/train/images/tyrol-w10.tif,/kaggle/input/datasets/sagar100rathod/inria-aerial-image-labeling-dataset/AerialImageDataset/train/gt/tyrol-w10.tif
train_tyrol-w11_0_0,train,tyrol-w11.tif,tyrol-w,0,0,512,/kaggle/input/datasets/sagar100rathod/inria-aerial-image-labeling-dataset/AerialImageDataset/train/images/tyrol-w11.tif,/kaggle/input/datasets/sagar100rathod/inria-aerial-image-labeling-dataset/AerialImageDataset/train/gt/tyrol-w11.tif
train_tyrol-w11_512_512,train,tyrol-w11.tif,tyrol-w,512,512,512,/kaggle/input/datasets/sagar100rathod/inria-aerial-image-labeling-dataset/AerialImageDataset/train/images/tyrol-w11.tif,/kaggle/input/datasets/sagar100rathod/inria-aerial-image-labeling-dataset/AerialImageDataset/train/gt/tyrol-w11.tif
train_tyrol-w11_512_2048,train,tyrol-w11.tif,tyrol-w,2048,512,512,/kaggle/input/datasets/sagar100rathod/inria-aerial-image-labeling-dataset/AerialImageDataset/train/images/tyrol-w11.tif,/kaggle/input/datasets/sagar100rathod/inria-aerial-image-labeling-dataset/AerialImageDataset/train/gt/tyrol-w11.tif
train_tyrol-w11_1024_512,train,tyrol-w11.tif,tyrol-w,512,1024,512,/kaggle/input/datasets/sagar100rathod/inria-aerial-image-labeling-dataset/AerialImageDataset/train/images/tyrol-w11.tif,/kaggle/input/datasets/sagar100rathod/inria-aerial-image-labeling-dataset/AerialImageDataset/train/gt/tyrol-w11.tif
train_tyrol-w11_1024_2048,train,tyrol-w11.tif,tyrol-w,2048,1024,512,/kaggle/input/datasets/sagar100rathod/inria-aerial-image-labeling-dataset/AerialImageDataset/train/images/tyrol-w11.tif,/kaggle/input/datasets/sagar100rathod/inria-aerial-image-labeling-dataset/AerialImageDataset/train/gt/tyrol-w11.tif
train_tyrol-w11_1536_0,train,tyrol-w11.tif,tyrol-w,0,1536,512,/kaggle/input/datasets/sagar100rathod/inria-aerial-image-labeling-dataset/AerialImageDataset/train/images/tyrol-w11.tif,/kaggle/input/datasets/sagar100rathod/inria-aerial-image-labeling-dataset/AerialImageDataset/train/gt/tyrol-w11.tif
train_tyrol-w11_1536_4096,train,tyrol-w11.tif,tyrol-w,4096,1536,512,/kaggle/input/datasets/sagar100rathod/inria-aerial-image-labeling-dataset/AerialImageDataset/train/images/tyrol-w11.tif,/kaggle/input/datasets/sagar100rathod/inria-aerial-image-labeling-dataset/AerialImageDataset/train/gt/tyrol-w11.tif
train_tyrol-w11_2560_0,train,tyrol-w11.tif,tyrol-w,0,2560,512,/kaggle/input/datasets/sagar100rathod/inria-aerial-image-labeling-dataset/AerialImageDataset/train/images/tyrol-w11.tif,/kaggle/input/datasets/sagar100rathod/inria-aerial-image-labeling-dataset/AerialImageDataset/train/gt/tyrol-w11.tif
train_tyrol-w11_3072_3072,train,tyrol-w11.tif,tyrol-w,3072,3072,512,/kaggle/input/datasets/sagar100rathod/inria-aerial-image-labeling-dataset/AerialImageDataset/train/images/tyrol-w11.tif,/kaggle/input/datasets/sagar100rathod/inria-aerial-image-labeling-dataset/AerialImageDataset/train/gt/tyrol-w11.tif
train_tyrol-w11_3584_0,train,tyrol-w11.tif,tyrol-w,0,3584,512,/kaggle/input/datasets/sagar100rathod/inria-aerial-image-labeling-dataset/AerialImageDataset/train/images/tyrol-w11.tif,/kaggle/input/datasets/sagar100rathod/inria-aerial-image-labeling-dataset/AerialImageDataset/train/gt/tyrol-w11.tif
train_tyrol-w11_3584_1024,train,tyrol-w11.tif,tyrol-w,1024,3584,512,/kaggle/input/datasets/sagar100rathod/inria-aerial-image-labeling-dataset/AerialImageDataset/train/images/tyrol-w11.tif,/kaggle/input/datasets/sagar100rathod/inria-aerial-image-labeling-dataset/AerialImageDataset/train/gt/tyrol-w11.tif
train_tyrol-w12_512_2048,train,tyrol-w12.tif,tyrol-w,2048,512,512,/kaggle/input/datasets/sagar100rathod/inria-aerial-image-labeling-dataset/AerialImageDataset/train/images/tyrol-w12.tif,/kaggle/input/datasets/sagar100rathod/inria-aerial-image-labeling-dataset/AerialImageDataset/train/gt/tyrol-w12.tif
train_tyrol-w12_1024_2048,train,tyrol-w12.tif,tyrol-w,2048,1024,512,/kaggle/input/datasets/sagar100rathod/inria-aerial-image-labeling-dataset/AerialImageDataset/train/images/tyrol-w12.tif,/kaggle/input/datasets/sagar100rathod/inria-aerial-image-labeling-dataset/AerialImageDataset/train/gt/tyrol-w12.tif
train_tyrol-w12_2048_3072,train,tyrol-w12.tif,tyrol-w,3072,2048,512,/kaggle/input/datasets/sagar100rathod/inria-aerial-image-labeling-dataset/AerialImageDataset/train/images/tyrol-w12.tif,/kaggle/input/datasets/sagar100rathod/inria-aerial-image-labeling-dataset/AerialImageDataset/train/gt/tyrol-w12.tif
train_tyrol-w12_2560_1536,train,tyrol-w12.tif,tyrol-w,1536,2560,512,/kaggle/input/datasets/sagar100rathod/inria-aerial-image-labeling-dataset/AerialImageDataset/train/images/tyrol-w12.tif,/kaggle/input/datasets/sagar100rathod/inria-aerial-image-labeling-dataset/AerialImageDataset/train/gt/tyrol-w12.tif
train_tyrol-w12_2560_2560,train,tyrol-w12.tif,tyrol-w,2560,2560,512,/kaggle/input/datasets/sagar100rathod/inria-aerial-image-labeling-dataset/AerialImageDataset/train/images/tyrol-w12.tif,/kaggle/input/datasets/sagar100rathod/inria-aerial-image-labeling-dataset/AerialImageDataset/train/gt/tyrol-w12.tif
train_tyrol-w12_3072_512,train,tyrol-w12.tif,tyrol-w,512,3072,512,/kaggle/input/datasets/sagar100rathod/inria-aerial-image-labeling-dataset/AerialImageDataset/train/images/tyrol-w12.tif,/kaggle/input/datasets/sagar100rathod/inria-aerial-image-labeling-dataset/AerialImageDataset/train/gt/tyrol-w12.tif
train_tyrol-w12_3072_1024,train,tyrol-w12.tif,tyrol-w,1024,3072,512,/kaggle/input/datasets/sagar100rathod/inria-aerial-image-labeling-dataset/AerialImageDataset/train/images/tyrol-w12.tif,/kaggle/input/datasets/sagar100rathod/inria-aerial-image-labeling-dataset/AerialImageDataset/train/gt/tyrol-w12.tif
train_tyrol-w12_4096_2048,train,tyrol-w12.tif,tyrol-w,2048,4096,512,/kaggle/input/datasets/sagar100rathod/inria-aerial-image-labeling-dataset/AerialImageDataset/train/images/tyrol-w12.tif,/kaggle/input/datasets/sagar100rathod/inria-aerial-image-labeling-dataset/AerialImageDataset/train/gt/tyrol-w12.tif
train_tyrol-w12_4096_2560,train,tyrol-w12.tif,tyrol-w,2560,4096,512,/kaggle/input/datasets/sagar100rathod/inria-aerial-image-labeling-dataset/AerialImageDataset/train/images/tyrol-w12.tif,/kaggle/input/datasets/sagar100rathod/inria-aerial-image-labeling-dataset/AerialImageDataset/train/gt/tyrol-w12.tif
train_tyrol-w13_0_4096,train,tyrol-w13.tif,tyrol-w,4096,0,512,/kaggle/input/datasets/sagar100rathod/inria-aerial-image-labeling-dataset/AerialImageDataset/train/images/tyrol-w13.tif,/kaggle/input/datasets/sagar100rathod/inria-aerial-image-labeling-dataset/AerialImageDataset/train/gt/tyrol-w13.tif
train_tyrol-w13_512_4096,train,tyrol-w13.tif,tyrol-w,4096,512,512,/kaggle/input/datasets/sagar100rathod/inria-aerial-image-labeling-dataset/AerialImageDataset/train/images/tyrol-w13.tif,/kaggle/input/datasets/sagar100rathod/inria-aerial-image-labeling-dataset/AerialImageDataset/train/gt/tyrol-w13.tif
train_tyrol-w13_1536_0,train,tyrol-w13.tif,tyrol-w,0,1536,512,/kaggle/input/datasets/sagar100rathod/inria-aerial-image-labeling-dataset/AerialImageDataset/train/images/tyrol-w13.tif,/kaggle/input/datasets/sagar100rathod/inria-aerial-image-labeling-dataset/AerialImageDataset/train/gt/tyrol-w13.tif
train_tyrol-w13_1536_1536,train,tyrol-w13.tif,tyrol-w,1536,1536,512,/kaggle/input/datasets/sagar100rathod/inria-aerial-image-labeling-dataset/AerialImageDataset/train/images/tyrol-w13.tif,/kaggle/input/datasets/sagar100rathod/inria-aerial-image-labeling-dataset/AerialImageDataset/train/gt/tyrol-w13.tif
train_tyrol-w13_3072_2560,train,tyrol-w13.tif,tyrol-w,2560,3072,512,/kaggle/input/datasets/sagar100rathod/inria-aerial-image-labeling-dataset/AerialImageDataset/train/images/tyrol-w13.tif,/kaggle/input/datasets/sagar100rathod/inria-aerial-image-labeling-dataset/AerialImageDataset/train/gt/tyrol-w13.tif
train_tyrol-w13_3584_3584,train,tyrol-w13.tif,tyrol-w,3584,3584,512,/kaggle/input/datasets/sagar100rathod/inria-aerial-image-labeling-dataset/AerialImageDataset/train/images/tyrol-w13.tif,/kaggle/input/datasets/sagar100rathod/inria-aerial-image-labeling-dataset/AerialImageDataset/train/gt/tyrol-w13.tif
train_tyrol-w14_1024_512,train,tyrol-w14.tif,tyrol-w,512,1024,512,/kaggle/input/datasets/sagar100rathod/inria-aerial-image-labeling-dataset/AerialImageDataset/train/images/tyrol-w14.tif,/kaggle/input/datasets/sagar100rathod/inria-aerial-image-labeling-dataset/AerialImageDataset/train/gt/tyrol-w14.tif
train_tyrol-w14_1536_0,train,tyrol-w14.tif,tyrol-w,0,1536,512,/kaggle/input/datasets/sagar100rathod/inria-aerial-image-labeling-dataset/AerialImageDataset/train/images/tyrol-w14.tif,/kaggle/input/datasets/sagar100rathod/inria-aerial-image-labeling-dataset/AerialImageDataset/train/gt/tyrol-w14.tif
train_tyrol-w14_1536_1536,train,tyrol-w14.tif,tyrol-w,1536,1536,512,/kaggle/input/datasets/sagar100rathod/inria-aerial-image-labeling-dataset/AerialImageDataset/train/images/tyrol-w14.tif,/kaggle/input/datasets/sagar100rathod/inria-aerial-image-labeling-dataset/AerialImageDataset/train/gt/tyrol-w14.tif
train_tyrol-w14_3072_1536,train,tyrol-w14.tif,tyrol-w,1536,3072,512,/kaggle/input/datasets/sagar100rathod/inria-aerial-image-labeling-dataset/AerialImageDataset/train/images/tyrol-w14.tif,/kaggle/input/datasets/sagar100rathod/inria-aerial-image-labeling-dataset/AerialImageDataset/train/gt/tyrol-w14.tif
train_tyrol-w16_0_3584,train,tyrol-w16.tif,tyrol-w,3584,0,512,/kaggle/input/datasets/sagar100rathod/inria-aerial-image-labeling-dataset/AerialImageDataset/train/images/tyrol-w16.tif,/kaggle/input/datasets/sagar100rathod/inria-aerial-image-labeling-dataset/AerialImageDataset/train/gt/tyrol-w16.tif
train_tyrol-w16_512_2560,train,tyrol-w16.tif,tyrol-w,2560,512,512,/kaggle/input/datasets/sagar100rathod/inria-aerial-image-labeling-dataset/AerialImageDataset/train/images/tyrol-w16.tif,/kaggle/input/datasets/sagar100rathod/inria-aerial-image-labeling-dataset/AerialImageDataset/train/gt/tyrol-w16.tif
train_tyrol-w16_512_4096,train,tyrol-w16.tif,tyrol-w,4096,512,512,/kaggle/input/datasets/sagar100rathod/inria-aerial-image-labeling-dataset/AerialImageDataset/train/images/tyrol-w16.tif,/kaggle/input/datasets/sagar100rathod/inria-aerial-image-labeling-dataset/AerialImageDataset/train/gt/tyrol-w16.tif
train_tyrol-w16_1024_2048,train,tyrol-w16.tif,tyrol-w,2048,1024,512,/kaggle/input/datasets/sagar100rathod/inria-aerial-image-labeling-dataset/AerialImageDataset/train/images/tyrol-w16.tif,/kaggle/input/datasets/sagar100rathod/inria-aerial-image-labeling-dataset/AerialImageDataset/train/gt/tyrol-w16.tif
train_tyrol-w16_1024_4096,train,tyrol-w16.tif,tyrol-w,4096,1024,512,/kaggle/input/datasets/sagar100rathod/inria-aerial-image-labeling-dataset/AerialImageDataset/train/images/tyrol-w16.tif,/kaggle/input/datasets/sagar100rathod/inria-aerial-image-labeling-dataset/AerialImageDataset/train/gt/tyrol-w16.tif
train_tyrol-w16_2048_3072,train,tyrol-w16.tif,tyrol-w,3072,2048,512,/kaggle/input/datasets/sagar100rathod/inria-aerial-image-labeling-dataset/AerialImageDataset/train/images/tyrol-w16.tif,/kaggle/input/datasets/sagar100rathod/inria-aerial-image-labeling-dataset/AerialImageDataset/train/gt/tyrol-w16.tif
train_tyrol-w16_2560_2048,train,tyrol-w16.tif,tyrol-w,2048,2560,512,/kaggle/input/datasets/sagar100rathod/inria-aerial-image-labeling-dataset/AerialImageDataset/train/images/tyrol-w16.tif,/kaggle/input/datasets/sagar100rathod/inria-aerial-image-labeling-dataset/AerialImageDataset/train/gt/tyrol-w16.tif
train_tyrol-w16_2560_2560,train,tyrol-w16.tif,tyrol-w,2560,2560,512,/kaggle/input/datasets/sagar100rathod/inria-aerial-image-labeling-dataset/AerialImageDataset/train/images/tyrol-w16.tif,/kaggle/input/datasets/sagar100rathod/inria-aerial-image-labeling-dataset/AerialImageDataset/train/gt/tyrol-w16.tif
train_tyrol-w16_2560_4096,train,tyrol-w16.tif,tyrol-w,4096,2560,512,/kaggle/input/datasets/sagar100rathod/inria-aerial-image-labeling-dataset/AerialImageDataset/train/images/tyrol-w16.tif,/kaggle/input/datasets/sagar100rathod/inria-aerial-image-labeling-dataset/AerialImageDataset/train/gt/tyrol-w16.tif
train_tyrol-w16_3072_1536,train,tyrol-w16.tif,tyrol-w,1536,3072,512,/kaggle/input/datasets/sagar100rathod/inria-aerial-image-labeling-dataset/AerialImageDataset/train/images/tyrol-w16.tif,/kaggle/input/datasets/sagar100rathod/inria-aerial-image-labeling-dataset/AerialImageDataset/train/gt/tyrol-w16.tif
train_tyrol-w16_3072_2048,train,tyrol-w16.tif,tyrol-w,2048,3072,512,/kaggle/input/datasets/sagar100rathod/inria-aerial-image-labeling-dataset/AerialImageDataset/train/images/tyrol-w16.tif,/kaggle/input/datasets/sagar100rathod/inria-aerial-image-labeling-dataset/AerialImageDataset/train/gt/tyrol-w16.tif
train_tyrol-w16_3584_3584,train,tyrol-w16.tif,tyrol-w,3584,3584,512,/kaggle/input/datasets/sagar100rathod/inria-aerial-image-labeling-dataset/AerialImageDataset/train/images/tyrol-w16.tif,/kaggle/input/datasets/sagar100rathod/inria-aerial-image-labeling-dataset/AerialImageDataset/train/gt/tyrol-w16.tif
train_tyrol-w16_4096_2560,train,tyrol-w16.tif,tyrol-w,2560,4096,512,/kaggle/input/datasets/sagar100rathod/inria-aerial-image-labeling-dataset/AerialImageDataset/train/images/tyrol-w16.tif,/kaggle/input/datasets/sagar100rathod/inria-aerial-image-labeling-dataset/AerialImageDataset/train/gt/tyrol-w16.tif
train_tyrol-w17_0_3584,train,tyrol-w17.tif,tyrol-w,3584,0,512,/kaggle/input/datasets/sagar100rathod/inria-aerial-image-labeling-dataset/AerialImageDataset/train/images/tyrol-w17.tif,/kaggle/input/datasets/sagar100rathod/inria-aerial-image-labeling-dataset/AerialImageDataset/train/gt/tyrol-w17.tif
train_tyrol-w17_0_4096,train,tyrol-w17.tif,tyrol-w,4096,0,512,/kaggle/input/datasets/sagar100rathod/inria-aerial-image-labeling-dataset/AerialImageDataset/train/images/tyrol-w17.tif,/kaggle/input/datasets/sagar100rathod/inria-aerial-image-labeling-dataset/AerialImageDataset/train/gt/tyrol-w17.tif
train_tyrol-w17_1024_2048,train,tyrol-w17.tif,tyrol-w,2048,1024,512,/kaggle/input/datasets/sagar100rathod/inria-aerial-image-labeling-dataset/AerialImageDataset/train/images/tyrol-w17.tif,/kaggle/input/datasets/sagar100rathod/inria-aerial-image-labeling-dataset/AerialImageDataset/train/gt/tyrol-w17.tif
train_tyrol-w17_2048_512,train,tyrol-w17.tif,tyrol-w,512,2048,512,/kaggle/input/datasets/sagar100rathod/inria-aerial-image-labeling-dataset/AerialImageDataset/train/images/tyrol-w17.tif,/kaggle/input/datasets/sagar100rathod/inria-aerial-image-labeling-dataset/AerialImageDataset/train/gt/tyrol-w17.tif
train_tyrol-w17_2048_3072,train,tyrol-w17.tif,tyrol-w,3072,2048,512,/kaggle/input/datasets/sagar100rathod/inria-aerial-image-labeling-dataset/AerialImageDataset/train/images/tyrol-w17.tif,/kaggle/input/datasets/sagar100rathod/inria-aerial-image-labeling-dataset/AerialImageDataset/train/gt/tyrol-w17.tif
train_tyrol-w17_2560_512,train,tyrol-w17.tif,tyrol-w,512,2560,512,/kaggle/input/datasets/sagar100rathod/inria-aerial-image-labeling-dataset/AerialImageDataset/train/images/tyrol-w17.tif,/kaggle/input/datasets/sagar100rathod/inria-aerial-image-labeling-dataset/AerialImageDataset/train/gt/tyrol-w17.tif
train_tyrol-w17_2560_2048,train,tyrol-w17.tif,tyrol-w,2048,2560,512,/kaggle/input/datasets/sagar100rathod/inria-aerial-image-labeling-dataset/AerialImageDataset/train/images/tyrol-w17.tif,/kaggle/input/datasets/sagar100rathod/inria-aerial-image-labeling-dataset/AerialImageDataset/train/gt/tyrol-w17.tif
train_tyrol-w17_3072_4096,train,tyrol-w17.tif,tyrol-w,4096,3072,512,/kaggle/input/datasets/sagar100rathod/inria-aerial-image-labeling-dataset/AerialImageDataset/train/images/tyrol-w17.tif,/kaggle/input/datasets/sagar100rathod/inria-aerial-image-labeling-dataset/AerialImageDataset/train/gt/tyrol-w17.tif
train_tyrol-w17_3584_4096,train,tyrol-w17.tif,tyrol-w,4096,3584,512,/kaggle/input/datasets/sagar100rathod/inria-aerial-image-labeling-dataset/AerialImageDataset/train/images/tyrol-w17.tif,/kaggle/input/datasets/sagar100rathod/inria-aerial-image-labeling-dataset/AerialImageDataset/train/gt/tyrol-w17.tif
train_tyrol-w19_0_0,train,tyrol-w19.tif,tyrol-w,0,0,512,/kaggle/input/datasets/sagar100rathod/inria-aerial-image-labeling-dataset/AerialImageDataset/train/images/tyrol-w19.tif,/kaggle/input/datasets/sagar100rathod/inria-aerial-image-labeling-dataset/AerialImageDataset/train/gt/tyrol-w19.tif
train_tyrol-w19_512_0,train,tyrol-w19.tif,tyrol-w,0,512,512,/kaggle/input/datasets/sagar100rathod/inria-aerial-image-labeling-dataset/AerialImageDataset/train/images/tyrol-w19.tif,/kaggle/input/datasets/sagar100rathod/inria-aerial-image-labeling-dataset/AerialImageDataset/train/gt/tyrol-w19.tif
train_tyrol-w19_512_4096,train,tyrol-w19.tif,tyrol-w,4096,512,512,/kaggle/input/datasets/sagar100rathod/inria-aerial-image-labeling-dataset/AerialImageDataset/train/images/tyrol-w19.tif,/kaggle/input/datasets/sagar100rathod/inria-aerial-image-labeling-dataset/AerialImageDataset/train/gt/tyrol-w19.tif
train_tyrol-w19_1024_512,train,tyrol-w19.tif,tyrol-w,512,1024,512,/kaggle/input/datasets/sagar100rathod/inria-aerial-image-labeling-dataset/AerialImageDataset/train/images/tyrol-w19.tif,/kaggle/input/datasets/sagar100rathod/inria-aerial-image-labeling-dataset/AerialImageDataset/train/gt/tyrol-w19.tif
train_tyrol-w19_1536_0,train,tyrol-w19.tif,tyrol-w,0,1536,512,/kaggle/input/datasets/sagar100rathod/inria-aerial-image-labeling-dataset/AerialImageDataset/train/images/tyrol-w19.tif,/kaggle/input/datasets/sagar100rathod/inria-aerial-image-labeling-dataset/AerialImageDataset/train/gt/tyrol-w19.tif
train_tyrol-w19_2048_512,train,tyrol-w19.tif,tyrol-w,512,2048,512,/kaggle/input/datasets/sagar100rathod/inria-aerial-image-labeling-dataset/AerialImageDataset/train/images/tyrol-w19.tif,/kaggle/input/datasets/sagar100rathod/inria-aerial-image-labeling-dataset/AerialImageDataset/train/gt/tyrol-w19.tif
train_tyrol-w19_2048_2048,train,tyrol-w19.tif,tyrol-w,2048,2048,512,/kaggle/input/datasets/sagar100rathod/inria-aerial-image-labeling-dataset/AerialImageDataset/train/images/tyrol-w19.tif,/kaggle/input/datasets/sagar100rathod/inria-aerial-image-labeling-dataset/AerialImageDataset/train/gt/tyrol-w19.tif
train_tyrol-w19_2560_4096,train,tyrol-w19.tif,tyrol-w,4096,2560,512,/kaggle/input/datasets/sagar100rathod/inria-aerial-image-labeling-dataset/AerialImageDataset/train/images/tyrol-w19.tif,/kaggle/input/datasets/sagar100rathod/inria-aerial-image-labeling-dataset/AerialImageDataset/train/gt/tyrol-w19.tif
train_tyrol-w19_3584_512,train,tyrol-w19.tif,tyrol-w,512,3584,512,/kaggle/input/datasets/sagar100rathod/inria-aerial-image-labeling-dataset/AerialImageDataset/train/images/tyrol-w19.tif,/kaggle/input/datasets/sagar100rathod/inria-aerial-image-labeling-dataset/AerialImageDataset/train/gt/tyrol-w19.tif
train_tyrol-w19_3584_1024,train,tyrol-w19.tif,tyrol-w,1024,3584,512,/kaggle/input/datasets/sagar100rathod/inria-aerial-image-labeling-dataset/AerialImageDataset/train/images/tyrol-w19.tif,/kaggle/input/datasets/sagar100rathod/inria-aerial-image-labeling-dataset/AerialImageDataset/train/gt/tyrol-w19.tif
train_tyrol-w19_4096_0,train,tyrol-w19.tif,tyrol-w,0,4096,512,/kaggle/input/datasets/sagar100rathod/inria-aerial-image-labeling-dataset/AerialImageDataset/train/images/tyrol-w19.tif,/kaggle/input/datasets/sagar100rathod/inria-aerial-image-labeling-dataset/AerialImageDataset/train/gt/tyrol-w19.tif
train_tyrol-w2_0_2048,train,tyrol-w2.tif,tyrol-w,2048,0,512,/kaggle/input/datasets/sagar100rathod/inria-aerial-image-labeling-dataset/AerialImageDataset/train/images/tyrol-w2.tif,/kaggle/input/datasets/sagar100rathod/inria-aerial-image-labeling-dataset/AerialImageDataset/train/gt/tyrol-w2.tif
train_tyrol-w2_512_2048,train,tyrol-w2.tif,tyrol-w,2048,512,512,/kaggle/input/datasets/sagar100rathod/inria-aerial-image-labeling-dataset/AerialImageDataset/train/images/tyrol-w2.tif,/kaggle/input/datasets/sagar100rathod/inria-aerial-image-labeling-dataset/AerialImageDataset/train/gt/tyrol-w2.tif
train_tyrol-w2_512_2560,train,tyrol-w2.tif,tyrol-w,2560,512,512,/kaggle/input/datasets/sagar100rathod/inria-aerial-image-labeling-dataset/AerialImageDataset/train/images/tyrol-w2.tif,/kaggle/input/datasets/sagar100rathod/inria-aerial-image-labeling-dataset/AerialImageDataset/train/gt/tyrol-w2.tif
train_tyrol-w2_512_3072,train,tyrol-w2.tif,tyrol-w,3072,512,512,/kaggle/input/datasets/sagar100rathod/inria-aerial-image-labeling-dataset/AerialImageDataset/train/images/tyrol-w2.tif,/kaggle/input/datasets/sagar100rathod/inria-aerial-image-labeling-dataset/AerialImageDataset/train/gt/tyrol-w2.tif
train_tyrol-w2_1024_1024,train,tyrol-w2.tif,tyrol-w,1024,1024,512,/kaggle/input/datasets/sagar100rathod/inria-aerial-image-labeling-dataset/AerialImageDataset/train/images/tyrol-w2.tif,/kaggle/input/datasets/sagar100rathod/inria-aerial-image-labeling-dataset/AerialImageDataset/train/gt/tyrol-w2.tif
train_tyrol-w2_1024_2560,train,tyrol-w2.tif,tyrol-w,2560,1024,512,/kaggle/input/datasets/sagar100rathod/inria-aerial-image-labeling-dataset/AerialImageDataset/train/images/tyrol-w2.tif,/kaggle/input/datasets/sagar100rathod/inria-aerial-image-labeling-dataset/AerialImageDataset/train/gt/tyrol-w2.tif
train_tyrol-w2_1536_2560,train,tyrol-w2.tif,tyrol-w,2560,1536,512,/kaggle/input/datasets/sagar100rathod/inria-aerial-image-labeling-dataset/AerialImageDataset/train/images/tyrol-w2.tif,/kaggle/input/datasets/sagar100rathod/inria-aerial-image-labeling-dataset/AerialImageDataset/train/gt/tyrol-w2.tif
train_tyrol-w2_1536_4096,train,tyrol-w2.tif,tyrol-w,4096,1536,512,/kaggle/input/datasets/sagar100rathod/inria-aerial-image-labeling-dataset/AerialImageDataset/train/images/tyrol-w2.tif,/kaggle/input/datasets/sagar100rathod/inria-aerial-image-labeling-dataset/AerialImageDataset/train/gt/tyrol-w2.tif
train_tyrol-w2_2560_0,train,tyrol-w2.tif,tyrol-w,0,2560,512,/kaggle/input/datasets/sagar100rathod/inria-aerial-image-labeling-dataset/AerialImageDataset/train/images/tyrol-w2.tif,/kaggle/input/datasets/sagar100rathod/inria-aerial-image-labeling-dataset/AerialImageDataset/train/gt/tyrol-w2.tif
train_tyrol-w2_2560_3584,train,tyrol-w2.tif,tyrol-w,3584,2560,512,/kaggle/input/datasets/sagar100rathod/inria-aerial-image-labeling-dataset/AerialImageDataset/train/images/tyrol-w2.tif,/kaggle/input/datasets/sagar100rathod/inria-aerial-image-labeling-dataset/AerialImageDataset/train/gt/tyrol-w2.tif
train_tyrol-w2_3584_3072,train,tyrol-w2.tif,tyrol-w,3072,3584,512,/kaggle/input/datasets/sagar100rathod/inria-aerial-image-labeling-dataset/AerialImageDataset/train/images/tyrol-w2.tif,/kaggle/input/datasets/sagar100rathod/inria-aerial-image-labeling-dataset/AerialImageDataset/train/gt/tyrol-w2.tif
train_tyrol-w20_512_0,train,tyrol-w20.tif,tyrol-w,0,512,512,/kaggle/input/datasets/sagar100rathod/inria-aerial-image-labeling-dataset/AerialImageDataset/train/images/tyrol-w20.tif,/kaggle/input/datasets/sagar100rathod/inria-aerial-image-labeling-dataset/AerialImageDataset/train/gt/tyrol-w20.tif
train_tyrol-w20_1536_0,train,tyrol-w20.tif,tyrol-w,0,1536,512,/kaggle/input/datasets/sagar100rathod/inria-aerial-image-labeling-dataset/AerialImageDataset/train/images/tyrol-w20.tif,/kaggle/input/datasets/sagar100rathod/inria-aerial-image-labeling-dataset/AerialImageDataset/train/gt/tyrol-w20.tif
train_tyrol-w20_1536_2560,train,tyrol-w20.tif,tyrol-w,2560,1536,512,/kaggle/input/datasets/sagar100rathod/inria-aerial-image-labeling-dataset/AerialImageDataset/train/images/tyrol-w20.tif,/kaggle/input/datasets/sagar100rathod/inria-aerial-image-labeling-dataset/AerialImageDataset/train/gt/tyrol-w20.tif
train_tyrol-w20_2560_3072,train,tyrol-w20.tif,tyrol-w,3072,2560,512,/kaggle/input/datasets/sagar100rathod/inria-aerial-image-labeling-dataset/AerialImageDataset/train/images/tyrol-w20.tif,/kaggle/input/datasets/sagar100rathod/inria-aerial-image-labeling-dataset/AerialImageDataset/train/gt/tyrol-w20.tif
train_tyrol-w21_0_1024,train,tyrol-w21.tif,tyrol-w,1024,0,512,/kaggle/input/datasets/sagar100rathod/inria-aerial-image-labeling-dataset/AerialImageDataset/train/images/tyrol-w21.tif,/kaggle/input/datasets/sagar100rathod/inria-aerial-image-labeling-dataset/AerialImageDataset/train/gt/tyrol-w21.tif
train_tyrol-w21_512_3584,train,tyrol-w21.tif,tyrol-w,3584,512,512,/kaggle/input/datasets/sagar100rathod/inria-aerial-image-labeling-dataset/AerialImageDataset/train/images/tyrol-w21.tif,/kaggle/input/datasets/sagar100rathod/inria-aerial-image-labeling-dataset/AerialImageDataset/train/gt/tyrol-w21.tif
train_tyrol-w21_512_4096,train,tyrol-w21.tif,tyrol-w,4096,512,512,/kaggle/input/datasets/sagar100rathod/inria-aerial-image-labeling-dataset/AerialImageDataset/train/images/tyrol-w21.tif,/kaggle/input/datasets/sagar100rathod/inria-aerial-image-labeling-dataset/AerialImageDataset/train/gt/tyrol-w21.tif
train_tyrol-w21_1536_1024,train,tyrol-w21.tif,tyrol-w,1024,1536,512,/kaggle/input/datasets/sagar100rathod/inria-aerial-image-labeling-dataset/AerialImageDataset/train/images/tyrol-w21.tif,/kaggle/input/datasets/sagar100rathod/inria-aerial-image-labeling-dataset/AerialImageDataset/train/gt/tyrol-w21.tif
train_tyrol-w21_3072_0,train,tyrol-w21.tif,tyrol-w,0,3072,512,/kaggle/input/datasets/sagar100rathod/inria-aerial-image-labeling-dataset/AerialImageDataset/train/images/tyrol-w21.tif,/kaggle/input/datasets/sagar100rathod/inria-aerial-image-labeling-dataset/AerialImageDataset/train/gt/tyrol-w21.tif
train_tyrol-w21_3072_512,train,tyrol-w21.tif,tyrol-w,512,3072,512,/kaggle/input/datasets/sagar100rathod/inria-aerial-image-labeling-dataset/AerialImageDataset/train/images/tyrol-w21.tif,/kaggle/input/datasets/sagar100rathod/inria-aerial-image-labeling-dataset/AerialImageDataset/train/gt/tyrol-w21.tif
train_tyrol-w21_3584_0,train,tyrol-w21.tif,tyrol-w,0,3584,512,/kaggle/input/datasets/sagar100rathod/inria-aerial-image-labeling-dataset/AerialImageDataset/train/images/tyrol-w21.tif,/kaggle/input/datasets/sagar100rathod/inria-aerial-image-labeling-dataset/AerialImageDataset/train/gt/tyrol-w21.tif
train_tyrol-w21_3584_1024,train,tyrol-w21.tif,tyrol-w,1024,3584,512,/kaggle/input/datasets/sagar100rathod/inria-aerial-image-labeling-dataset/AerialImageDataset/train/images/tyrol-w21.tif,/kaggle/input/datasets/sagar100rathod/inria-aerial-image-labeling-dataset/AerialImageDataset/train/gt/tyrol-w21.tif
train_tyrol-w21_4096_4096,train,tyrol-w21.tif,tyrol-w,4096,4096,512,/kaggle/input/datasets/sagar100rathod/inria-aerial-image-labeling-dataset/AerialImageDataset/train/images/tyrol-w21.tif,/kaggle/input/datasets/sagar100rathod/inria-aerial-image-labeling-dataset/AerialImageDataset/train/gt/tyrol-w21.tif
train_tyrol-w22_0_0,train,tyrol-w22.tif,tyrol-w,0,0,512,/kaggle/input/datasets/sagar100rathod/inria-aerial-image-labeling-dataset/AerialImageDataset/train/images/tyrol-w22.tif,/kaggle/input/datasets/sagar100rathod/inria-aerial-image-labeling-dataset/AerialImageDataset/train/gt/tyrol-w22.tif
train_tyrol-w22_0_1536,train,tyrol-w22.tif,tyrol-w,1536,0,512,/kaggle/input/datasets/sagar100rathod/inria-aerial-image-labeling-dataset/AerialImageDataset/train/images/tyrol-w22.tif,/kaggle/input/datasets/sagar100rathod/inria-aerial-image-labeling-dataset/AerialImageDataset/train/gt/tyrol-w22.tif
train_tyrol-w22_1024_2560,train,tyrol-w22.tif,tyrol-w,2560,1024,512,/kaggle/input/datasets/sagar100rathod/inria-aerial-image-labeling-dataset/AerialImageDataset/train/images/tyrol-w22.tif,/kaggle/input/datasets/sagar100rathod/inria-aerial-image-labeling-dataset/AerialImageDataset/train/gt/tyrol-w22.tif
train_tyrol-w22_1024_4096,train,tyrol-w22.tif,tyrol-w,4096,1024,512,/kaggle/input/datasets/sagar100rathod/inria-aerial-image-labeling-dataset/AerialImageDataset/train/images/tyrol-w22.tif,/kaggle/input/datasets/sagar100rathod/inria-aerial-image-labeling-dataset/AerialImageDataset/train/gt/tyrol-w22.tif
train_tyrol-w22_1536_1024,train,tyrol-w22.tif,tyrol-w,1024,1536,512,/kaggle/input/datasets/sagar100rathod/inria-aerial-image-labeling-dataset/AerialImageDataset/train/images/tyrol-w22.tif,/kaggle/input/datasets/sagar100rathod/inria-aerial-image-labeling-dataset/AerialImageDataset/train/gt/tyrol-w22.tif
train_tyrol-w22_1536_2048,train,tyrol-w22.tif,tyrol-w,2048,1536,512,/kaggle/input/datasets/sagar100rathod/inria-aerial-image-labeling-dataset/AerialImageDataset/train/images/tyrol-w22.tif,/kaggle/input/datasets/sagar100rathod/inria-aerial-image-labeling-dataset/AerialImageDataset/train/gt/tyrol-w22.tif
train_tyrol-w22_2048_1024,train,tyrol-w22.tif,tyrol-w,1024,2048,512,/kaggle/input/datasets/sagar100rathod/inria-aerial-image-labeling-dataset/AerialImageDataset/train/images/tyrol-w22.tif,/kaggle/input/datasets/sagar100rathod/inria-aerial-image-labeling-dataset/AerialImageDataset/train/gt/tyrol-w22.tif
train_tyrol-w22_2560_2560,train,tyrol-w22.tif,tyrol-w,2560,2560,512,/kaggle/input/datasets/sagar100rathod/inria-aerial-image-labeling-dataset/AerialImageDataset/train/images/tyrol-w22.tif,/kaggle/input/datasets/sagar100rathod/inria-aerial-image-labeling-dataset/AerialImageDataset/train/gt/tyrol-w22.tif
train_tyrol-w22_2560_3584,train,tyrol-w22.tif,tyrol-w,3584,2560,512,/kaggle/input/datasets/sagar100rathod/inria-aerial-image-labeling-dataset/AerialImageDataset/train/images/tyrol-w22.tif,/kaggle/input/datasets/sagar100rathod/inria-aerial-image-labeling-dataset/AerialImageDataset/train/gt/tyrol-w22.tif
train_tyrol-w22_3584_512,train,tyrol-w22.tif,tyrol-w,512,3584,512,/kaggle/input/datasets/sagar100rathod/inria-aerial-image-labeling-dataset/AerialImageDataset/train/images/tyrol-w22.tif,/kaggle/input/datasets/sagar100rathod/inria-aerial-image-labeling-dataset/AerialImageDataset/train/gt/tyrol-w22.tif
train_tyrol-w22_3584_1536,train,tyrol-w22.tif,tyrol-w,1536,3584,512,/kaggle/input/datasets/sagar100rathod/inria-aerial-image-labeling-dataset/AerialImageDataset/train/images/tyrol-w22.tif,/kaggle/input/datasets/sagar100rathod/inria-aerial-image-labeling-dataset/AerialImageDataset/train/gt/tyrol-w22.tif
train_tyrol-w22_3584_2048,train,tyrol-w22.tif,tyrol-w,2048,3584,512,/kaggle/input/datasets/sagar100rathod/inria-aerial-image-labeling-dataset/AerialImageDataset/train/images/tyrol-w22.tif,/kaggle/input/datasets/sagar100rathod/inria-aerial-image-labeling-dataset/AerialImageDataset/train/gt/tyrol-w22.tif
train_tyrol-w22_3584_3584,train,tyrol-w22.tif,tyrol-w,3584,3584,512,/kaggle/input/datasets/sagar100rathod/inria-aerial-image-labeling-dataset/AerialImageDataset/train/images/tyrol-w22.tif,/kaggle/input/datasets/sagar100rathod/inria-aerial-image-labeling-dataset/AerialImageDataset/train/gt/tyrol-w22.tif
train_tyrol-w22_3584_4096,train,tyrol-w22.tif,tyrol-w,4096,3584,512,/kaggle/input/datasets/sagar100rathod/inria-aerial-image-labeling-dataset/AerialImageDataset/train/images/tyrol-w22.tif,/kaggle/input/datasets/sagar100rathod/inria-aerial-image-labeling-dataset/AerialImageDataset/train/gt/tyrol-w22.tif
train_tyrol-w23_0_512,train,tyrol-w23.tif,tyrol-w,512,0,512,/kaggle/input/datasets/sagar100rathod/inria-aerial-image-labeling-dataset/AerialImageDataset/train/images/tyrol-w23.tif,/kaggle/input/datasets/sagar100rathod/inria-aerial-image-labeling-dataset/AerialImageDataset/train/gt/tyrol-w23.tif
train_tyrol-w23_512_3584,train,tyrol-w23.tif,tyrol-w,3584,512,512,/kaggle/input/datasets/sagar100rathod/inria-aerial-image-labeling-dataset/AerialImageDataset/train/images/tyrol-w23.tif,/kaggle/input/datasets/sagar100rathod/inria-aerial-image-labeling-dataset/AerialImageDataset/train/gt/tyrol-w23.tif
train_tyrol-w23_1024_0,train,tyrol-w23.tif,tyrol-w,0,1024,512,/kaggle/input/datasets/sagar100rathod/inria-aerial-image-labeling-dataset/AerialImageDataset/train/images/tyrol-w23.tif,/kaggle/input/datasets/sagar100rathod/inria-aerial-image-labeling-dataset/AerialImageDataset/train/gt/tyrol-w23.tif
train_tyrol-w23_1024_2560,train,tyrol-w23.tif,tyrol-w,2560,1024,512,/kaggle/input/datasets/sagar100rathod/inria-aerial-image-labeling-dataset/AerialImageDataset/train/images/tyrol-w23.tif,/kaggle/input/datasets/sagar100rathod/inria-aerial-image-labeling-dataset/AerialImageDataset/train/gt/tyrol-w23.tif
train_tyrol-w23_1536_1536,train,tyrol-w23.tif,tyrol-w,1536,1536,512,/kaggle/input/datasets/sagar100rathod/inria-aerial-image-labeling-dataset/AerialImageDataset/train/images/tyrol-w23.tif,/kaggle/input/datasets/sagar100rathod/inria-aerial-image-labeling-dataset/AerialImageDataset/train/gt/tyrol-w23.tif
train_tyrol-w23_1536_4096,train,tyrol-w23.tif,tyrol-w,4096,1536,512,/kaggle/input/datasets/sagar100rathod/inria-aerial-image-labeling-dataset/AerialImageDataset/train/images/tyrol-w23.tif,/kaggle/input/datasets/sagar100rathod/inria-aerial-image-labeling-dataset/AerialImageDataset/train/gt/tyrol-w23.tif
train_tyrol-w23_2560_3584,train,tyrol-w23.tif,tyrol-w,3584,2560,512,/kaggle/input/datasets/sagar100rathod/inria-aerial-image-labeling-dataset/AerialImageDataset/train/images/tyrol-w23.tif,/kaggle/input/datasets/sagar100rathod/inria-aerial-image-labeling-dataset/AerialImageDataset/train/gt/tyrol-w23.tif
train_tyrol-w23_2560_4096,train,tyrol-w23.tif,tyrol-w,4096,2560,512,/kaggle/input/datasets/sagar100rathod/inria-aerial-image-labeling-dataset/AerialImageDataset/train/images/tyrol-w23.tif,/kaggle/input/datasets/sagar100rathod/inria-aerial-image-labeling-dataset/AerialImageDataset/train/gt/tyrol-w23.tif
train_tyrol-w23_3584_1024,train,tyrol-w23.tif,tyrol-w,1024,3584,512,/kaggle/input/datasets/sagar100rathod/inria-aerial-image-labeling-dataset/AerialImageDataset/train/images/tyrol-w23.tif,/kaggle/input/datasets/sagar100rathod/inria-aerial-image-labeling-dataset/AerialImageDataset/train/gt/tyrol-w23.tif
train_tyrol-w23_4096_1536,train,tyrol-w23.tif,tyrol-w,1536,4096,512,/kaggle/input/datasets/sagar100rathod/inria-aerial-image-labeling-dataset/AerialImageDataset/train/images/tyrol-w23.tif,/kaggle/input/datasets/sagar100rathod/inria-aerial-image-labeling-dataset/AerialImageDataset/train/gt/tyrol-w23.tif
train_tyrol-w23_4096_3584,train,tyrol-w23.tif,tyrol-w,3584,4096,512,/kaggle/input/datasets/sagar100rathod/inria-aerial-image-labeling-dataset/AerialImageDataset/train/images/tyrol-w23.tif,/kaggle/input/datasets/sagar100rathod/inria-aerial-image-labeling-dataset/AerialImageDataset/train/gt/tyrol-w23.tif
train_tyrol-w24_0_1536,train,tyrol-w24.tif,tyrol-w,1536,0,512,/kaggle/input/datasets/sagar100rathod/inria-aerial-image-labeling-dataset/AerialImageDataset/train/images/tyrol-w24.tif,/kaggle/input/datasets/sagar100rathod/inria-aerial-image-labeling-dataset/AerialImageDataset/train/gt/tyrol-w24.tif
train_tyrol-w24_0_4096,train,tyrol-w24.tif,tyrol-w,4096,0,512,/kaggle/input/datasets/sagar100rathod/inria-aerial-image-labeling-dataset/AerialImageDataset/train/images/tyrol-w24.tif,/kaggle/input/datasets/sagar100rathod/inria-aerial-image-labeling-dataset/AerialImageDataset/train/gt/tyrol-w24.tif
train_tyrol-w24_1024_4096,train,tyrol-w24.tif,tyrol-w,4096,1024,512,/kaggle/input/datasets/sagar100rathod/inria-aerial-image-labeling-dataset/AerialImageDataset/train/images/tyrol-w24.tif,/kaggle/input/datasets/sagar100rathod/inria-aerial-image-labeling-dataset/AerialImageDataset/train/gt/tyrol-w24.tif
train_tyrol-w24_1536_512,train,tyrol-w24.tif,tyrol-w,512,1536,512,/kaggle/input/datasets/sagar100rathod/inria-aerial-image-labeling-dataset/AerialImageDataset/train/images/tyrol-w24.tif,/kaggle/input/datasets/sagar100rathod/inria-aerial-image-labeling-dataset/AerialImageDataset/train/gt/tyrol-w24.tif
train_tyrol-w24_2048_1024,train,tyrol-w24.tif,tyrol-w,1024,2048,512,/kaggle/input/datasets/sagar100rathod/inria-aerial-image-labeling-dataset/AerialImageDataset/train/images/tyrol-w24.tif,/kaggle/input/datasets/sagar100rathod/inria-aerial-image-labeling-dataset/AerialImageDataset/train/gt/tyrol-w24.tif
train_tyrol-w24_2048_3584,train,tyrol-w24.tif,tyrol-w,3584,2048,512,/kaggle/input/datasets/sagar100rathod/inria-aerial-image-labeling-dataset/AerialImageDataset/train/images/tyrol-w24.tif,/kaggle/input/datasets/sagar100rathod/inria-aerial-image-labeling-dataset/AerialImageDataset/train/gt/tyrol-w24.tif
train_tyrol-w24_3072_2048,train,tyrol-w24.tif,tyrol-w,2048,3072,512,/kaggle/input/datasets/sagar100rathod/inria-aerial-image-labeling-dataset/AerialImageDataset/train/images/tyrol-w24.tif,/kaggle/input/datasets/sagar100rathod/inria-aerial-image-labeling-dataset/AerialImageDataset/train/gt/tyrol-w24.tif
train_tyrol-w24_4096_512,train,tyrol-w24.tif,tyrol-w,512,4096,512,/kaggle/input/datasets/sagar100rathod/inria-aerial-image-labeling-dataset/AerialImageDataset/train/images/tyrol-w24.tif,/kaggle/input/datasets/sagar100rathod/inria-aerial-image-labeling-dataset/AerialImageDataset/train/gt/tyrol-w24.tif
train_tyrol-w25_0_4096,train,tyrol-w25.tif,tyrol-w,4096,0,512,/kaggle/input/datasets/sagar100rathod/inria-aerial-image-labeling-dataset/AerialImageDataset/train/images/tyrol-w25.tif,/kaggle/input/datasets/sagar100rathod/inria-aerial-image-labeling-dataset/AerialImageDataset/train/gt/tyrol-w25.tif
train_tyrol-w25_512_512,train,tyrol-w25.tif,tyrol-w,512,512,512,/kaggle/input/datasets/sagar100rathod/inria-aerial-image-labeling-dataset/AerialImageDataset/train/images/tyrol-w25.tif,/kaggle/input/datasets/sagar100rathod/inria-aerial-image-labeling-dataset/AerialImageDataset/train/gt/tyrol-w25.tif
train_tyrol-w25_1536_2048,train,tyrol-w25.tif,tyrol-w,2048,1536,512,/kaggle/input/datasets/sagar100rathod/inria-aerial-image-labeling-dataset/AerialImageDataset/train/images/tyrol-w25.tif,/kaggle/input/datasets/sagar100rathod/inria-aerial-image-labeling-dataset/AerialImageDataset/train/gt/tyrol-w25.tif
train_tyrol-w25_1536_3584,train,tyrol-w25.tif,tyrol-w,3584,1536,512,/kaggle/input/datasets/sagar100rathod/inria-aerial-image-labeling-dataset/AerialImageDataset/train/images/tyrol-w25.tif,/kaggle/input/datasets/sagar100rathod/inria-aerial-image-labeling-dataset/AerialImageDataset/train/gt/tyrol-w25.tif
train_tyrol-w25_1536_4096,train,tyrol-w25.tif,tyrol-w,4096,1536,512,/kaggle/input/datasets/sagar100rathod/inria-aerial-image-labeling-dataset/AerialImageDataset/train/images/tyrol-w25.tif,/kaggle/input/datasets/sagar100rathod/inria-aerial-image-labeling-dataset/AerialImageDataset/train/gt/tyrol-w25.tif
train_tyrol-w25_2048_512,train,tyrol-w25.tif,tyrol-w,512,2048,512,/kaggle/input/datasets/sagar100rathod/inria-aerial-image-labeling-dataset/AerialImageDataset/train/images/tyrol-w25.tif,/kaggle/input/datasets/sagar100rathod/inria-aerial-image-labeling-dataset/AerialImageDataset/train/gt/tyrol-w25.tif
train_tyrol-w25_2048_2048,train,tyrol-w25.tif,tyrol-w,2048,2048,512,/kaggle/input/datasets/sagar100rathod/inria-aerial-image-labeling-dataset/AerialImageDataset/train/images/tyrol-w25.tif,/kaggle/input/datasets/sagar100rathod/inria-aerial-image-labeling-dataset/AerialImageDataset/train/gt/tyrol-w25.tif
train_tyrol-w25_2048_2560,train,tyrol-w25.tif,tyrol-w,2560,2048,512,/kaggle/input/datasets/sagar100rathod/inria-aerial-image-labeling-dataset/AerialImageDataset/train/images/tyrol-w25.tif,/kaggle/input/datasets/sagar100rathod/inria-aerial-image-labeling-dataset/AerialImageDataset/train/gt/tyrol-w25.tif
train_tyrol-w25_2048_3584,train,tyrol-w25.tif,tyrol-w,3584,2048,512,/kaggle/input/datasets/sagar100rathod/inria-aerial-image-labeling-dataset/AerialImageDataset/train/images/tyrol-w25.tif,/kaggle/input/datasets/sagar100rathod/inria-aerial-image-labeling-dataset/AerialImageDataset/train/gt/tyrol-w25.tif
train_tyrol-w25_3072_4096,train,tyrol-w25.tif,tyrol-w,4096,3072,512,/kaggle/input/datasets/sagar100rathod/inria-aerial-image-labeling-dataset/AerialImageDataset/train/images/tyrol-w25.tif,/kaggle/input/datasets/sagar100rathod/inria-aerial-image-labeling-dataset/AerialImageDataset/train/gt/tyrol-w25.tif
train_tyrol-w25_4096_2048,train,tyrol-w25.tif,tyrol-w,2048,4096,512,/kaggle/input/datasets/sagar100rathod/inria-aerial-image-labeling-dataset/AerialImageDataset/train/images/tyrol-w25.tif,/kaggle/input/datasets/sagar100rathod/inria-aerial-image-labeling-dataset/AerialImageDataset/train/gt/tyrol-w25.tif
train_tyrol-w25_4096_2560,train,tyrol-w25.tif,tyrol-w,2560,4096,512,/kaggle/input/datasets/sagar100rathod/inria-aerial-image-labeling-dataset/AerialImageDataset/train/images/tyrol-w25.tif,/kaggle/input/datasets/sagar100rathod/inria-aerial-image-labeling-dataset/AerialImageDataset/train/gt/tyrol-w25.tif
train_tyrol-w26_1536_3072,train,tyrol-w26.tif,tyrol-w,3072,1536,512,/kaggle/input/datasets/sagar100rathod/inria-aerial-image-labeling-dataset/AerialImageDataset/train/images/tyrol-w26.tif,/kaggle/input/datasets/sagar100rathod/inria-aerial-image-labeling-dataset/AerialImageDataset/train/gt/tyrol-w26.tif
train_tyrol-w26_2048_2560,train,tyrol-w26.tif,tyrol-w,2560,2048,512,/kaggle/input/datasets/sagar100rathod/inria-aerial-image-labeling-dataset/AerialImageDataset/train/images/tyrol-w26.tif,/kaggle/input/datasets/sagar100rathod/inria-aerial-image-labeling-dataset/AerialImageDataset/train/gt/tyrol-w26.tif
train_tyrol-w26_3072_1024,train,tyrol-w26.tif,tyrol-w,1024,3072,512,/kaggle/input/datasets/sagar100rathod/inria-aerial-image-labeling-dataset/AerialImageDataset/train/images/tyrol-w26.tif,/kaggle/input/datasets/sagar100rathod/inria-aerial-image-labeling-dataset/AerialImageDataset/train/gt/tyrol-w26.tif
train_tyrol-w26_3584_0,train,tyrol-w26.tif,tyrol-w,0,3584,512,/kaggle/input/datasets/sagar100rathod/inria-aerial-image-labeling-dataset/AerialImageDataset/train/images/tyrol-w26.tif,/kaggle/input/datasets/sagar100rathod/inria-aerial-image-labeling-dataset/AerialImageDataset/train/gt/tyrol-w26.tif
train_tyrol-w26_3584_2048,train,tyrol-w26.tif,tyrol-w,2048,3584,512,/kaggle/input/datasets/sagar100rathod/inria-aerial-image-labeling-dataset/AerialImageDataset/train/images/tyrol-w26.tif,/kaggle/input/datasets/sagar100rathod/inria-aerial-image-labeling-dataset/AerialImageDataset/train/gt/tyrol-w26.tif
train_tyrol-w26_3584_2560,train,tyrol-w26.tif,tyrol-w,2560,3584,512,/kaggle/input/datasets/sagar100rathod/inria-aerial-image-labeling-dataset/AerialImageDataset/train/images/tyrol-w26.tif,/kaggle/input/datasets/sagar100rathod/inria-aerial-image-labeling-dataset/AerialImageDataset/train/gt/tyrol-w26.tif
train_tyrol-w26_4096_1024,train,tyrol-w26.tif,tyrol-w,1024,4096,512,/kaggle/input/datasets/sagar100rathod/inria-aerial-image-labeling-dataset/AerialImageDataset/train/images/tyrol-w26.tif,/kaggle/input/datasets/sagar100rathod/inria-aerial-image-labeling-dataset/AerialImageDataset/train/gt/tyrol-w26.tif
train_tyrol-w26_4096_1536,train,tyrol-w26.tif,tyrol-w,1536,4096,512,/kaggle/input/datasets/sagar100rathod/inria-aerial-image-labeling-dataset/AerialImageDataset/train/images/tyrol-w26.tif,/kaggle/input/datasets/sagar100rathod/inria-aerial-image-labeling-dataset/AerialImageDataset/train/gt/tyrol-w26.tif
train_tyrol-w27_512_3072,train,tyrol-w27.tif,tyrol-w,3072,512,512,/kaggle/input/datasets/sagar100rathod/inria-aerial-image-labeling-dataset/AerialImageDataset/train/images/tyrol-w27.tif,/kaggle/input/datasets/sagar100rathod/inria-aerial-image-labeling-dataset/AerialImageDataset/train/gt/tyrol-w27.tif
train_tyrol-w27_1024_1024,train,tyrol-w27.tif,tyrol-w,1024,1024,512,/kaggle/input/datasets/sagar100rathod/inria-aerial-image-labeling-dataset/AerialImageDataset/train/images/tyrol-w27.tif,/kaggle/input/datasets/sagar100rathod/inria-aerial-image-labeling-dataset/AerialImageDataset/train/gt/tyrol-w27.tif
train_tyrol-w27_1024_1536,train,tyrol-w27.tif,tyrol-w,1536,1024,512,/kaggle/input/datasets/sagar100rathod/inria-aerial-image-labeling-dataset/AerialImageDataset/train/images/tyrol-w27.tif,/kaggle/input/datasets/sagar100rathod/inria-aerial-image-labeling-dataset/AerialImageDataset/train/gt/tyrol-w27.tif
train_tyrol-w27_1536_1536,train,tyrol-w27.tif,tyrol-w,1536,1536,512,/kaggle/input/datasets/sagar100rathod/inria-aerial-image-labeling-dataset/AerialImageDataset/train/images/tyrol-w27.tif,/kaggle/input/datasets/sagar100rathod/inria-aerial-image-labeling-dataset/AerialImageDataset/train/gt/tyrol-w27.tif
train_tyrol-w27_2048_512,train,tyrol-w27.tif,tyrol-w,512,2048,512,/kaggle/input/datasets/sagar100rathod/inria-aerial-image-labeling-dataset/AerialImageDataset/train/images/tyrol-w27.tif,/kaggle/input/datasets/sagar100rathod/inria-aerial-image-labeling-dataset/AerialImageDataset/train/gt/tyrol-w27.tif
train_tyrol-w27_2560_1536,train,tyrol-w27.tif,tyrol-w,1536,2560,512,/kaggle/input/datasets/sagar100rathod/inria-aerial-image-labeling-dataset/AerialImageDataset/train/images/tyrol-w27.tif,/kaggle/input/datasets/sagar100rathod/inria-aerial-image-labeling-dataset/AerialImageDataset/train/gt/tyrol-w27.tif
train_tyrol-w27_2560_2560,train,tyrol-w27.tif,tyrol-w,2560,2560,512,/kaggle/input/datasets/sagar100rathod/inria-aerial-image-labeling-dataset/AerialImageDataset/train/images/tyrol-w27.tif,/kaggle/input/datasets/sagar100rathod/inria-aerial-image-labeling-dataset/AerialImageDataset/train/gt/tyrol-w27.tif
train_tyrol-w27_3072_0,train,tyrol-w27.tif,tyrol-w,0,3072,512,/kaggle/input/datasets/sagar100rathod/inria-aerial-image-labeling-dataset/AerialImageDataset/train/images/tyrol-w27.tif,/kaggle/input/datasets/sagar100rathod/inria-aerial-image-labeling-dataset/AerialImageDataset/train/gt/tyrol-w27.tif
train_tyrol-w27_3072_2048,train,tyrol-w27.tif,tyrol-w,2048,3072,512,/kaggle/input/datasets/sagar100rathod/inria-aerial-image-labeling-dataset/AerialImageDataset/train/images/tyrol-w27.tif,/kaggle/input/datasets/sagar100rathod/inria-aerial-image-labeling-dataset/AerialImageDataset/train/gt/tyrol-w27.tif
train_tyrol-w27_4096_512,train,tyrol-w27.tif,tyrol-w,512,4096,512,/kaggle/input/datasets/sagar100rathod/inria-aerial-image-labeling-dataset/AerialImageDataset/train/images/tyrol-w27.tif,/kaggle/input/datasets/sagar100rathod/inria-aerial-image-labeling-dataset/AerialImageDataset/train/gt/tyrol-w27.tif
train_tyrol-w27_4096_4096,train,tyrol-w27.tif,tyrol-w,4096,4096,512,/kaggle/input/datasets/sagar100rathod/inria-aerial-image-labeling-dataset/AerialImageDataset/train/images/tyrol-w27.tif,/kaggle/input/datasets/sagar100rathod/inria-aerial-image-labeling-dataset/AerialImageDataset/train/gt/tyrol-w27.tif
train_tyrol-w28_512_0,train,tyrol-w28.tif,tyrol-w,0,512,512,/kaggle/input/datasets/sagar100rathod/inria-aerial-image-labeling-dataset/AerialImageDataset/train/images/tyrol-w28.tif,/kaggle/input/datasets/sagar100rathod/inria-aerial-image-labeling-dataset/AerialImageDataset/train/gt/tyrol-w28.tif
train_tyrol-w28_512_1024,train,tyrol-w28.tif,tyrol-w,1024,512,512,/kaggle/input/datasets/sagar100rathod/inria-aerial-image-labeling-dataset/AerialImageDataset/train/images/tyrol-w28.tif,/kaggle/input/datasets/sagar100rathod/inria-aerial-image-labeling-dataset/AerialImageDataset/train/gt/tyrol-w28.tif
train_tyrol-w28_1536_512,train,tyrol-w28.tif,tyrol-w,512,1536,512,/kaggle/input/datasets/sagar100rathod/inria-aerial-image-labeling-dataset/AerialImageDataset/train/images/tyrol-w28.tif,/kaggle/input/datasets/sagar100rathod/inria-aerial-image-labeling-dataset/AerialImageDataset/train/gt/tyrol-w28.tif
train_tyrol-w28_2048_3584,train,tyrol-w28.tif,tyrol-w,3584,2048,512,/kaggle/input/datasets/sagar100rathod/inria-aerial-image-labeling-dataset/AerialImageDataset/train/images/tyrol-w28.tif,/kaggle/input/datasets/sagar100rathod/inria-aerial-image-labeling-dataset/AerialImageDataset/train/gt/tyrol-w28.tif
train_tyrol-w28_2560_512,train,tyrol-w28.tif,tyrol-w,512,2560,512,/kaggle/input/datasets/sagar100rathod/inria-aerial-image-labeling-dataset/AerialImageDataset/train/images/tyrol-w28.tif,/kaggle/input/datasets/sagar100rathod/inria-aerial-image-labeling-dataset/AerialImageDataset/train/gt/tyrol-w28.tif
train_tyrol-w28_2560_2560,train,tyrol-w28.tif,tyrol-w,2560,2560,512,/kaggle/input/datasets/sagar100rathod/inria-aerial-image-labeling-dataset/AerialImageDataset/train/images/tyrol-w28.tif,/kaggle/input/datasets/sagar100rathod/inria-aerial-image-labeling-dataset/AerialImageDataset/train/gt/tyrol-w28.tif
train_tyrol-w28_4096_1024,train,tyrol-w28.tif,tyrol-w,1024,4096,512,/kaggle/input/datasets/sagar100rathod/inria-aerial-image-labeling-dataset/AerialImageDataset/train/images/tyrol-w28.tif,/kaggle/input/datasets/sagar100rathod/inria-aerial-image-labeling-dataset/AerialImageDataset/train/gt/tyrol-w28.tif
train_tyrol-w28_4096_3584,train,tyrol-w28.tif,tyrol-w,3584,4096,512,/kaggle/input/datasets/sagar100rathod/inria-aerial-image-labeling-dataset/AerialImageDataset/train/images/tyrol-w28.tif,/kaggle/input/datasets/sagar100rathod/inria-aerial-image-labeling-dataset/AerialImageDataset/train/gt/tyrol-w28.tif
train_tyrol-w3_0_512,train,tyrol-w3.tif,tyrol-w,512,0,512,/kaggle/input/datasets/sagar100rathod/inria-aerial-image-labeling-dataset/AerialImageDataset/train/images/tyrol-w3.tif,/kaggle/input/datasets/sagar100rathod/inria-aerial-image-labeling-dataset/AerialImageDataset/train/gt/tyrol-w3.tif
train_tyrol-w3_0_3072,train,tyrol-w3.tif,tyrol-w,3072,0,512,/kaggle/input/datasets/sagar100rathod/inria-aerial-image-labeling-dataset/AerialImageDataset/train/images/tyrol-w3.tif,/kaggle/input/datasets/sagar100rathod/inria-aerial-image-labeling-dataset/AerialImageDataset/train/gt/tyrol-w3.tif
train_tyrol-w3_512_512,train,tyrol-w3.tif,tyrol-w,512,512,512,/kaggle/input/datasets/sagar100rathod/inria-aerial-image-labeling-dataset/AerialImageDataset/train/images/tyrol-w3.tif,/kaggle/input/datasets/sagar100rathod/inria-aerial-image-labeling-dataset/AerialImageDataset/train/gt/tyrol-w3.tif
train_tyrol-w3_512_1024,train,tyrol-w3.tif,tyrol-w,1024,512,512,/kaggle/input/datasets/sagar100rathod/inria-aerial-image-labeling-dataset/AerialImageDataset/train/images/tyrol-w3.tif,/kaggle/input/datasets/sagar100rathod/inria-aerial-image-labeling-dataset/AerialImageDataset/train/gt/tyrol-w3.tif
train_tyrol-w3_512_2560,train,tyrol-w3.tif,tyrol-w,2560,512,512,/kaggle/input/datasets/sagar100rathod/inria-aerial-image-labeling-dataset/AerialImageDataset/train/images/tyrol-w3.tif,/kaggle/input/datasets/sagar100rathod/inria-aerial-image-labeling-dataset/AerialImageDataset/train/gt/tyrol-w3.tif
train_tyrol-w3_512_3072,train,tyrol-w3.tif,tyrol-w,3072,512,512,/kaggle/input/datasets/sagar100rathod/inria-aerial-image-labeling-dataset/AerialImageDataset/train/images/tyrol-w3.tif,/kaggle/input/datasets/sagar100rathod/inria-aerial-image-labeling-dataset/AerialImageDataset/train/gt/tyrol-w3.tif
train_tyrol-w3_1536_0,train,tyrol-w3.tif,tyrol-w,0,1536,512,/kaggle/input/datasets/sagar100rathod/inria-aerial-image-labeling-dataset/AerialImageDataset/train/images/tyrol-w3.tif,/kaggle/input/datasets/sagar100rathod/inria-aerial-image-labeling-dataset/AerialImageDataset/train/gt/tyrol-w3.tif
train_tyrol-w3_1536_2560,train,tyrol-w3.tif,tyrol-w,2560,1536,512,/kaggle/input/datasets/sagar100rathod/inria-aerial-image-labeling-dataset/AerialImageDataset/train/images/tyrol-w3.tif,/kaggle/input/datasets/sagar100rathod/inria-aerial-image-labeling-dataset/AerialImageDataset/train/gt/tyrol-w3.tif
train_tyrol-w3_3072_1024,train,tyrol-w3.tif,tyrol-w,1024,3072,512,/kaggle/input/datasets/sagar100rathod/inria-aerial-image-labeling-dataset/AerialImageDataset/train/images/tyrol-w3.tif,/kaggle/input/datasets/sagar100rathod/inria-aerial-image-labeling-dataset/AerialImageDataset/train/gt/tyrol-w3.tif
train_tyrol-w3_3072_3584,train,tyrol-w3.tif,tyrol-w,3584,3072,512,/kaggle/input/datasets/sagar100rathod/inria-aerial-image-labeling-dataset/AerialImageDataset/train/images/tyrol-w3.tif,/kaggle/input/datasets/sagar100rathod/inria-aerial-image-labeling-dataset/AerialImageDataset/train/gt/tyrol-w3.tif
train_tyrol-w3_3584_1536,train,tyrol-w3.tif,tyrol-w,1536,3584,512,/kaggle/input/datasets/sagar100rathod/inria-aerial-image-labeling-dataset/AerialImageDataset/train/images/tyrol-w3.tif,/kaggle/input/datasets/sagar100rathod/inria-aerial-image-labeling-dataset/AerialImageDataset/train/gt/tyrol-w3.tif
train_tyrol-w3_3584_2048,train,tyrol-w3.tif,tyrol-w,2048,3584,512,/kaggle/input/datasets/sagar100rathod/inria-aerial-image-labeling-dataset/AerialImageDataset/train/images/tyrol-w3.tif,/kaggle/input/datasets/sagar100rathod/inria-aerial-image-labeling-dataset/AerialImageDataset/train/gt/tyrol-w3.tif
train_tyrol-w3_3584_2560,train,tyrol-w3.tif,tyrol-w,2560,3584,512,/kaggle/input/datasets/sagar100rathod/inria-aerial-image-labeling-dataset/AerialImageDataset/train/images/tyrol-w3.tif,/kaggle/input/datasets/sagar100rathod/inria-aerial-image-labeling-dataset/AerialImageDataset/train/gt/tyrol-w3.tif
train_tyrol-w3_3584_3584,train,tyrol-w3.tif,tyrol-w,3584,3584,512,/kaggle/input/datasets/sagar100rathod/inria-aerial-image-labeling-dataset/AerialImageDataset/train/images/tyrol-w3.tif,/kaggle/input/datasets/sagar100rathod/inria-aerial-image-labeling-dataset/AerialImageDataset/train/gt/tyrol-w3.tif
train_tyrol-w3_3584_4096,train,tyrol-w3.tif,tyrol-w,4096,3584,512,/kaggle/input/datasets/sagar100rathod/inria-aerial-image-labeling-dataset/AerialImageDataset/train/images/tyrol-w3.tif,/kaggle/input/datasets/sagar100rathod/inria-aerial-image-labeling-dataset/AerialImageDataset/train/gt/tyrol-w3.tif
train_tyrol-w3_4096_512,train,tyrol-w3.tif,tyrol-w,512,4096,512,/kaggle/input/datasets/sagar100rathod/inria-aerial-image-labeling-dataset/AerialImageDataset/train/images/tyrol-w3.tif,/kaggle/input/datasets/sagar100rathod/inria-aerial-image-labeling-dataset/AerialImageDataset/train/gt/tyrol-w3.tif
train_tyrol-w30_0_2560,train,tyrol-w30.tif,tyrol-w,2560,0,512,/kaggle/input/datasets/sagar100rathod/inria-aerial-image-labeling-dataset/AerialImageDataset/train/images/tyrol-w30.tif,/kaggle/input/datasets/sagar100rathod/inria-aerial-image-labeling-dataset/AerialImageDataset/train/gt/tyrol-w30.tif
train_tyrol-w30_2560_512,train,tyrol-w30.tif,tyrol-w,512,2560,512,/kaggle/input/datasets/sagar100rathod/inria-aerial-image-labeling-dataset/AerialImageDataset/train/images/tyrol-w30.tif,/kaggle/input/datasets/sagar100rathod/inria-aerial-image-labeling-dataset/AerialImageDataset/train/gt/tyrol-w30.tif
train_tyrol-w30_3072_0,train,tyrol-w30.tif,tyrol-w,0,3072,512,/kaggle/input/datasets/sagar100rathod/inria-aerial-image-labeling-dataset/AerialImageDataset/train/images/tyrol-w30.tif,/kaggle/input/datasets/sagar100rathod/inria-aerial-image-labeling-dataset/AerialImageDataset/train/gt/tyrol-w30.tif
train_tyrol-w30_4096_3584,train,tyrol-w30.tif,tyrol-w,3584,4096,512,/kaggle/input/datasets/sagar100rathod/inria-aerial-image-labeling-dataset/AerialImageDataset/train/images/tyrol-w30.tif,/kaggle/input/datasets/sagar100rathod/inria-aerial-image-labeling-dataset/AerialImageDataset/train/gt/tyrol-w30.tif
train_tyrol-w31_512_1024,train,tyrol-w31.tif,tyrol-w,1024,512,512,/kaggle/input/datasets/sagar100rathod/inria-aerial-image-labeling-dataset/AerialImageDataset/train/images/tyrol-w31.tif,/kaggle/input/datasets/sagar100rathod/inria-aerial-image-labeling-dataset/AerialImageDataset/train/gt/tyrol-w31.tif
train_tyrol-w31_1024_1536,train,tyrol-w31.tif,tyrol-w,1536,1024,512,/kaggle/input/datasets/sagar100rathod/inria-aerial-image-labeling-dataset/AerialImageDataset/train/images/tyrol-w31.tif,/kaggle/input/datasets/sagar100rathod/inria-aerial-image-labeling-dataset/AerialImageDataset/train/gt/tyrol-w31.tif
train_tyrol-w31_1024_3072,train,tyrol-w31.tif,tyrol-w,3072,1024,512,/kaggle/input/datasets/sagar100rathod/inria-aerial-image-labeling-dataset/AerialImageDataset/train/images/tyrol-w31.tif,/kaggle/input/datasets/sagar100rathod/inria-aerial-image-labeling-dataset/AerialImageDataset/train/gt/tyrol-w31.tif
train_tyrol-w31_1536_0,train,tyrol-w31.tif,tyrol-w,0,1536,512,/kaggle/input/datasets/sagar100rathod/inria-aerial-image-labeling-dataset/AerialImageDataset/train/images/tyrol-w31.tif,/kaggle/input/datasets/sagar100rathod/inria-aerial-image-labeling-dataset/AerialImageDataset/train/gt/tyrol-w31.tif
train_tyrol-w31_1536_3584,train,tyrol-w31.tif,tyrol-w,3584,1536,512,/kaggle/input/datasets/sagar100rathod/inria-aerial-image-labeling-dataset/AerialImageDataset/train/images/tyrol-w31.tif,/kaggle/input/datasets/sagar100rathod/inria-aerial-image-labeling-dataset/AerialImageDataset/train/gt/tyrol-w31.tif
train_tyrol-w31_2048_4096,train,tyrol-w31.tif,tyrol-w,4096,2048,512,/kaggle/input/datasets/sagar100rathod/inria-aerial-image-labeling-dataset/AerialImageDataset/train/images/tyrol-w31.tif,/kaggle/input/datasets/sagar100rathod/inria-aerial-image-labeling-dataset/AerialImageDataset/train/gt/tyrol-w31.tif
train_tyrol-w31_2560_3584,train,tyrol-w31.tif,tyrol-w,3584,2560,512,/kaggle/input/datasets/sagar100rathod/inria-aerial-image-labeling-dataset/AerialImageDataset/train/images/tyrol-w31.tif,/kaggle/input/datasets/sagar100rathod/inria-aerial-image-labeling-dataset/AerialImageDataset/train/gt/tyrol-w31.tif
train_tyrol-w31_3584_3072,train,tyrol-w31.tif,tyrol-w,3072,3584,512,/kaggle/input/datasets/sagar100rathod/inria-aerial-image-labeling-dataset/AerialImageDataset/train/images/tyrol-w31.tif,/kaggle/input/datasets/sagar100rathod/inria-aerial-image-labeling-dataset/AerialImageDataset/train/gt/tyrol-w31.tif
train_tyrol-w31_3584_3584,train,tyrol-w31.tif,tyrol-w,3584,3584,512,/kaggle/input/datasets/sagar100rathod/inria-aerial-image-labeling-dataset/AerialImageDataset/train/images/tyrol-w31.tif,/kaggle/input/datasets/sagar100rathod/inria-aerial-image-labeling-dataset/AerialImageDataset/train/gt/tyrol-w31.tif
train_tyrol-w31_4096_2560,train,tyrol-w31.tif,tyrol-w,2560,4096,512,/kaggle/input/datasets/sagar100rathod/inria-aerial-image-labeling-dataset/AerialImageDataset/train/images/tyrol-w31.tif,/kaggle/input/datasets/sagar100rathod/inria-aerial-image-labeling-dataset/AerialImageDataset/train/gt/tyrol-w31.tif
train_tyrol-w32_512_512,train,tyrol-w32.tif,tyrol-w,512,512,512,/kaggle/input/datasets/sagar100rathod/inria-aerial-image-labeling-dataset/AerialImageDataset/train/images/tyrol-w32.tif,/kaggle/input/datasets/sagar100rathod/inria-aerial-image-labeling-dataset/AerialImageDataset/train/gt/tyrol-w32.tif
train_tyrol-w32_2048_2048,train,tyrol-w32.tif,tyrol-w,2048,2048,512,/kaggle/input/datasets/sagar100rathod/inria-aerial-image-labeling-dataset/AerialImageDataset/train/images/tyrol-w32.tif,/kaggle/input/datasets/sagar100rathod/inria-aerial-image-labeling-dataset/AerialImageDataset/train/gt/tyrol-w32.tif
train_tyrol-w32_2560_0,train,tyrol-w32.tif,tyrol-w,0,2560,512,/kaggle/input/datasets/sagar100rathod/inria-aerial-image-labeling-dataset/AerialImageDataset/train/images/tyrol-w32.tif,/kaggle/input/datasets/sagar100rathod/inria-aerial-image-labeling-dataset/AerialImageDataset/train/gt/tyrol-w32.tif
train_tyrol-w32_3072_512,train,tyrol-w32.tif,tyrol-w,512,3072,512,/kaggle/input/datasets/sagar100rathod/inria-aerial-image-labeling-dataset/AerialImageDataset/train/images/tyrol-w32.tif,/kaggle/input/datasets/sagar100rathod/inria-aerial-image-labeling-dataset/AerialImageDataset/train/gt/tyrol-w32.tif
train_tyrol-w32_3584_0,train,tyrol-w32.tif,tyrol-w,0,3584,512,/kaggle/input/datasets/sagar100rathod/inria-aerial-image-labeling-dataset/AerialImageDataset/train/images/tyrol-w32.tif,/kaggle/input/datasets/sagar100rathod/inria-aerial-image-labeling-dataset/AerialImageDataset/train/gt/tyrol-w32.tif
train_tyrol-w32_3584_4096,train,tyrol-w32.tif,tyrol-w,4096,3584,512,/kaggle/input/datasets/sagar100rathod/inria-aerial-image-labeling-dataset/AerialImageDataset/train/images/tyrol-w32.tif,/kaggle/input/datasets/sagar100rathod/inria-aerial-image-labeling-dataset/AerialImageDataset/train/gt/tyrol-w32.tif
train_tyrol-w33_0_3072,train,tyrol-w33.tif,tyrol-w,3072,0,512,/kaggle/input/datasets/sagar100rathod/inria-aerial-image-labeling-dataset/AerialImageDataset/train/images/tyrol-w33.tif,/kaggle/input/datasets/sagar100rathod/inria-aerial-image-labeling-dataset/AerialImageDataset/train/gt/tyrol-w33.tif
train_tyrol-w33_512_0,train,tyrol-w33.tif,tyrol-w,0,512,512,/kaggle/input/datasets/sagar100rathod/inria-aerial-image-labeling-dataset/AerialImageDataset/train/images/tyrol-w33.tif,/kaggle/input/datasets/sagar100rathod/inria-aerial-image-labeling-dataset/AerialImageDataset/train/gt/tyrol-w33.tif
train_tyrol-w33_512_512,train,tyrol-w33.tif,tyrol-w,512,512,512,/kaggle/input/datasets/sagar100rathod/inria-aerial-image-labeling-dataset/AerialImageDataset/train/images/tyrol-w33.tif,/kaggle/input/datasets/sagar100rathod/inria-aerial-image-labeling-dataset/AerialImageDataset/train/gt/tyrol-w33.tif
train_tyrol-w33_512_2048,train,tyrol-w33.tif,tyrol-w,2048,512,512,/kaggle/input/datasets/sagar100rathod/inria-aerial-image-labeling-dataset/AerialImageDataset/train/images/tyrol-w33.tif,/kaggle/input/datasets/sagar100rathod/inria-aerial-image-labeling-dataset/AerialImageDataset/train/gt/tyrol-w33.tif
train_tyrol-w33_1024_1024,train,tyrol-w33.tif,tyrol-w,1024,1024,512,/kaggle/input/datasets/sagar100rathod/inria-aerial-image-labeling-dataset/AerialImageDataset/train/images/tyrol-w33.tif,/kaggle/input/datasets/sagar100rathod/inria-aerial-image-labeling-dataset/AerialImageDataset/train/gt/tyrol-w33.tif
train_tyrol-w33_1024_2048,train,tyrol-w33.tif,tyrol-w,2048,1024,512,/kaggle/input/datasets/sagar100rathod/inria-aerial-image-labeling-dataset/AerialImageDataset/train/images/tyrol-w33.tif,/kaggle/input/datasets/sagar100rathod/inria-aerial-image-labeling-dataset/AerialImageDataset/train/gt/tyrol-w33.tif
train_tyrol-w33_1024_3584,train,tyrol-w33.tif,tyrol-w,3584,1024,512,/kaggle/input/datasets/sagar100rathod/inria-aerial-image-labeling-dataset/AerialImageDataset/train/images/tyrol-w33.tif,/kaggle/input/datasets/sagar100rathod/inria-aerial-image-labeling-dataset/AerialImageDataset/train/gt/tyrol-w33.tif
train_tyrol-w33_1536_512,train,tyrol-w33.tif,tyrol-w,512,1536,512,/kaggle/input/datasets/sagar100rathod/inria-aerial-image-labeling-dataset/AerialImageDataset/train/images/tyrol-w33.tif,/kaggle/input/datasets/sagar100rathod/inria-aerial-image-labeling-dataset/AerialImageDataset/train/gt/tyrol-w33.tif
train_tyrol-w33_2560_4096,train,tyrol-w33.tif,tyrol-w,4096,2560,512,/kaggle/input/datasets/sagar100rathod/inria-aerial-image-labeling-dataset/AerialImageDataset/train/images/tyrol-w33.tif,/kaggle/input/datasets/sagar100rathod/inria-aerial-image-labeling-dataset/AerialImageDataset/train/gt/tyrol-w33.tif
train_tyrol-w33_3072_1024,train,tyrol-w33.tif,tyrol-w,1024,3072,512,/kaggle/input/datasets/sagar100rathod/inria-aerial-image-labeling-dataset/AerialImageDataset/train/images/tyrol-w33.tif,/kaggle/input/datasets/sagar100rathod/inria-aerial-image-labeling-dataset/AerialImageDataset/train/gt/tyrol-w33.tif
train_tyrol-w33_3072_2048,train,tyrol-w33.tif,tyrol-w,2048,3072,512,/kaggle/input/datasets/sagar100rathod/inria-aerial-image-labeling-dataset/AerialImageDataset/train/images/tyrol-w33.tif,/kaggle/input/datasets/sagar100rathod/inria-aerial-image-labeling-dataset/AerialImageDataset/train/gt/tyrol-w33.tif
train_tyrol-w33_3584_3072,train,tyrol-w33.tif,tyrol-w,3072,3584,512,/kaggle/input/datasets/sagar100rathod/inria-aerial-image-labeling-dataset/AerialImageDataset/train/images/tyrol-w33.tif,/kaggle/input/datasets/sagar100rathod/inria-aerial-image-labeling-dataset/AerialImageDataset/train/gt/tyrol-w33.tif
train_tyrol-w33_4096_0,train,tyrol-w33.tif,tyrol-w,0,4096,512,/kaggle/input/datasets/sagar100rathod/inria-aerial-image-labeling-dataset/AerialImageDataset/train/images/tyrol-w33.tif,/kaggle/input/datasets/sagar100rathod/inria-aerial-image-labeling-dataset/AerialImageDataset/train/gt/tyrol-w33.tif
train_tyrol-w33_4096_1024,train,tyrol-w33.tif,tyrol-w,1024,4096,512,/kaggle/input/datasets/sagar100rathod/inria-aerial-image-labeling-dataset/AerialImageDataset/train/images/tyrol-w33.tif,/kaggle/input/datasets/sagar100rathod/inria-aerial-image-labeling-dataset/AerialImageDataset/train/gt/tyrol-w33.tif
train_tyrol-w33_4096_2048,train,tyrol-w33.tif,tyrol-w,2048,4096,512,/kaggle/input/datasets/sagar100rathod/inria-aerial-image-labeling-dataset/AerialImageDataset/train/images/tyrol-w33.tif,/kaggle/input/datasets/sagar100rathod/inria-aerial-image-labeling-dataset/AerialImageDataset/train/gt/tyrol-w33.tif
train_tyrol-w34_512_512,train,tyrol-w34.tif,tyrol-w,512,512,512,/kaggle/input/datasets/sagar100rathod/inria-aerial-image-labeling-dataset/AerialImageDataset/train/images/tyrol-w34.tif,/kaggle/input/datasets/sagar100rathod/inria-aerial-image-labeling-dataset/AerialImageDataset/train/gt/tyrol-w34.tif
train_tyrol-w34_512_1024,train,tyrol-w34.tif,tyrol-w,1024,512,512,/kaggle/input/datasets/sagar100rathod/inria-aerial-image-labeling-dataset/AerialImageDataset/train/images/tyrol-w34.tif,/kaggle/input/datasets/sagar100rathod/inria-aerial-image-labeling-dataset/AerialImageDataset/train/gt/tyrol-w34.tif
train_tyrol-w34_2048_0,train,tyrol-w34.tif,tyrol-w,0,2048,512,/kaggle/input/datasets/sagar100rathod/inria-aerial-image-labeling-dataset/AerialImageDataset/train/images/tyrol-w34.tif,/kaggle/input/datasets/sagar100rathod/inria-aerial-image-labeling-dataset/AerialImageDataset/train/gt/tyrol-w34.tif
train_tyrol-w34_2048_1536,train,tyrol-w34.tif,tyrol-w,1536,2048,512,/kaggle/input/datasets/sagar100rathod/inria-aerial-image-labeling-dataset/AerialImageDataset/train/images/tyrol-w34.tif,/kaggle/input/datasets/sagar100rathod/inria-aerial-image-labeling-dataset/AerialImageDataset/train/gt/tyrol-w34.tif
train_tyrol-w34_2560_1024,train,tyrol-w34.tif,tyrol-w,1024,2560,512,/kaggle/input/datasets/sagar100rathod/inria-aerial-image-labeling-dataset/AerialImageDataset/train/images/tyrol-w34.tif,/kaggle/input/datasets/sagar100rathod/inria-aerial-image-labeling-dataset/AerialImageDataset/train/gt/tyrol-w34.tif
train_tyrol-w34_3072_3584,train,tyrol-w34.tif,tyrol-w,3584,3072,512,/kaggle/input/datasets/sagar100rathod/inria-aerial-image-labeling-dataset/AerialImageDataset/train/images/tyrol-w34.tif,/kaggle/input/datasets/sagar100rathod/inria-aerial-image-labeling-dataset/AerialImageDataset/train/gt/tyrol-w34.tif
train_tyrol-w34_3584_1536,train,tyrol-w34.tif,tyrol-w,1536,3584,512,/kaggle/input/datasets/sagar100rathod/inria-aerial-image-labeling-dataset/AerialImageDataset/train/images/tyrol-w34.tif,/kaggle/input/datasets/sagar100rathod/inria-aerial-image-labeling-dataset/AerialImageDataset/train/gt/tyrol-w34.tif
train_tyrol-w36_0_3584,train,tyrol-w36.tif,tyrol-w,3584,0,512,/kaggle/input/datasets/sagar100rathod/inria-aerial-image-labeling-dataset/AerialImageDataset/train/images/tyrol-w36.tif,/kaggle/input/datasets/sagar100rathod/inria-aerial-image-labeling-dataset/AerialImageDataset/train/gt/tyrol-w36.tif
train_tyrol-w36_512_2048,train,tyrol-w36.tif,tyrol-w,2048,512,512,/kaggle/input/datasets/sagar100rathod/inria-aerial-image-labeling-dataset/AerialImageDataset/train/images/tyrol-w36.tif,/kaggle/input/datasets/sagar100rathod/inria-aerial-image-labeling-dataset/AerialImageDataset/train/gt/tyrol-w36.tif
train_tyrol-w36_512_3584,train,tyrol-w36.tif,tyrol-w,3584,512,512,/kaggle/input/datasets/sagar100rathod/inria-aerial-image-labeling-dataset/AerialImageDataset/train/images/tyrol-w36.tif,/kaggle/input/datasets/sagar100rathod/inria-aerial-image-labeling-dataset/AerialImageDataset/train/gt/tyrol-w36.tif
train_tyrol-w36_1024_1024,train,tyrol-w36.tif,tyrol-w,1024,1024,512,/kaggle/input/datasets/sagar100rathod/inria-aerial-image-labeling-dataset/AerialImageDataset/train/images/tyrol-w36.tif,/kaggle/input/datasets/sagar100rathod/inria-aerial-image-labeling-dataset/AerialImageDataset/train/gt/tyrol-w36.tif
train_tyrol-w36_1536_0,train,tyrol-w36.tif,tyrol-w,0,1536,512,/kaggle/input/datasets/sagar100rathod/inria-aerial-image-labeling-dataset/AerialImageDataset/train/images/tyrol-w36.tif,/kaggle/input/datasets/sagar100rathod/inria-aerial-image-labeling-dataset/AerialImageDataset/train/gt/tyrol-w36.tif
train_tyrol-w36_2048_512,train,tyrol-w36.tif,tyrol-w,512,2048,512,/kaggle/input/datasets/sagar100rathod/inria-aerial-image-labeling-dataset/AerialImageDataset/train/images/tyrol-w36.tif,/kaggle/input/datasets/sagar100rathod/inria-aerial-image-labeling-dataset/AerialImageDataset/train/gt/tyrol-w36.tif
train_tyrol-w36_2560_4096,train,tyrol-w36.tif,tyrol-w,4096,2560,512,/kaggle/input/datasets/sagar100rathod/inria-aerial-image-labeling-dataset/AerialImageDataset/train/images/tyrol-w36.tif,/kaggle/input/datasets/sagar100rathod/inria-aerial-image-labeling-dataset/AerialImageDataset/train/gt/tyrol-w36.tif
train_tyrol-w36_3584_4096,train,tyrol-w36.tif,tyrol-w,4096,3584,512,/kaggle/input/datasets/sagar100rathod/inria-aerial-image-labeling-dataset/AerialImageDataset/train/images/tyrol-w36.tif,/kaggle/input/datasets/sagar100rathod/inria-aerial-image-labeling-dataset/AerialImageDataset/train/gt/tyrol-w36.tif
train_tyrol-w4_0_0,train,tyrol-w4.tif,tyrol-w,0,0,512,/kaggle/input/datasets/sagar100rathod/inria-aerial-image-labeling-dataset/AerialImageDataset/train/images/tyrol-w4.tif,/kaggle/input/datasets/sagar100rathod/inria-aerial-image-labeling-dataset/AerialImageDataset/train/gt/tyrol-w4.tif
train_tyrol-w4_0_1536,train,tyrol-w4.tif,tyrol-w,1536,0,512,/kaggle/input/datasets/sagar100rathod/inria-aerial-image-labeling-dataset/AerialImageDataset/train/images/tyrol-w4.tif,/kaggle/input/datasets/sagar100rathod/inria-aerial-image-labeling-dataset/AerialImageDataset/train/gt/tyrol-w4.tif
train_tyrol-w4_0_2048,train,tyrol-w4.tif,tyrol-w,2048,0,512,/kaggle/input/datasets/sagar100rathod/inria-aerial-image-labeling-dataset/AerialImageDataset/train/images/tyrol-w4.tif,/kaggle/input/datasets/sagar100rathod/inria-aerial-image-labeling-dataset/AerialImageDataset/train/gt/tyrol-w4.tif
train_tyrol-w4_512_0,train,tyrol-w4.tif,tyrol-w,0,512,512,/kaggle/input/datasets/sagar100rathod/inria-aerial-image-labeling-dataset/AerialImageDataset/train/images/tyrol-w4.tif,/kaggle/input/datasets/sagar100rathod/inria-aerial-image-labeling-dataset/AerialImageDataset/train/gt/tyrol-w4.tif
train_tyrol-w4_1024_3072,train,tyrol-w4.tif,tyrol-w,3072,1024,512,/kaggle/input/datasets/sagar100rathod/inria-aerial-image-labeling-dataset/AerialImageDataset/train/images/tyrol-w4.tif,/kaggle/input/datasets/sagar100rathod/inria-aerial-image-labeling-dataset/AerialImageDataset/train/gt/tyrol-w4.tif
train_tyrol-w4_1536_2560,train,tyrol-w4.tif,tyrol-w,2560,1536,512,/kaggle/input/datasets/sagar100rathod/inria-aerial-image-labeling-dataset/AerialImageDataset/train/images/tyrol-w4.tif,/kaggle/input/datasets/sagar100rathod/inria-aerial-image-labeling-dataset/AerialImageDataset/train/gt/tyrol-w4.tif
train_tyrol-w4_2048_2048,train,tyrol-w4.tif,tyrol-w,2048,2048,512,/kaggle/input/datasets/sagar100rathod/inria-aerial-image-labeling-dataset/AerialImageDataset/train/images/tyrol-w4.tif,/kaggle/input/datasets/sagar100rathod/inria-aerial-image-labeling-dataset/AerialImageDataset/train/gt/tyrol-w4.tif
train_tyrol-w4_2560_1024,train,tyrol-w4.tif,tyrol-w,1024,2560,512,/kaggle/input/datasets/sagar100rathod/inria-aerial-image-labeling-dataset/AerialImageDataset/train/images/tyrol-w4.tif,/kaggle/input/datasets/sagar100rathod/inria-aerial-image-labeling-dataset/AerialImageDataset/train/gt/tyrol-w4.tif
train_tyrol-w4_2560_4096,train,tyrol-w4.tif,tyrol-w,4096,2560,512,/kaggle/input/datasets/sagar100rathod/inria-aerial-image-labeling-dataset/AerialImageDataset/train/images/tyrol-w4.tif,/kaggle/input/datasets/sagar100rathod/inria-aerial-image-labeling-dataset/AerialImageDataset/train/gt/tyrol-w4.tif
train_tyrol-w6_0_1024,train,tyrol-w6.tif,tyrol-w,1024,0,512,/kaggle/input/datasets/sagar100rathod/inria-aerial-image-labeling-dataset/AerialImageDataset/train/images/tyrol-w6.tif,/kaggle/input/datasets/sagar100rathod/inria-aerial-image-labeling-dataset/AerialImageDataset/train/gt/tyrol-w6.tif
train_tyrol-w6_512_1024,train,tyrol-w6.tif,tyrol-w,1024,512,512,/kaggle/input/datasets/sagar100rathod/inria-aerial-image-labeling-dataset/AerialImageDataset/train/images/tyrol-w6.tif,/kaggle/input/datasets/sagar100rathod/inria-aerial-image-labeling-dataset/AerialImageDataset/train/gt/tyrol-w6.tif
train_tyrol-w6_512_2560,train,tyrol-w6.tif,tyrol-w,2560,512,512,/kaggle/input/datasets/sagar100rathod/inria-aerial-image-labeling-dataset/AerialImageDataset/train/images/tyrol-w6.tif,/kaggle/input/datasets/sagar100rathod/inria-aerial-image-labeling-dataset/AerialImageDataset/train/gt/tyrol-w6.tif
train_tyrol-w6_1024_2048,train,tyrol-w6.tif,tyrol-w,2048,1024,512,/kaggle/input/datasets/sagar100rathod/inria-aerial-image-labeling-dataset/AerialImageDataset/train/images/tyrol-w6.tif,/kaggle/input/datasets/sagar100rathod/inria-aerial-image-labeling-dataset/AerialImageDataset/train/gt/tyrol-w6.tif
train_tyrol-w6_1024_3072,train,tyrol-w6.tif,tyrol-w,3072,1024,512,/kaggle/input/datasets/sagar100rathod/inria-aerial-image-labeling-dataset/AerialImageDataset/train/images/tyrol-w6.tif,/kaggle/input/datasets/sagar100rathod/inria-aerial-image-labeling-dataset/AerialImageDataset/train/gt/tyrol-w6.tif
train_tyrol-w6_1024_3584,train,tyrol-w6.tif,tyrol-w,3584,1024,512,/kaggle/input/datasets/sagar100rathod/inria-aerial-image-labeling-dataset/AerialImageDataset/train/images/tyrol-w6.tif,/kaggle/input/datasets/sagar100rathod/inria-aerial-image-labeling-dataset/AerialImageDataset/train/gt/tyrol-w6.tif
train_tyrol-w6_1536_0,train,tyrol-w6.tif,tyrol-w,0,1536,512,/kaggle/input/datasets/sagar100rathod/inria-aerial-image-labeling-dataset/AerialImageDataset/train/images/tyrol-w6.tif,/kaggle/input/datasets/sagar100rathod/inria-aerial-image-labeling-dataset/AerialImageDataset/train/gt/tyrol-w6.tif
train_tyrol-w6_1536_1536,train,tyrol-w6.tif,tyrol-w,1536,1536,512,/kaggle/input/datasets/sagar100rathod/inria-aerial-image-labeling-dataset/AerialImageDataset/train/images/tyrol-w6.tif,/kaggle/input/datasets/sagar100rathod/inria-aerial-image-labeling-dataset/AerialImageDataset/train/gt/tyrol-w6.tif
train_tyrol-w6_3072_0,train,tyrol-w6.tif,tyrol-w,0,3072,512,/kaggle/input/datasets/sagar100rathod/inria-aerial-image-labeling-dataset/AerialImageDataset/train/images/tyrol-w6.tif,/kaggle/input/datasets/sagar100rathod/inria-aerial-image-labeling-dataset/AerialImageDataset/train/gt/tyrol-w6.tif
train_tyrol-w6_3072_2048,train,tyrol-w6.tif,tyrol-w,2048,3072,512,/kaggle/input/datasets/sagar100rathod/inria-aerial-image-labeling-dataset/AerialImageDataset/train/images/tyrol-w6.tif,/kaggle/input/datasets/sagar100rathod/inria-aerial-image-labeling-dataset/AerialImageDataset/train/gt/tyrol-w6.tif
train_tyrol-w6_3072_3584,train,tyrol-w6.tif,tyrol-w,3584,3072,512,/kaggle/input/datasets/sagar100rathod/inria-aerial-image-labeling-dataset/AerialImageDataset/train/images/tyrol-w6.tif,/kaggle/input/datasets/sagar100rathod/inria-aerial-image-labeling-dataset/AerialImageDataset/train/gt/tyrol-w6.tif
train_tyrol-w6_4096_512,train,tyrol-w6.tif,tyrol-w,512,4096,512,/kaggle/input/datasets/sagar100rathod/inria-aerial-image-labeling-dataset/AerialImageDataset/train/images/tyrol-w6.tif,/kaggle/input/datasets/sagar100rathod/inria-aerial-image-labeling-dataset/AerialImageDataset/train/gt/tyrol-w6.tif
train_tyrol-w6_4096_1536,train,tyrol-w6.tif,tyrol-w,1536,4096,512,/kaggle/input/datasets/sagar100rathod/inria-aerial-image-labeling-dataset/AerialImageDataset/train/images/tyrol-w6.tif,/kaggle/input/datasets/sagar100rathod/inria-aerial-image-labeling-dataset/AerialImageDataset/train/gt/tyrol-w6.tif
train_tyrol-w7_512_1024,train,tyrol-w7.tif,tyrol-w,1024,512,512,/kaggle/input/datasets/sagar100rathod/inria-aerial-image-labeling-dataset/AerialImageDataset/train/images/tyrol-w7.tif,/kaggle/input/datasets/sagar100rathod/inria-aerial-image-labeling-dataset/AerialImageDataset/train/gt/tyrol-w7.tif
train_tyrol-w7_1024_2048,train,tyrol-w7.tif,tyrol-w,2048,1024,512,/kaggle/input/datasets/sagar100rathod/inria-aerial-image-labeling-dataset/AerialImageDataset/train/images/tyrol-w7.tif,/kaggle/input/datasets/sagar100rathod/inria-aerial-image-labeling-dataset/AerialImageDataset/train/gt/tyrol-w7.tif
train_tyrol-w7_3072_512,train,tyrol-w7.tif,tyrol-w,512,3072,512,/kaggle/input/datasets/sagar100rathod/inria-aerial-image-labeling-dataset/AerialImageDataset/train/images/tyrol-w7.tif,/kaggle/input/datasets/sagar100rathod/inria-aerial-image-labeling-dataset/AerialImageDataset/train/gt/tyrol-w7.tif
train_tyrol-w7_3584_1024,train,tyrol-w7.tif,tyrol-w,1024,3584,512,/kaggle/input/datasets/sagar100rathod/inria-aerial-image-labeling-dataset/AerialImageDataset/train/images/tyrol-w7.tif,/kaggle/input/datasets/sagar100rathod/inria-aerial-image-labeling-dataset/AerialImageDataset/train/gt/tyrol-w7.tif
train_tyrol-w7_3584_2560,train,tyrol-w7.tif,tyrol-w,2560,3584,512,/kaggle/input/datasets/sagar100rathod/inria-aerial-image-labeling-dataset/AerialImageDataset/train/images/tyrol-w7.tif,/kaggle/input/datasets/sagar100rathod/inria-aerial-image-labeling-dataset/AerialImageDataset/train/gt/tyrol-w7.tif
train_tyrol-w8_0_2048,train,tyrol-w8.tif,tyrol-w,2048,0,512,/kaggle/input/datasets/sagar100rathod/inria-aerial-image-labeling-dataset/AerialImageDataset/train/images/tyrol-w8.tif,/kaggle/input/datasets/sagar100rathod/inria-aerial-image-labeling-dataset/AerialImageDataset/train/gt/tyrol-w8.tif
train_tyrol-w8_512_3072,train,tyrol-w8.tif,tyrol-w,3072,512,512,/kaggle/input/datasets/sagar100rathod/inria-aerial-image-labeling-dataset/AerialImageDataset/train/images/tyrol-w8.tif,/kaggle/input/datasets/sagar100rathod/inria-aerial-image-labeling-dataset/AerialImageDataset/train/gt/tyrol-w8.tif
train_tyrol-w8_512_3584,train,tyrol-w8.tif,tyrol-w,3584,512,512,/kaggle/input/datasets/sagar100rathod/inria-aerial-image-labeling-dataset/AerialImageDataset/train/images/tyrol-w8.tif,/kaggle/input/datasets/sagar100rathod/inria-aerial-image-labeling-dataset/AerialImageDataset/train/gt/tyrol-w8.tif
train_tyrol-w8_2048_1024,train,tyrol-w8.tif,tyrol-w,1024,2048,512,/kaggle/input/datasets/sagar100rathod/inria-aerial-image-labeling-dataset/AerialImageDataset/train/images/tyrol-w8.tif,/kaggle/input/datasets/sagar100rathod/inria-aerial-image-labeling-dataset/AerialImageDataset/train/gt/tyrol-w8.tif
train_tyrol-w8_2048_2560,train,tyrol-w8.tif,tyrol-w,2560,2048,512,/kaggle/input/datasets/sagar100rathod/inria-aerial-image-labeling-dataset/AerialImageDataset/train/images/tyrol-w8.tif,/kaggle/input/datasets/sagar100rathod/inria-aerial-image-labeling-dataset/AerialImageDataset/train/gt/tyrol-w8.tif
train_tyrol-w8_2560_512,train,tyrol-w8.tif,tyrol-w,512,2560,512,/kaggle/input/datasets/sagar100rathod/inria-aerial-image-labeling-dataset/AerialImageDataset/train/images/tyrol-w8.tif,/kaggle/input/datasets/sagar100rathod/inria-aerial-image-labeling-dataset/AerialImageDataset/train/gt/tyrol-w8.tif
train_tyrol-w8_3584_2560,train,tyrol-w8.tif,tyrol-w,2560,3584,512,/kaggle/input/datasets/sagar100rathod/inria-aerial-image-labeling-dataset/AerialImageDataset/train/images/tyrol-w8.tif,/kaggle/input/datasets/sagar100rathod/inria-aerial-image-labeling-dataset/AerialImageDataset/train/gt/tyrol-w8.tif
train_tyrol-w8_3584_3584,train,tyrol-w8.tif,tyrol-w,3584,3584,512,/kaggle/input/datasets/sagar100rathod/inria-aerial-image-labeling-dataset/AerialImageDataset/train/images/tyrol-w8.tif,/kaggle/input/datasets/sagar100rathod/inria-aerial-image-labeling-dataset/AerialImageDataset/train/gt/tyrol-w8.tif
train_vienna1_0_3072,train,vienna1.tif,vienna,3072,0,512,/kaggle/input/datasets/sagar100rathod/inria-aerial-image-labeling-dataset/AerialImageDataset/train/images/vienna1.tif,/kaggle/input/datasets/sagar100rathod/inria-aerial-image-labeling-dataset/AerialImageDataset/train/gt/vienna1.tif
train_vienna1_1536_1024,train,vienna1.tif,vienna,1024,1536,512,/kaggle/input/datasets/sagar100rathod/inria-aerial-image-labeling-dataset/AerialImageDataset/train/images/vienna1.tif,/kaggle/input/datasets/sagar100rathod/inria-aerial-image-labeling-dataset/AerialImageDataset/train/gt/vienna1.tif
train_vienna1_1536_3584,train,vienna1.tif,vienna,3584,1536,512,/kaggle/input/datasets/sagar100rathod/inria-aerial-image-labeling-dataset/AerialImageDataset/train/images/vienna1.tif,/kaggle/input/datasets/sagar100rathod/inria-aerial-image-labeling-dataset/AerialImageDataset/train/gt/vienna1.tif
train_vienna1_1536_4096,train,vienna1.tif,vienna,4096,1536,512,/kaggle/input/datasets/sagar100rathod/inria-aerial-image-labeling-dataset/AerialImageDataset/train/images/vienna1.tif,/kaggle/input/datasets/sagar100rathod/inria-aerial-image-labeling-dataset/AerialImageDataset/train/gt/vienna1.tif
train_vienna1_2048_3584,train,vienna1.tif,vienna,3584,2048,512,/kaggle/input/datasets/sagar100rathod/inria-aerial-image-labeling-dataset/AerialImageDataset/train/images/vienna1.tif,/kaggle/input/datasets/sagar100rathod/inria-aerial-image-labeling-dataset/AerialImageDataset/train/gt/vienna1.tif
train_vienna1_2560_1536,train,vienna1.tif,vienna,1536,2560,512,/kaggle/input/datasets/sagar100rathod/inria-aerial-image-labeling-dataset/AerialImageDataset/train/images/vienna1.tif,/kaggle/input/datasets/sagar100rathod/inria-aerial-image-labeling-dataset/AerialImageDataset/train/gt/vienna1.tif
train_vienna1_2560_3584,train,vienna1.tif,vienna,3584,2560,512,/kaggle/input/datasets/sagar100rathod/inria-aerial-image-labeling-dataset/AerialImageDataset/train/images/vienna1.tif,/kaggle/input/datasets/sagar100rathod/inria-aerial-image-labeling-dataset/AerialImageDataset/train/gt/vienna1.tif
train_vienna1_3584_512,train,vienna1.tif,vienna,512,3584,512,/kaggle/input/datasets/sagar100rathod/inria-aerial-image-labeling-dataset/AerialImageDataset/train/images/vienna1.tif,/kaggle/input/datasets/sagar100rathod/inria-aerial-image-labeling-dataset/AerialImageDataset/train/gt/vienna1.tif
train_vienna1_4096_0,train,vienna1.tif,vienna,0,4096,512,/kaggle/input/datasets/sagar100rathod/inria-aerial-image-labeling-dataset/AerialImageDataset/train/images/vienna1.tif,/kaggle/input/datasets/sagar100rathod/inria-aerial-image-labeling-dataset/AerialImageDataset/train/gt/vienna1.tif
train_vienna10_0_0,train,vienna10.tif,vienna,0,0,512,/kaggle/input/datasets/sagar100rathod/inria-aerial-image-labeling-dataset/AerialImageDataset/train/images/vienna10.tif,/kaggle/input/datasets/sagar100rathod/inria-aerial-image-labeling-dataset/AerialImageDataset/train/gt/vienna10.tif
train_vienna10_512_1536,train,vienna10.tif,vienna,1536,512,512,/kaggle/input/datasets/sagar100rathod/inria-aerial-image-labeling-dataset/AerialImageDataset/train/images/vienna10.tif,/kaggle/input/datasets/sagar100rathod/inria-aerial-image-labeling-dataset/AerialImageDataset/train/gt/vienna10.tif
train_vienna10_512_2560,train,vienna10.tif,vienna,2560,512,512,/kaggle/input/datasets/sagar100rathod/inria-aerial-image-labeling-dataset/AerialImageDataset/train/images/vienna10.tif,/kaggle/input/datasets/sagar100rathod/inria-aerial-image-labeling-dataset/AerialImageDataset/train/gt/vienna10.tif
train_vienna10_1024_3072,train,vienna10.tif,vienna,3072,1024,512,/kaggle/input/datasets/sagar100rathod/inria-aerial-image-labeling-dataset/AerialImageDataset/train/images/vienna10.tif,/kaggle/input/datasets/sagar100rathod/inria-aerial-image-labeling-dataset/AerialImageDataset/train/gt/vienna10.tif
train_vienna10_1024_4096,train,vienna10.tif,vienna,4096,1024,512,/kaggle/input/datasets/sagar100rathod/inria-aerial-image-labeling-dataset/AerialImageDataset/train/images/vienna10.tif,/kaggle/input/datasets/sagar100rathod/inria-aerial-image-labeling-dataset/AerialImageDataset/train/gt/vienna10.tif
train_vienna10_2560_2048,train,vienna10.tif,vienna,2048,2560,512,/kaggle/input/datasets/sagar100rathod/inria-aerial-image-labeling-dataset/AerialImageDataset/train/images/vienna10.tif,/kaggle/input/datasets/sagar100rathod/inria-aerial-image-labeling-dataset/AerialImageDataset/train/gt/vienna10.tif
train_vienna10_2560_4096,train,vienna10.tif,vienna,4096,2560,512,/kaggle/input/datasets/sagar100rathod/inria-aerial-image-labeling-dataset/AerialImageDataset/train/images/vienna10.tif,/kaggle/input/datasets/sagar100rathod/inria-aerial-image-labeling-dataset/AerialImageDataset/train/gt/vienna10.tif
train_vienna10_3072_3072,train,vienna10.tif,vienna,3072,3072,512,/kaggle/input/datasets/sagar100rathod/inria-aerial-image-labeling-dataset/AerialImageDataset/train/images/vienna10.tif,/kaggle/input/datasets/sagar100rathod/inria-aerial-image-labeling-dataset/AerialImageDataset/train/gt/vienna10.tif
train_vienna10_4096_0,train,vienna10.tif,vienna,0,4096,512,/kaggle/input/datasets/sagar100rathod/inria-aerial-image-labeling-dataset/AerialImageDataset/train/images/vienna10.tif,/kaggle/input/datasets/sagar100rathod/inria-aerial-image-labeling-dataset/AerialImageDataset/train/gt/vienna10.tif
train_vienna11_512_512,train,vienna11.tif,vienna,512,512,512,/kaggle/input/datasets/sagar100rathod/inria-aerial-image-labeling-dataset/AerialImageDataset/train/images/vienna11.tif,/kaggle/input/datasets/sagar100rathod/inria-aerial-image-labeling-dataset/AerialImageDataset/train/gt/vienna11.tif
train_vienna11_1024_512,train,vienna11.tif,vienna,512,1024,512,/kaggle/input/datasets/sagar100rathod/inria-aerial-image-labeling-dataset/AerialImageDataset/train/images/vienna11.tif,/kaggle/input/datasets/sagar100rathod/inria-aerial-image-labeling-dataset/AerialImageDataset/train/gt/vienna11.tif
train_vienna11_2048_4096,train,vienna11.tif,vienna,4096,2048,512,/kaggle/input/datasets/sagar100rathod/inria-aerial-image-labeling-dataset/AerialImageDataset/train/images/vienna11.tif,/kaggle/input/datasets/sagar100rathod/inria-aerial-image-labeling-dataset/AerialImageDataset/train/gt/vienna11.tif
train_vienna11_2560_0,train,vienna11.tif,vienna,0,2560,512,/kaggle/input/datasets/sagar100rathod/inria-aerial-image-labeling-dataset/AerialImageDataset/train/images/vienna11.tif,/kaggle/input/datasets/sagar100rathod/inria-aerial-image-labeling-dataset/AerialImageDataset/train/gt/vienna11.tif
train_vienna11_3072_3072,train,vienna11.tif,vienna,3072,3072,512,/kaggle/input/datasets/sagar100rathod/inria-aerial-image-labeling-dataset/AerialImageDataset/train/images/vienna11.tif,/kaggle/input/datasets/sagar100rathod/inria-aerial-image-labeling-dataset/AerialImageDataset/train/gt/vienna11.tif
train_vienna11_4096_1024,train,vienna11.tif,vienna,1024,4096,512,/kaggle/input/datasets/sagar100rathod/inria-aerial-image-labeling-dataset/AerialImageDataset/train/images/vienna11.tif,/kaggle/input/datasets/sagar100rathod/inria-aerial-image-labeling-dataset/AerialImageDataset/train/gt/vienna11.tif
train_vienna11_4096_2048,train,vienna11.tif,vienna,2048,4096,512,/kaggle/input/datasets/sagar100rathod/inria-aerial-image-labeling-dataset/AerialImageDataset/train/images/vienna11.tif,/kaggle/input/datasets/sagar100rathod/inria-aerial-image-labeling-dataset/AerialImageDataset/train/gt/vienna11.tif
train_vienna12_0_3072,train,vienna12.tif,vienna,3072,0,512,/kaggle/input/datasets/sagar100rathod/inria-aerial-image-labeling-dataset/AerialImageDataset/train/images/vienna12.tif,/kaggle/input/datasets/sagar100rathod/inria-aerial-image-labeling-dataset/AerialImageDataset/train/gt/vienna12.tif
train_vienna12_512_512,train,vienna12.tif,vienna,512,512,512,/kaggle/input/datasets/sagar100rathod/inria-aerial-image-labeling-dataset/AerialImageDataset/train/images/vienna12.tif,/kaggle/input/datasets/sagar100rathod/inria-aerial-image-labeling-dataset/AerialImageDataset/train/gt/vienna12.tif
train_vienna12_512_1536,train,vienna12.tif,vienna,1536,512,512,/kaggle/input/datasets/sagar100rathod/inria-aerial-image-labeling-dataset/AerialImageDataset/train/images/vienna12.tif,/kaggle/input/datasets/sagar100rathod/inria-aerial-image-labeling-dataset/AerialImageDataset/train/gt/vienna12.tif
train_vienna12_512_2048,train,vienna12.tif,vienna,2048,512,512,/kaggle/input/datasets/sagar100rathod/inria-aerial-image-labeling-dataset/AerialImageDataset/train/images/vienna12.tif,/kaggle/input/datasets/sagar100rathod/inria-aerial-image-labeling-dataset/AerialImageDataset/train/gt/vienna12.tif
train_vienna12_512_2560,train,vienna12.tif,vienna,2560,512,512,/kaggle/input/datasets/sagar100rathod/inria-aerial-image-labeling-dataset/AerialImageDataset/train/images/vienna12.tif,/kaggle/input/datasets/sagar100rathod/inria-aerial-image-labeling-dataset/AerialImageDataset/train/gt/vienna12.tif
train_vienna12_1536_1024,train,vienna12.tif,vienna,1024,1536,512,/kaggle/input/datasets/sagar100rathod/inria-aerial-image-labeling-dataset/AerialImageDataset/train/images/vienna12.tif,/kaggle/input/datasets/sagar100rathod/inria-aerial-image-labeling-dataset/AerialImageDataset/train/gt/vienna12.tif
train_vienna12_1536_3584,train,vienna12.tif,vienna,3584,1536,512,/kaggle/input/datasets/sagar100rathod/inria-aerial-image-labeling-dataset/AerialImageDataset/train/images/vienna12.tif,/kaggle/input/datasets/sagar100rathod/inria-aerial-image-labeling-dataset/AerialImageDataset/train/gt/vienna12.tif
train_vienna12_2048_2048,train,vienna12.tif,vienna,2048,2048,512,/kaggle/input/datasets/sagar100rathod/inria-aerial-image-labeling-dataset/AerialImageDataset/train/images/vienna12.tif,/kaggle/input/datasets/sagar100rathod/inria-aerial-image-labeling-dataset/AerialImageDataset/train/gt/vienna12.tif
train_vienna12_2560_3584,train,vienna12.tif,vienna,3584,2560,512,/kaggle/input/datasets/sagar100rathod/inria-aerial-image-labeling-dataset/AerialImageDataset/train/images/vienna12.tif,/kaggle/input/datasets/sagar100rathod/inria-aerial-image-labeling-dataset/AerialImageDataset/train/gt/vienna12.tif
train_vienna12_2560_4096,train,vienna12.tif,vienna,4096,2560,512,/kaggle/input/datasets/sagar100rathod/inria-aerial-image-labeling-dataset/AerialImageDataset/train/images/vienna12.tif,/kaggle/input/datasets/sagar100rathod/inria-aerial-image-labeling-dataset/AerialImageDataset/train/gt/vienna12.tif
train_vienna12_3072_1536,train,vienna12.tif,vienna,1536,3072,512,/kaggle/input/datasets/sagar100rathod/inria-aerial-image-labeling-dataset/AerialImageDataset/train/images/vienna12.tif,/kaggle/input/datasets/sagar100rathod/inria-aerial-image-labeling-dataset/AerialImageDataset/train/gt/vienna12.tif
train_vienna12_3072_2560,train,vienna12.tif,vienna,2560,3072,512,/kaggle/input/datasets/sagar100rathod/inria-aerial-image-labeling-dataset/AerialImageDataset/train/images/vienna12.tif,/kaggle/input/datasets/sagar100rathod/inria-aerial-image-labeling-dataset/AerialImageDataset/train/gt/vienna12.tif
train_vienna12_4096_3072,train,vienna12.tif,vienna,3072,4096,512,/kaggle/input/datasets/sagar100rathod/inria-aerial-image-labeling-dataset/AerialImageDataset/train/images/vienna12.tif,/kaggle/input/datasets/sagar100rathod/inria-aerial-image-labeling-dataset/AerialImageDataset/train/gt/vienna12.tif
train_vienna13_0_0,train,vienna13.tif,vienna,0,0,512,/kaggle/input/datasets/sagar100rathod/inria-aerial-image-labeling-dataset/AerialImageDataset/train/images/vienna13.tif,/kaggle/input/datasets/sagar100rathod/inria-aerial-image-labeling-dataset/AerialImageDataset/train/gt/vienna13.tif
train_vienna13_0_4096,train,vienna13.tif,vienna,4096,0,512,/kaggle/input/datasets/sagar100rathod/inria-aerial-image-labeling-dataset/AerialImageDataset/train/images/vienna13.tif,/kaggle/input/datasets/sagar100rathod/inria-aerial-image-labeling-dataset/AerialImageDataset/train/gt/vienna13.tif
train_vienna13_1536_1024,train,vienna13.tif,vienna,1024,1536,512,/kaggle/input/datasets/sagar100rathod/inria-aerial-image-labeling-dataset/AerialImageDataset/train/images/vienna13.tif,/kaggle/input/datasets/sagar100rathod/inria-aerial-image-labeling-dataset/AerialImageDataset/train/gt/vienna13.tif
train_vienna13_2048_512,train,vienna13.tif,vienna,512,2048,512,/kaggle/input/datasets/sagar100rathod/inria-aerial-image-labeling-dataset/AerialImageDataset/train/images/vienna13.tif,/kaggle/input/datasets/sagar100rathod/inria-aerial-image-labeling-dataset/AerialImageDataset/train/gt/vienna13.tif
train_vienna13_3584_2048,train,vienna13.tif,vienna,2048,3584,512,/kaggle/input/datasets/sagar100rathod/inria-aerial-image-labeling-dataset/AerialImageDataset/train/images/vienna13.tif,/kaggle/input/datasets/sagar100rathod/inria-aerial-image-labeling-dataset/AerialImageDataset/train/gt/vienna13.tif
train_vienna14_0_1536,train,vienna14.tif,vienna,1536,0,512,/kaggle/input/datasets/sagar100rathod/inria-aerial-image-labeling-dataset/AerialImageDataset/train/images/vienna14.tif,/kaggle/input/datasets/sagar100rathod/inria-aerial-image-labeling-dataset/AerialImageDataset/train/gt/vienna14.tif
train_vienna14_0_2560,train,vienna14.tif,vienna,2560,0,512,/kaggle/input/datasets/sagar100rathod/inria-aerial-image-labeling-dataset/AerialImageDataset/train/images/vienna14.tif,/kaggle/input/datasets/sagar100rathod/inria-aerial-image-labeling-dataset/AerialImageDataset/train/gt/vienna14.tif
train_vienna14_0_3584,train,vienna14.tif,vienna,3584,0,512,/kaggle/input/datasets/sagar100rathod/inria-aerial-image-labeling-dataset/AerialImageDataset/train/images/vienna14.tif,/kaggle/input/datasets/sagar100rathod/inria-aerial-image-labeling-dataset/AerialImageDataset/train/gt/vienna14.tif
train_vienna14_0_4096,train,vienna14.tif,vienna,4096,0,512,/kaggle/input/datasets/sagar100rathod/inria-aerial-image-labeling-dataset/AerialImageDataset/train/images/vienna14.tif,/kaggle/input/datasets/sagar100rathod/inria-aerial-image-labeling-dataset/AerialImageDataset/train/gt/vienna14.tif
train_vienna14_512_0,train,vienna14.tif,vienna,0,512,512,/kaggle/input/datasets/sagar100rathod/inria-aerial-image-labeling-dataset/AerialImageDataset/train/images/vienna14.tif,/kaggle/input/datasets/sagar100rathod/inria-aerial-image-labeling-dataset/AerialImageDataset/train/gt/vienna14.tif
train_vienna14_512_4096,train,vienna14.tif,vienna,4096,512,512,/kaggle/input/datasets/sagar100rathod/inria-aerial-image-labeling-dataset/AerialImageDataset/train/images/vienna14.tif,/kaggle/input/datasets/sagar100rathod/inria-aerial-image-labeling-dataset/AerialImageDataset/train/gt/vienna14.tif
train_vienna14_1024_512,train,vienna14.tif,vienna,512,1024,512,/kaggle/input/datasets/sagar100rathod/inria-aerial-image-labeling-dataset/AerialImageDataset/train/images/vienna14.tif,/kaggle/input/datasets/sagar100rathod/inria-aerial-image-labeling-dataset/AerialImageDataset/train/gt/vienna14.tif
train_vienna14_1536_1536,train,vienna14.tif,vienna,1536,1536,512,/kaggle/input/datasets/sagar100rathod/inria-aerial-image-labeling-dataset/AerialImageDataset/train/images/vienna14.tif,/kaggle/input/datasets/sagar100rathod/inria-aerial-image-labeling-dataset/AerialImageDataset/train/gt/vienna14.tif
train_vienna14_2560_512,train,vienna14.tif,vienna,512,2560,512,/kaggle/input/datasets/sagar100rathod/inria-aerial-image-labeling-dataset/AerialImageDataset/train/images/vienna14.tif,/kaggle/input/datasets/sagar100rathod/inria-aerial-image-labeling-dataset/AerialImageDataset/train/gt/vienna14.tif
train_vienna14_2560_2560,train,vienna14.tif,vienna,2560,2560,512,/kaggle/input/datasets/sagar100rathod/inria-aerial-image-labeling-dataset/AerialImageDataset/train/images/vienna14.tif,/kaggle/input/datasets/sagar100rathod/inria-aerial-image-labeling-dataset/AerialImageDataset/train/gt/vienna14.tif
train_vienna14_3584_2048,train,vienna14.tif,vienna,2048,3584,512,/kaggle/input/datasets/sagar100rathod/inria-aerial-image-labeling-dataset/AerialImageDataset/train/images/vienna14.tif,/kaggle/input/datasets/sagar100rathod/inria-aerial-image-labeling-dataset/AerialImageDataset/train/gt/vienna14.tif
train_vienna14_4096_1024,train,vienna14.tif,vienna,1024,4096,512,/kaggle/input/datasets/sagar100rathod/inria-aerial-image-labeling-dataset/AerialImageDataset/train/images/vienna14.tif,/kaggle/input/datasets/sagar100rathod/inria-aerial-image-labeling-dataset/AerialImageDataset/train/gt/vienna14.tif
train_vienna18_0_3072,train,vienna18.tif,vienna,3072,0,512,/kaggle/input/datasets/sagar100rathod/inria-aerial-image-labeling-dataset/AerialImageDataset/train/images/vienna18.tif,/kaggle/input/datasets/sagar100rathod/inria-aerial-image-labeling-dataset/AerialImageDataset/train/gt/vienna18.tif
train_vienna18_512_0,train,vienna18.tif,vienna,0,512,512,/kaggle/input/datasets/sagar100rathod/inria-aerial-image-labeling-dataset/AerialImageDataset/train/images/vienna18.tif,/kaggle/input/datasets/sagar100rathod/inria-aerial-image-labeling-dataset/AerialImageDataset/train/gt/vienna18.tif
train_vienna18_512_3072,train,vienna18.tif,vienna,3072,512,512,/kaggle/input/datasets/sagar100rathod/inria-aerial-image-labeling-dataset/AerialImageDataset/train/images/vienna18.tif,/kaggle/input/datasets/sagar100rathod/inria-aerial-image-labeling-dataset/AerialImageDataset/train/gt/vienna18.tif
train_vienna18_1024_512,train,vienna18.tif,vienna,512,1024,512,/kaggle/input/datasets/sagar100rathod/inria-aerial-image-labeling-dataset/AerialImageDataset/train/images/vienna18.tif,/kaggle/input/datasets/sagar100rathod/inria-aerial-image-labeling-dataset/AerialImageDataset/train/gt/vienna18.tif
train_vienna18_1024_1024,train,vienna18.tif,vienna,1024,1024,512,/kaggle/input/datasets/sagar100rathod/inria-aerial-image-labeling-dataset/AerialImageDataset/train/images/vienna18.tif,/kaggle/input/datasets/sagar100rathod/inria-aerial-image-labeling-dataset/AerialImageDataset/train/gt/vienna18.tif
train_vienna18_1536_0,train,vienna18.tif,vienna,0,1536,512,/kaggle/input/datasets/sagar100rathod/inria-aerial-image-labeling-dataset/AerialImageDataset/train/images/vienna18.tif,/kaggle/input/datasets/sagar100rathod/inria-aerial-image-labeling-dataset/AerialImageDataset/train/gt/vienna18.tif
train_vienna18_1536_3584,train,vienna18.tif,vienna,3584,1536,512,/kaggle/input/datasets/sagar100rathod/inria-aerial-image-labeling-dataset/AerialImageDataset/train/images/vienna18.tif,/kaggle/input/datasets/sagar100rathod/inria-aerial-image-labeling-dataset/AerialImageDataset/train/gt/vienna18.tif
train_vienna18_2560_4096,train,vienna18.tif,vienna,4096,2560,512,/kaggle/input/datasets/sagar100rathod/inria-aerial-image-labeling-dataset/AerialImageDataset/train/images/vienna18.tif,/kaggle/input/datasets/sagar100rathod/inria-aerial-image-labeling-dataset/AerialImageDataset/train/gt/vienna18.tif
train_vienna18_3584_1536,train,vienna18.tif,vienna,1536,3584,512,/kaggle/input/datasets/sagar100rathod/inria-aerial-image-labeling-dataset/AerialImageDataset/train/images/vienna18.tif,/kaggle/input/datasets/sagar100rathod/inria-aerial-image-labeling-dataset/AerialImageDataset/train/gt/vienna18.tif
train_vienna2_0_3584,train,vienna2.tif,vienna,3584,0,512,/kaggle/input/datasets/sagar100rathod/inria-aerial-image-labeling-dataset/AerialImageDataset/train/images/vienna2.tif,/kaggle/input/datasets/sagar100rathod/inria-aerial-image-labeling-dataset/AerialImageDataset/train/gt/vienna2.tif
train_vienna2_512_512,train,vienna2.tif,vienna,512,512,512,/kaggle/input/datasets/sagar100rathod/inria-aerial-image-labeling-dataset/AerialImageDataset/train/images/vienna2.tif,/kaggle/input/datasets/sagar100rathod/inria-aerial-image-labeling-dataset/AerialImageDataset/train/gt/vienna2.tif
train_vienna2_1536_2048,train,vienna2.tif,vienna,2048,1536,512,/kaggle/input/datasets/sagar100rathod/inria-aerial-image-labeling-dataset/AerialImageDataset/train/images/vienna2.tif,/kaggle/input/datasets/sagar100rathod/inria-aerial-image-labeling-dataset/AerialImageDataset/train/gt/vienna2.tif
train_vienna2_2560_3072,train,vienna2.tif,vienna,3072,2560,512,/kaggle/input/datasets/sagar100rathod/inria-aerial-image-labeling-dataset/AerialImageDataset/train/images/vienna2.tif,/kaggle/input/datasets/sagar100rathod/inria-aerial-image-labeling-dataset/AerialImageDataset/train/gt/vienna2.tif
train_vienna2_3072_1536,train,vienna2.tif,vienna,1536,3072,512,/kaggle/input/datasets/sagar100rathod/inria-aerial-image-labeling-dataset/AerialImageDataset/train/images/vienna2.tif,/kaggle/input/datasets/sagar100rathod/inria-aerial-image-labeling-dataset/AerialImageDataset/train/gt/vienna2.tif
train_vienna2_3072_4096,train,vienna2.tif,vienna,4096,3072,512,/kaggle/input/datasets/sagar100rathod/inria-aerial-image-labeling-dataset/AerialImageDataset/train/images/vienna2.tif,/kaggle/input/datasets/sagar100rathod/inria-aerial-image-labeling-dataset/AerialImageDataset/train/gt/vienna2.tif
train_vienna2_3584_1024,train,vienna2.tif,vienna,1024,3584,512,/kaggle/input/datasets/sagar100rathod/inria-aerial-image-labeling-dataset/AerialImageDataset/train/images/vienna2.tif,/kaggle/input/datasets/sagar100rathod/inria-aerial-image-labeling-dataset/AerialImageDataset/train/gt/vienna2.tif
train_vienna2_3584_4096,train,vienna2.tif,vienna,4096,3584,512,/kaggle/input/datasets/sagar100rathod/inria-aerial-image-labeling-dataset/AerialImageDataset/train/images/vienna2.tif,/kaggle/input/datasets/sagar100rathod/inria-aerial-image-labeling-dataset/AerialImageDataset/train/gt/vienna2.tif
train_vienna2_4096_2560,train,vienna2.tif,vienna,2560,4096,512,/kaggle/input/datasets/sagar100rathod/inria-aerial-image-labeling-dataset/AerialImageDataset/train/images/vienna2.tif,/kaggle/input/datasets/sagar100rathod/inria-aerial-image-labeling-dataset/AerialImageDataset/train/gt/vienna2.tif
train_vienna20_512_512,train,vienna20.tif,vienna,512,512,512,/kaggle/input/datasets/sagar100rathod/inria-aerial-image-labeling-dataset/AerialImageDataset/train/images/vienna20.tif,/kaggle/input/datasets/sagar100rathod/inria-aerial-image-labeling-dataset/AerialImageDataset/train/gt/vienna20.tif
train_vienna20_3072_3072,train,vienna20.tif,vienna,3072,3072,512,/kaggle/input/datasets/sagar100rathod/inria-aerial-image-labeling-dataset/AerialImageDataset/train/images/vienna20.tif,/kaggle/input/datasets/sagar100rathod/inria-aerial-image-labeling-dataset/AerialImageDataset/train/gt/vienna20.tif
train_vienna20_4096_2048,train,vienna20.tif,vienna,2048,4096,512,/kaggle/input/datasets/sagar100rathod/inria-aerial-image-labeling-dataset/AerialImageDataset/train/images/vienna20.tif,/kaggle/input/datasets/sagar100rathod/inria-aerial-image-labeling-dataset/AerialImageDataset/train/gt/vienna20.tif
train_vienna20_4096_2560,train,vienna20.tif,vienna,2560,4096,512,/kaggle/input/datasets/sagar100rathod/inria-aerial-image-labeling-dataset/AerialImageDataset/train/images/vienna20.tif,/kaggle/input/datasets/sagar100rathod/inria-aerial-image-labeling-dataset/AerialImageDataset/train/gt/vienna20.tif
train_vienna20_4096_3072,train,vienna20.tif,vienna,3072,4096,512,/kaggle/input/datasets/sagar100rathod/inria-aerial-image-labeling-dataset/AerialImageDataset/train/images/vienna20.tif,/kaggle/input/datasets/sagar100rathod/inria-aerial-image-labeling-dataset/AerialImageDataset/train/gt/vienna20.tif
train_vienna20_4096_3584,train,vienna20.tif,vienna,3584,4096,512,/kaggle/input/datasets/sagar100rathod/inria-aerial-image-labeling-dataset/AerialImageDataset/train/images/vienna20.tif,/kaggle/input/datasets/sagar100rathod/inria-aerial-image-labeling-dataset/AerialImageDataset/train/gt/vienna20.tif
train_vienna21_0_512,train,vienna21.tif,vienna,512,0,512,/kaggle/input/datasets/sagar100rathod/inria-aerial-image-labeling-dataset/AerialImageDataset/train/images/vienna21.tif,/kaggle/input/datasets/sagar100rathod/inria-aerial-image-labeling-dataset/AerialImageDataset/train/gt/vienna21.tif
train_vienna21_0_2048,train,vienna21.tif,vienna,2048,0,512,/kaggle/input/datasets/sagar100rathod/inria-aerial-image-labeling-dataset/AerialImageDataset/train/images/vienna21.tif,/kaggle/input/datasets/sagar100rathod/inria-aerial-image-labeling-dataset/AerialImageDataset/train/gt/vienna21.tif
train_vienna21_0_4096,train,vienna21.tif,vienna,4096,0,512,/kaggle/input/datasets/sagar100rathod/inria-aerial-image-labeling-dataset/AerialImageDataset/train/images/vienna21.tif,/kaggle/input/datasets/sagar100rathod/inria-aerial-image-labeling-dataset/AerialImageDataset/train/gt/vienna21.tif
train_vienna21_1024_2560,train,vienna21.tif,vienna,2560,1024,512,/kaggle/input/datasets/sagar100rathod/inria-aerial-image-labeling-dataset/AerialImageDataset/train/images/vienna21.tif,/kaggle/input/datasets/sagar100rathod/inria-aerial-image-labeling-dataset/AerialImageDataset/train/gt/vienna21.tif
train_vienna21_1536_512,train,vienna21.tif,vienna,512,1536,512,/kaggle/input/datasets/sagar100rathod/inria-aerial-image-labeling-dataset/AerialImageDataset/train/images/vienna21.tif,/kaggle/input/datasets/sagar100rathod/inria-aerial-image-labeling-dataset/AerialImageDataset/train/gt/vienna21.tif
train_vienna21_2048_0,train,vienna21.tif,vienna,0,2048,512,/kaggle/input/datasets/sagar100rathod/inria-aerial-image-labeling-dataset/AerialImageDataset/train/images/vienna21.tif,/kaggle/input/datasets/sagar100rathod/inria-aerial-image-labeling-dataset/AerialImageDataset/train/gt/vienna21.tif
train_vienna21_2048_512,train,vienna21.tif,vienna,512,2048,512,/kaggle/input/datasets/sagar100rathod/inria-aerial-image-labeling-dataset/AerialImageDataset/train/images/vienna21.tif,/kaggle/input/datasets/sagar100rathod/inria-aerial-image-labeling-dataset/AerialImageDataset/train/gt/vienna21.tif
train_vienna21_2048_2048,train,vienna21.tif,vienna,2048,2048,512,/kaggle/input/datasets/sagar100rathod/inria-aerial-image-labeling-dataset/AerialImageDataset/train/images/vienna21.tif,/kaggle/input/datasets/sagar100rathod/inria-aerial-image-labeling-dataset/AerialImageDataset/train/gt/vienna21.tif
train_vienna21_2560_1024,train,vienna21.tif,vienna,1024,2560,512,/kaggle/input/datasets/sagar100rathod/inria-aerial-image-labeling-dataset/AerialImageDataset/train/images/vienna21.tif,/kaggle/input/datasets/sagar100rathod/inria-aerial-image-labeling-dataset/AerialImageDataset/train/gt/vienna21.tif
train_vienna21_2560_2048,train,vienna21.tif,vienna,2048,2560,512,/kaggle/input/datasets/sagar100rathod/inria-aerial-image-labeling-dataset/AerialImageDataset/train/images/vienna21.tif,/kaggle/input/datasets/sagar100rathod/inria-aerial-image-labeling-dataset/AerialImageDataset/train/gt/vienna21.tif
train_vienna21_2560_2560,train,vienna21.tif,vienna,2560,2560,512,/kaggle/input/datasets/sagar100rathod/inria-aerial-image-labeling-dataset/AerialImageDataset/train/images/vienna21.tif,/kaggle/input/datasets/sagar100rathod/inria-aerial-image-labeling-dataset/AerialImageDataset/train/gt/vienna21.tif
train_vienna21_3584_1024,train,vienna21.tif,vienna,1024,3584,512,/kaggle/input/datasets/sagar100rathod/inria-aerial-image-labeling-dataset/AerialImageDataset/train/images/vienna21.tif,/kaggle/input/datasets/sagar100rathod/inria-aerial-image-labeling-dataset/AerialImageDataset/train/gt/vienna21.tif
train_vienna21_3584_3584,train,vienna21.tif,vienna,3584,3584,512,/kaggle/input/datasets/sagar100rathod/inria-aerial-image-labeling-dataset/AerialImageDataset/train/images/vienna21.tif,/kaggle/input/datasets/sagar100rathod/inria-aerial-image-labeling-dataset/AerialImageDataset/train/gt/vienna21.tif
train_vienna21_4096_0,train,vienna21.tif,vienna,0,4096,512,/kaggle/input/datasets/sagar100rathod/inria-aerial-image-labeling-dataset/AerialImageDataset/train/images/vienna21.tif,/kaggle/input/datasets/sagar100rathod/inria-aerial-image-labeling-dataset/AerialImageDataset/train/gt/vienna21.tif
train_vienna22_2048_0,train,vienna22.tif,vienna,0,2048,512,/kaggle/input/datasets/sagar100rathod/inria-aerial-image-labeling-dataset/AerialImageDataset/train/images/vienna22.tif,/kaggle/input/datasets/sagar100rathod/inria-aerial-image-labeling-dataset/AerialImageDataset/train/gt/vienna22.tif
train_vienna22_2048_3072,train,vienna22.tif,vienna,3072,2048,512,/kaggle/input/datasets/sagar100rathod/inria-aerial-image-labeling-dataset/AerialImageDataset/train/images/vienna22.tif,/kaggle/input/datasets/sagar100rathod/inria-aerial-image-labeling-dataset/AerialImageDataset/train/gt/vienna22.tif
train_vienna22_2560_1536,train,vienna22.tif,vienna,1536,2560,512,/kaggle/input/datasets/sagar100rathod/inria-aerial-image-labeling-dataset/AerialImageDataset/train/images/vienna22.tif,/kaggle/input/datasets/sagar100rathod/inria-aerial-image-labeling-dataset/AerialImageDataset/train/gt/vienna22.tif
train_vienna22_3072_3584,train,vienna22.tif,vienna,3584,3072,512,/kaggle/input/datasets/sagar100rathod/inria-aerial-image-labeling-dataset/AerialImageDataset/train/images/vienna22.tif,/kaggle/input/datasets/sagar100rathod/inria-aerial-image-labeling-dataset/AerialImageDataset/train/gt/vienna22.tif
train_vienna22_3584_512,train,vienna22.tif,vienna,512,3584,512,/kaggle/input/datasets/sagar100rathod/inria-aerial-image-labeling-dataset/AerialImageDataset/train/images/vienna22.tif,/kaggle/input/datasets/sagar100rathod/inria-aerial-image-labeling-dataset/AerialImageDataset/train/gt/vienna22.tif
train_vienna22_4096_512,train,vienna22.tif,vienna,512,4096,512,/kaggle/input/datasets/sagar100rathod/inria-aerial-image-labeling-dataset/AerialImageDataset/train/images/vienna22.tif,/kaggle/input/datasets/sagar100rathod/inria-aerial-image-labeling-dataset/AerialImageDataset/train/gt/vienna22.tif
train_vienna23_1024_1024,train,vienna23.tif,vienna,1024,1024,512,/kaggle/input/datasets/sagar100rathod/inria-aerial-image-labeling-dataset/AerialImageDataset/train/images/vienna23.tif,/kaggle/input/datasets/sagar100rathod/inria-aerial-image-labeling-dataset/AerialImageDataset/train/gt/vienna23.tif
train_vienna23_1536_2048,train,vienna23.tif,vienna,2048,1536,512,/kaggle/input/datasets/sagar100rathod/inria-aerial-image-labeling-dataset/AerialImageDataset/train/images/vienna23.tif,/kaggle/input/datasets/sagar100rathod/inria-aerial-image-labeling-dataset/AerialImageDataset/train/gt/vienna23.tif
train_vienna23_2048_0,train,vienna23.tif,vienna,0,2048,512,/kaggle/input/datasets/sagar100rathod/inria-aerial-image-labeling-dataset/AerialImageDataset/train/images/vienna23.tif,/kaggle/input/datasets/sagar100rathod/inria-aerial-image-labeling-dataset/AerialImageDataset/train/gt/vienna23.tif
train_vienna23_2048_2560,train,vienna23.tif,vienna,2560,2048,512,/kaggle/input/datasets/sagar100rathod/inria-aerial-image-labeling-dataset/AerialImageDataset/train/images/vienna23.tif,/kaggle/input/datasets/sagar100rathod/inria-aerial-image-labeling-dataset/AerialImageDataset/train/gt/vienna23.tif
train_vienna23_2560_0,train,vienna23.tif,vienna,0,2560,512,/kaggle/input/datasets/sagar100rathod/inria-aerial-image-labeling-dataset/AerialImageDataset/train/images/vienna23.tif,/kaggle/input/datasets/sagar100rathod/inria-aerial-image-labeling-dataset/AerialImageDataset/train/gt/vienna23.tif
train_vienna23_3584_1536,train,vienna23.tif,vienna,1536,3584,512,/kaggle/input/datasets/sagar100rathod/inria-aerial-image-labeling-dataset/AerialImageDataset/train/images/vienna23.tif,/kaggle/input/datasets/sagar100rathod/inria-aerial-image-labeling-dataset/AerialImageDataset/train/gt/vienna23.tif
train_vienna23_4096_0,train,vienna23.tif,vienna,0,4096,512,/kaggle/input/datasets/sagar100rathod/inria-aerial-image-labeling-dataset/AerialImageDataset/train/images/vienna23.tif,/kaggle/input/datasets/sagar100rathod/inria-aerial-image-labeling-dataset/AerialImageDataset/train/gt/vienna23.tif
train_vienna23_4096_3584,train,vienna23.tif,vienna,3584,4096,512,/kaggle/input/datasets/sagar100rathod/inria-aerial-image-labeling-dataset/AerialImageDataset/train/images/vienna23.tif,/kaggle/input/datasets/sagar100rathod/inria-aerial-image-labeling-dataset/AerialImageDataset/train/gt/vienna23.tif
train_vienna24_0_0,train,vienna24.tif,vienna,0,0,512,/kaggle/input/datasets/sagar100rathod/inria-aerial-image-labeling-dataset/AerialImageDataset/train/images/vienna24.tif,/kaggle/input/datasets/sagar100rathod/inria-aerial-image-labeling-dataset/AerialImageDataset/train/gt/vienna24.tif
train_vienna24_512_1536,train,vienna24.tif,vienna,1536,512,512,/kaggle/input/datasets/sagar100rathod/inria-aerial-image-labeling-dataset/AerialImageDataset/train/images/vienna24.tif,/kaggle/input/datasets/sagar100rathod/inria-aerial-image-labeling-dataset/AerialImageDataset/train/gt/vienna24.tif
train_vienna24_512_2048,train,vienna24.tif,vienna,2048,512,512,/kaggle/input/datasets/sagar100rathod/inria-aerial-image-labeling-dataset/AerialImageDataset/train/images/vienna24.tif,/kaggle/input/datasets/sagar100rathod/inria-aerial-image-labeling-dataset/AerialImageDataset/train/gt/vienna24.tif
train_vienna24_1536_1024,train,vienna24.tif,vienna,1024,1536,512,/kaggle/input/datasets/sagar100rathod/inria-aerial-image-labeling-dataset/AerialImageDataset/train/images/vienna24.tif,/kaggle/input/datasets/sagar100rathod/inria-aerial-image-labeling-dataset/AerialImageDataset/train/gt/vienna24.tif
train_vienna24_2048_1536,train,vienna24.tif,vienna,1536,2048,512,/kaggle/input/datasets/sagar100rathod/inria-aerial-image-labeling-dataset/AerialImageDataset/train/images/vienna24.tif,/kaggle/input/datasets/sagar100rathod/inria-aerial-image-labeling-dataset/AerialImageDataset/train/gt/vienna24.tif
train_vienna24_3584_512,train,vienna24.tif,vienna,512,3584,512,/kaggle/input/datasets/sagar100rathod/inria-aerial-image-labeling-dataset/AerialImageDataset/train/images/vienna24.tif,/kaggle/input/datasets/sagar100rathod/inria-aerial-image-labeling-dataset/AerialImageDataset/train/gt/vienna24.tif
train_vienna24_3584_1536,train,vienna24.tif,vienna,1536,3584,512,/kaggle/input/datasets/sagar100rathod/inria-aerial-image-labeling-dataset/AerialImageDataset/train/images/vienna24.tif,/kaggle/input/datasets/sagar100rathod/inria-aerial-image-labeling-dataset/AerialImageDataset/train/gt/vienna24.tif
train_vienna24_4096_4096,train,vienna24.tif,vienna,4096,4096,512,/kaggle/input/datasets/sagar100rathod/inria-aerial-image-labeling-dataset/AerialImageDataset/train/images/vienna24.tif,/kaggle/input/datasets/sagar100rathod/inria-aerial-image-labeling-dataset/AerialImageDataset/train/gt/vienna24.tif
train_vienna25_0_0,train,vienna25.tif,vienna,0,0,512,/kaggle/input/datasets/sagar100rathod/inria-aerial-image-labeling-dataset/AerialImageDataset/train/images/vienna25.tif,/kaggle/input/datasets/sagar100rathod/inria-aerial-image-labeling-dataset/AerialImageDataset/train/gt/vienna25.tif
train_vienna25_0_4096,train,vienna25.tif,vienna,4096,0,512,/kaggle/input/datasets/sagar100rathod/inria-aerial-image-labeling-dataset/AerialImageDataset/train/images/vienna25.tif,/kaggle/input/datasets/sagar100rathod/inria-aerial-image-labeling-dataset/AerialImageDataset/train/gt/vienna25.tif
train_vienna25_512_512,train,vienna25.tif,vienna,512,512,512,/kaggle/input/datasets/sagar100rathod/inria-aerial-image-labeling-dataset/AerialImageDataset/train/images/vienna25.tif,/kaggle/input/datasets/sagar100rathod/inria-aerial-image-labeling-dataset/AerialImageDataset/train/gt/vienna25.tif
train_vienna25_512_2560,train,vienna25.tif,vienna,2560,512,512,/kaggle/input/datasets/sagar100rathod/inria-aerial-image-labeling-dataset/AerialImageDataset/train/images/vienna25.tif,/kaggle/input/datasets/sagar100rathod/inria-aerial-image-labeling-dataset/AerialImageDataset/train/gt/vienna25.tif
train_vienna25_1024_4096,train,vienna25.tif,vienna,4096,1024,512,/kaggle/input/datasets/sagar100rathod/inria-aerial-image-labeling-dataset/AerialImageDataset/train/images/vienna25.tif,/kaggle/input/datasets/sagar100rathod/inria-aerial-image-labeling-dataset/AerialImageDataset/train/gt/vienna25.tif
train_vienna25_2560_3584,train,vienna25.tif,vienna,3584,2560,512,/kaggle/input/datasets/sagar100rathod/inria-aerial-image-labeling-dataset/AerialImageDataset/train/images/vienna25.tif,/kaggle/input/datasets/sagar100rathod/inria-aerial-image-labeling-dataset/AerialImageDataset/train/gt/vienna25.tif
train_vienna25_3072_0,train,vienna25.tif,vienna,0,3072,512,/kaggle/input/datasets/sagar100rathod/inria-aerial-image-labeling-dataset/AerialImageDataset/train/images/vienna25.tif,/kaggle/input/datasets/sagar100rathod/inria-aerial-image-labeling-dataset/AerialImageDataset/train/gt/vienna25.tif
train_vienna25_3072_1024,train,vienna25.tif,vienna,1024,3072,512,/kaggle/input/datasets/sagar100rathod/inria-aerial-image-labeling-dataset/AerialImageDataset/train/images/vienna25.tif,/kaggle/input/datasets/sagar100rathod/inria-aerial-image-labeling-dataset/AerialImageDataset/train/gt/vienna25.tif
train_vienna25_3072_3584,train,vienna25.tif,vienna,3584,3072,512,/kaggle/input/datasets/sagar100rathod/inria-aerial-image-labeling-dataset/AerialImageDataset/train/images/vienna25.tif,/kaggle/input/datasets/sagar100rathod/inria-aerial-image-labeling-dataset/AerialImageDataset/train/gt/vienna25.tif
train_vienna25_3584_512,train,vienna25.tif,vienna,512,3584,512,/kaggle/input/datasets/sagar100rathod/inria-aerial-image-labeling-dataset/AerialImageDataset/train/images/vienna25.tif,/kaggle/input/datasets/sagar100rathod/inria-aerial-image-labeling-dataset/AerialImageDataset/train/gt/vienna25.tif
train_vienna26_0_4096,train,vienna26.tif,vienna,4096,0,512,/kaggle/input/datasets/sagar100rathod/inria-aerial-image-labeling-dataset/AerialImageDataset/train/images/vienna26.tif,/kaggle/input/datasets/sagar100rathod/inria-aerial-image-labeling-dataset/AerialImageDataset/train/gt/vienna26.tif
train_vienna26_512_2048,train,vienna26.tif,vienna,2048,512,512,/kaggle/input/datasets/sagar100rathod/inria-aerial-image-labeling-dataset/AerialImageDataset/train/images/vienna26.tif,/kaggle/input/datasets/sagar100rathod/inria-aerial-image-labeling-dataset/AerialImageDataset/train/gt/vienna26.tif
train_vienna26_512_3584,train,vienna26.tif,vienna,3584,512,512,/kaggle/input/datasets/sagar100rathod/inria-aerial-image-labeling-dataset/AerialImageDataset/train/images/vienna26.tif,/kaggle/input/datasets/sagar100rathod/inria-aerial-image-labeling-dataset/AerialImageDataset/train/gt/vienna26.tif
train_vienna26_1536_4096,train,vienna26.tif,vienna,4096,1536,512,/kaggle/input/datasets/sagar100rathod/inria-aerial-image-labeling-dataset/AerialImageDataset/train/images/vienna26.tif,/kaggle/input/datasets/sagar100rathod/inria-aerial-image-labeling-dataset/AerialImageDataset/train/gt/vienna26.tif
train_vienna26_2048_1024,train,vienna26.tif,vienna,1024,2048,512,/kaggle/input/datasets/sagar100rathod/inria-aerial-image-labeling-dataset/AerialImageDataset/train/images/vienna26.tif,/kaggle/input/datasets/sagar100rathod/inria-aerial-image-labeling-dataset/AerialImageDataset/train/gt/vienna26.tif
train_vienna26_3584_2560,train,vienna26.tif,vienna,2560,3584,512,/kaggle/input/datasets/sagar100rathod/inria-aerial-image-labeling-dataset/AerialImageDataset/train/images/vienna26.tif,/kaggle/input/datasets/sagar100rathod/inria-aerial-image-labeling-dataset/AerialImageDataset/train/gt/vienna26.tif
train_vienna26_4096_0,train,vienna26.tif,vienna,0,4096,512,/kaggle/input/datasets/sagar100rathod/inria-aerial-image-labeling-dataset/AerialImageDataset/train/images/vienna26.tif,/kaggle/input/datasets/sagar100rathod/inria-aerial-image-labeling-dataset/AerialImageDataset/train/gt/vienna26.tif
train_vienna26_4096_2048,train,vienna26.tif,vienna,2048,4096,512,/kaggle/input/datasets/sagar100rathod/inria-aerial-image-labeling-dataset/AerialImageDataset/train/images/vienna26.tif,/kaggle/input/datasets/sagar100rathod/inria-aerial-image-labeling-dataset/AerialImageDataset/train/gt/vienna26.tif
train_vienna3_0_3584,train,vienna3.tif,vienna,3584,0,512,/kaggle/input/datasets/sagar100rathod/inria-aerial-image-labeling-dataset/AerialImageDataset/train/images/vienna3.tif,/kaggle/input/datasets/sagar100rathod/inria-aerial-image-labeling-dataset/AerialImageDataset/train/gt/vienna3.tif
train_vienna3_512_3072,train,vienna3.tif,vienna,3072,512,512,/kaggle/input/datasets/sagar100rathod/inria-aerial-image-labeling-dataset/AerialImageDataset/train/images/vienna3.tif,/kaggle/input/datasets/sagar100rathod/inria-aerial-image-labeling-dataset/AerialImageDataset/train/gt/vienna3.tif
train_vienna3_512_4096,train,vienna3.tif,vienna,4096,512,512,/kaggle/input/datasets/sagar100rathod/inria-aerial-image-labeling-dataset/AerialImageDataset/train/images/vienna3.tif,/kaggle/input/datasets/sagar100rathod/inria-aerial-image-labeling-dataset/AerialImageDataset/train/gt/vienna3.tif
train_vienna3_1536_512,train,vienna3.tif,vienna,512,1536,512,/kaggle/input/datasets/sagar100rathod/inria-aerial-image-labeling-dataset/AerialImageDataset/train/images/vienna3.tif,/kaggle/input/datasets/sagar100rathod/inria-aerial-image-labeling-dataset/AerialImageDataset/train/gt/vienna3.tif
train_vienna3_1536_2560,train,vienna3.tif,vienna,2560,1536,512,/kaggle/input/datasets/sagar100rathod/inria-aerial-image-labeling-dataset/AerialImageDataset/train/images/vienna3.tif,/kaggle/input/datasets/sagar100rathod/inria-aerial-image-labeling-dataset/AerialImageDataset/train/gt/vienna3.tif
train_vienna3_1536_4096,train,vienna3.tif,vienna,4096,1536,512,/kaggle/input/datasets/sagar100rathod/inria-aerial-image-labeling-dataset/AerialImageDataset/train/images/vienna3.tif,/kaggle/input/datasets/sagar100rathod/inria-aerial-image-labeling-dataset/AerialImageDataset/train/gt/vienna3.tif
train_vienna3_2048_0,train,vienna3.tif,vienna,0,2048,512,/kaggle/input/datasets/sagar100rathod/inria-aerial-image-labeling-dataset/AerialImageDataset/train/images/vienna3.tif,/kaggle/input/datasets/sagar100rathod/inria-aerial-image-labeling-dataset/AerialImageDataset/train/gt/vienna3.tif
train_vienna3_2048_3072,train,vienna3.tif,vienna,3072,2048,512,/kaggle/input/datasets/sagar100rathod/inria-aerial-image-labeling-dataset/AerialImageDataset/train/images/vienna3.tif,/kaggle/input/datasets/sagar100rathod/inria-aerial-image-labeling-dataset/AerialImageDataset/train/gt/vienna3.tif
train_vienna3_2048_4096,train,vienna3.tif,vienna,4096,2048,512,/kaggle/input/datasets/sagar100rathod/inria-aerial-image-labeling-dataset/AerialImageDataset/train/images/vienna3.tif,/kaggle/input/datasets/sagar100rathod/inria-aerial-image-labeling-dataset/AerialImageDataset/train/gt/vienna3.tif
train_vienna3_2560_0,train,vienna3.tif,vienna,0,2560,512,/kaggle/input/datasets/sagar100rathod/inria-aerial-image-labeling-dataset/AerialImageDataset/train/images/vienna3.tif,/kaggle/input/datasets/sagar100rathod/inria-aerial-image-labeling-dataset/AerialImageDataset/train/gt/vienna3.tif
train_vienna3_3072_0,train,vienna3.tif,vienna,0,3072,512,/kaggle/input/datasets/sagar100rathod/inria-aerial-image-labeling-dataset/AerialImageDataset/train/images/vienna3.tif,/kaggle/input/datasets/sagar100rathod/inria-aerial-image-labeling-dataset/AerialImageDataset/train/gt/vienna3.tif
train_vienna3_3584_512,train,vienna3.tif,vienna,512,3584,512,/kaggle/input/datasets/sagar100rathod/inria-aerial-image-labeling-dataset/AerialImageDataset/train/images/vienna3.tif,/kaggle/input/datasets/sagar100rathod/inria-aerial-image-labeling-dataset/AerialImageDataset/train/gt/vienna3.tif
train_vienna3_4096_2560,train,vienna3.tif,vienna,2560,4096,512,/kaggle/input/datasets/sagar100rathod/inria-aerial-image-labeling-dataset/AerialImageDataset/train/images/vienna3.tif,/kaggle/input/datasets/sagar100rathod/inria-aerial-image-labeling-dataset/AerialImageDataset/train/gt/vienna3.tif
train_vienna30_0_2560,train,vienna30.tif,vienna,2560,0,512,/kaggle/input/datasets/sagar100rathod/inria-aerial-image-labeling-dataset/AerialImageDataset/train/images/vienna30.tif,/kaggle/input/datasets/sagar100rathod/inria-aerial-image-labeling-dataset/AerialImageDataset/train/gt/vienna30.tif
train_vienna30_512_0,train,vienna30.tif,vienna,0,512,512,/kaggle/input/datasets/sagar100rathod/inria-aerial-image-labeling-dataset/AerialImageDataset/train/images/vienna30.tif,/kaggle/input/datasets/sagar100rathod/inria-aerial-image-labeling-dataset/AerialImageDataset/train/gt/vienna30.tif
train_vienna30_512_512,train,vienna30.tif,vienna,512,512,512,/kaggle/input/datasets/sagar100rathod/inria-aerial-image-labeling-dataset/AerialImageDataset/train/images/vienna30.tif,/kaggle/input/datasets/sagar100rathod/inria-aerial-image-labeling-dataset/AerialImageDataset/train/gt/vienna30.tif
train_vienna30_1536_1536,train,vienna30.tif,vienna,1536,1536,512,/kaggle/input/datasets/sagar100rathod/inria-aerial-image-labeling-dataset/AerialImageDataset/train/images/vienna30.tif,/kaggle/input/datasets/sagar100rathod/inria-aerial-image-labeling-dataset/AerialImageDataset/train/gt/vienna30.tif
train_vienna30_1536_2048,train,vienna30.tif,vienna,2048,1536,512,/kaggle/input/datasets/sagar100rathod/inria-aerial-image-labeling-dataset/AerialImageDataset/train/images/vienna30.tif,/kaggle/input/datasets/sagar100rathod/inria-aerial-image-labeling-dataset/AerialImageDataset/train/gt/vienna30.tif
train_vienna30_1536_3072,train,vienna30.tif,vienna,3072,1536,512,/kaggle/input/datasets/sagar100rathod/inria-aerial-image-labeling-dataset/AerialImageDataset/train/images/vienna30.tif,/kaggle/input/datasets/sagar100rathod/inria-aerial-image-labeling-dataset/AerialImageDataset/train/gt/vienna30.tif
train_vienna30_2048_2560,train,vienna30.tif,vienna,2560,2048,512,/kaggle/input/datasets/sagar100rathod/inria-aerial-image-labeling-dataset/AerialImageDataset/train/images/vienna30.tif,/kaggle/input/datasets/sagar100rathod/inria-aerial-image-labeling-dataset/AerialImageDataset/train/gt/vienna30.tif
train_vienna30_3072_1536,train,vienna30.tif,vienna,1536,3072,512,/kaggle/input/datasets/sagar100rathod/inria-aerial-image-labeling-dataset/AerialImageDataset/train/images/vienna30.tif,/kaggle/input/datasets/sagar100rathod/inria-aerial-image-labeling-dataset/AerialImageDataset/train/gt/vienna30.tif
train_vienna30_4096_512,train,vienna30.tif,vienna,512,4096,512,/kaggle/input/datasets/sagar100rathod/inria-aerial-image-labeling-dataset/AerialImageDataset/train/images/vienna30.tif,/kaggle/input/datasets/sagar100rathod/inria-aerial-image-labeling-dataset/AerialImageDataset/train/gt/vienna30.tif
train_vienna30_4096_4096,train,vienna30.tif,vienna,4096,4096,512,/kaggle/input/datasets/sagar100rathod/inria-aerial-image-labeling-dataset/AerialImageDataset/train/images/vienna30.tif,/kaggle/input/datasets/sagar100rathod/inria-aerial-image-labeling-dataset/AerialImageDataset/train/gt/vienna30.tif
train_vienna32_512_0,train,vienna32.tif,vienna,0,512,512,/kaggle/input/datasets/sagar100rathod/inria-aerial-image-labeling-dataset/AerialImageDataset/train/images/vienna32.tif,/kaggle/input/datasets/sagar100rathod/inria-aerial-image-labeling-dataset/AerialImageDataset/train/gt/vienna32.tif
train_vienna32_512_512,train,vienna32.tif,vienna,512,512,512,/kaggle/input/datasets/sagar100rathod/inria-aerial-image-labeling-dataset/AerialImageDataset/train/images/vienna32.tif,/kaggle/input/datasets/sagar100rathod/inria-aerial-image-labeling-dataset/AerialImageDataset/train/gt/vienna32.tif
train_vienna32_512_2048,train,vienna32.tif,vienna,2048,512,512,/kaggle/input/datasets/sagar100rathod/inria-aerial-image-labeling-dataset/AerialImageDataset/train/images/vienna32.tif,/kaggle/input/datasets/sagar100rathod/inria-aerial-image-labeling-dataset/AerialImageDataset/train/gt/vienna32.tif
train_vienna32_1536_1536,train,vienna32.tif,vienna,1536,1536,512,/kaggle/input/datasets/sagar100rathod/inria-aerial-image-labeling-dataset/AerialImageDataset/train/images/vienna32.tif,/kaggle/input/datasets/sagar100rathod/inria-aerial-image-labeling-dataset/AerialImageDataset/train/gt/vienna32.tif
train_vienna32_1536_3584,train,vienna32.tif,vienna,3584,1536,512,/kaggle/input/datasets/sagar100rathod/inria-aerial-image-labeling-dataset/AerialImageDataset/train/images/vienna32.tif,/kaggle/input/datasets/sagar100rathod/inria-aerial-image-labeling-dataset/AerialImageDataset/train/gt/vienna32.tif
train_vienna32_3584_2048,train,vienna32.tif,vienna,2048,3584,512,/kaggle/input/datasets/sagar100rathod/inria-aerial-image-labeling-dataset/AerialImageDataset/train/images/vienna32.tif,/kaggle/input/datasets/sagar100rathod/inria-aerial-image-labeling-dataset/AerialImageDataset/train/gt/vienna32.tif
train_vienna33_0_512,train,vienna33.tif,vienna,512,0,512,/kaggle/input/datasets/sagar100rathod/inria-aerial-image-labeling-dataset/AerialImageDataset/train/images/vienna33.tif,/kaggle/input/datasets/sagar100rathod/inria-aerial-image-labeling-dataset/AerialImageDataset/train/gt/vienna33.tif
train_vienna33_1024_3072,train,vienna33.tif,vienna,3072,1024,512,/kaggle/input/datasets/sagar100rathod/inria-aerial-image-labeling-dataset/AerialImageDataset/train/images/vienna33.tif,/kaggle/input/datasets/sagar100rathod/inria-aerial-image-labeling-dataset/AerialImageDataset/train/gt/vienna33.tif
train_vienna33_1536_512,train,vienna33.tif,vienna,512,1536,512,/kaggle/input/datasets/sagar100rathod/inria-aerial-image-labeling-dataset/AerialImageDataset/train/images/vienna33.tif,/kaggle/input/datasets/sagar100rathod/inria-aerial-image-labeling-dataset/AerialImageDataset/train/gt/vienna33.tif
train_vienna33_2048_4096,train,vienna33.tif,vienna,4096,2048,512,/kaggle/input/datasets/sagar100rathod/inria-aerial-image-labeling-dataset/AerialImageDataset/train/images/vienna33.tif,/kaggle/input/datasets/sagar100rathod/inria-aerial-image-labeling-dataset/AerialImageDataset/train/gt/vienna33.tif
train_vienna33_2560_2048,train,vienna33.tif,vienna,2048,2560,512,/kaggle/input/datasets/sagar100rathod/inria-aerial-image-labeling-dataset/AerialImageDataset/train/images/vienna33.tif,/kaggle/input/datasets/sagar100rathod/inria-aerial-image-labeling-dataset/AerialImageDataset/train/gt/vienna33.tif
train_vienna33_3584_1536,train,vienna33.tif,vienna,1536,3584,512,/kaggle/input/datasets/sagar100rathod/inria-aerial-image-labeling-dataset/AerialImageDataset/train/images/vienna33.tif,/kaggle/input/datasets/sagar100rathod/inria-aerial-image-labeling-dataset/AerialImageDataset/train/gt/vienna33.tif
train_vienna33_4096_2048,train,vienna33.tif,vienna,2048,4096,512,/kaggle/input/datasets/sagar100rathod/inria-aerial-image-labeling-dataset/AerialImageDataset/train/images/vienna33.tif,/kaggle/input/datasets/sagar100rathod/inria-aerial-image-labeling-dataset/AerialImageDataset/train/gt/vienna33.tif
train_vienna33_4096_3072,train,vienna33.tif,vienna,3072,4096,512,/kaggle/input/datasets/sagar100rathod/inria-aerial-image-labeling-dataset/AerialImageDataset/train/images/vienna33.tif,/kaggle/input/datasets/sagar100rathod/inria-aerial-image-labeling-dataset/AerialImageDataset/train/gt/vienna33.tif
train_vienna36_0_512,train,vienna36.tif,vienna,512,0,512,/kaggle/input/datasets/sagar100rathod/inria-aerial-image-labeling-dataset/AerialImageDataset/train/images/vienna36.tif,/kaggle/input/datasets/sagar100rathod/inria-aerial-image-labeling-dataset/AerialImageDataset/train/gt/vienna36.tif
train_vienna36_512_0,train,vienna36.tif,vienna,0,512,512,/kaggle/input/datasets/sagar100rathod/inria-aerial-image-labeling-dataset/AerialImageDataset/train/images/vienna36.tif,/kaggle/input/datasets/sagar100rathod/inria-aerial-image-labeling-dataset/AerialImageDataset/train/gt/vienna36.tif
train_vienna36_512_4096,train,vienna36.tif,vienna,4096,512,512,/kaggle/input/datasets/sagar100rathod/inria-aerial-image-labeling-dataset/AerialImageDataset/train/images/vienna36.tif,/kaggle/input/datasets/sagar100rathod/inria-aerial-image-labeling-dataset/AerialImageDataset/train/gt/vienna36.tif
train_vienna36_1024_1024,train,vienna36.tif,vienna,1024,1024,512,/kaggle/input/datasets/sagar100rathod/inria-aerial-image-labeling-dataset/AerialImageDataset/train/images/vienna36.tif,/kaggle/input/datasets/sagar100rathod/inria-aerial-image-labeling-dataset/AerialImageDataset/train/gt/vienna36.tif
train_vienna36_1024_3584,train,vienna36.tif,vienna,3584,1024,512,/kaggle/input/datasets/sagar100rathod/inria-aerial-image-labeling-dataset/AerialImageDataset/train/images/vienna36.tif,/kaggle/input/datasets/sagar100rathod/inria-aerial-image-labeling-dataset/AerialImageDataset/train/gt/vienna36.tif
train_vienna36_1536_4096,train,vienna36.tif,vienna,4096,1536,512,/kaggle/input/datasets/sagar100rathod/inria-aerial-image-labeling-dataset/AerialImageDataset/train/images/vienna36.tif,/kaggle/input/datasets/sagar100rathod/inria-aerial-image-labeling-dataset/AerialImageDataset/train/gt/vienna36.tif
train_vienna36_3072_1024,train,vienna36.tif,vienna,1024,3072,512,/kaggle/input/datasets/sagar100rathod/inria-aerial-image-labeling-dataset/AerialImageDataset/train/images/vienna36.tif,/kaggle/input/datasets/sagar100rathod/inria-aerial-image-labeling-dataset/AerialImageDataset/train/gt/vienna36.tif
train_vienna36_3072_3072,train,vienna36.tif,vienna,3072,3072,512,/kaggle/input/datasets/sagar100rathod/inria-aerial-image-labeling-dataset/AerialImageDataset/train/images/vienna36.tif,/kaggle/input/datasets/sagar100rathod/inria-aerial-image-labeling-dataset/AerialImageDataset/train/gt/vienna36.tif
train_vienna36_3584_2560,train,vienna36.tif,vienna,2560,3584,512,/kaggle/input/datasets/sagar100rathod/inria-aerial-image-labeling-dataset/AerialImageDataset/train/images/vienna36.tif,/kaggle/input/datasets/sagar100rathod/inria-aerial-image-labeling-dataset/AerialImageDataset/train/gt/vienna36.tif
train_vienna36_3584_4096,train,vienna36.tif,vienna,4096,3584,512,/kaggle/input/datasets/sagar100rathod/inria-aerial-image-labeling-dataset/AerialImageDataset/train/images/vienna36.tif,/kaggle/input/datasets/sagar100rathod/inria-aerial-image-labeling-dataset/AerialImageDataset/train/gt/vienna36.tif
train_vienna4_0_1536,train,vienna4.tif,vienna,1536,0,512,/kaggle/input/datasets/sagar100rathod/inria-aerial-image-labeling-dataset/AerialImageDataset/train/images/vienna4.tif,/kaggle/input/datasets/sagar100rathod/inria-aerial-image-labeling-dataset/AerialImageDataset/train/gt/vienna4.tif
train_vienna4_0_2560,train,vienna4.tif,vienna,2560,0,512,/kaggle/input/datasets/sagar100rathod/inria-aerial-image-labeling-dataset/AerialImageDataset/train/images/vienna4.tif,/kaggle/input/datasets/sagar100rathod/inria-aerial-image-labeling-dataset/AerialImageDataset/train/gt/vienna4.tif
train_vienna4_512_2560,train,vienna4.tif,vienna,2560,512,512,/kaggle/input/datasets/sagar100rathod/inria-aerial-image-labeling-dataset/AerialImageDataset/train/images/vienna4.tif,/kaggle/input/datasets/sagar100rathod/inria-aerial-image-labeling-dataset/AerialImageDataset/train/gt/vienna4.tif
train_vienna4_512_3072,train,vienna4.tif,vienna,3072,512,512,/kaggle/input/datasets/sagar100rathod/inria-aerial-image-labeling-dataset/AerialImageDataset/train/images/vienna4.tif,/kaggle/input/datasets/sagar100rathod/inria-aerial-image-labeling-dataset/AerialImageDataset/train/gt/vienna4.tif
train_vienna4_1024_512,train,vienna4.tif,vienna,512,1024,512,/kaggle/input/datasets/sagar100rathod/inria-aerial-image-labeling-dataset/AerialImageDataset/train/images/vienna4.tif,/kaggle/input/datasets/sagar100rathod/inria-aerial-image-labeling-dataset/AerialImageDataset/train/gt/vienna4.tif
train_vienna4_1024_1536,train,vienna4.tif,vienna,1536,1024,512,/kaggle/input/datasets/sagar100rathod/inria-aerial-image-labeling-dataset/AerialImageDataset/train/images/vienna4.tif,/kaggle/input/datasets/sagar100rathod/inria-aerial-image-labeling-dataset/AerialImageDataset/train/gt/vienna4.tif
train_vienna4_1024_2560,train,vienna4.tif,vienna,2560,1024,512,/kaggle/input/datasets/sagar100rathod/inria-aerial-image-labeling-dataset/AerialImageDataset/train/images/vienna4.tif,/kaggle/input/datasets/sagar100rathod/inria-aerial-image-labeling-dataset/AerialImageDataset/train/gt/vienna4.tif
train_vienna4_1536_512,train,vienna4.tif,vienna,512,1536,512,/kaggle/input/datasets/sagar100rathod/inria-aerial-image-labeling-dataset/AerialImageDataset/train/images/vienna4.tif,/kaggle/input/datasets/sagar100rathod/inria-aerial-image-labeling-dataset/AerialImageDataset/train/gt/vienna4.tif
train_vienna4_1536_3072,train,vienna4.tif,vienna,3072,1536,512,/kaggle/input/datasets/sagar100rathod/inria-aerial-image-labeling-dataset/AerialImageDataset/train/images/vienna4.tif,/kaggle/input/datasets/sagar100rathod/inria-aerial-image-labeling-dataset/AerialImageDataset/train/gt/vienna4.tif
train_vienna4_2048_2048,train,vienna4.tif,vienna,2048,2048,512,/kaggle/input/datasets/sagar100rathod/inria-aerial-image-labeling-dataset/AerialImageDataset/train/images/vienna4.tif,/kaggle/input/datasets/sagar100rathod/inria-aerial-image-labeling-dataset/AerialImageDataset/train/gt/vienna4.tif
train_vienna4_2048_3072,train,vienna4.tif,vienna,3072,2048,512,/kaggle/input/datasets/sagar100rathod/inria-aerial-image-labeling-dataset/AerialImageDataset/train/images/vienna4.tif,/kaggle/input/datasets/sagar100rathod/inria-aerial-image-labeling-dataset/AerialImageDataset/train/gt/vienna4.tif
train_vienna4_2560_1024,train,vienna4.tif,vienna,1024,2560,512,/kaggle/input/datasets/sagar100rathod/inria-aerial-image-labeling-dataset/AerialImageDataset/train/images/vienna4.tif,/kaggle/input/datasets/sagar100rathod/inria-aerial-image-labeling-dataset/AerialImageDataset/train/gt/vienna4.tif
train_vienna4_2560_2560,train,vienna4.tif,vienna,2560,2560,512,/kaggle/input/datasets/sagar100rathod/inria-aerial-image-labeling-dataset/AerialImageDataset/train/images/vienna4.tif,/kaggle/input/datasets/sagar100rathod/inria-aerial-image-labeling-dataset/AerialImageDataset/train/gt/vienna4.tif
train_vienna4_3072_0,train,vienna4.tif,vienna,0,3072,512,/kaggle/input/datasets/sagar100rathod/inria-aerial-image-labeling-dataset/AerialImageDataset/train/images/vienna4.tif,/kaggle/input/datasets/sagar100rathod/inria-aerial-image-labeling-dataset/AerialImageDataset/train/gt/vienna4.tif
train_vienna5_0_512,train,vienna5.tif,vienna,512,0,512,/kaggle/input/datasets/sagar100rathod/inria-aerial-image-labeling-dataset/AerialImageDataset/train/images/vienna5.tif,/kaggle/input/datasets/sagar100rathod/inria-aerial-image-labeling-dataset/AerialImageDataset/train/gt/vienna5.tif
train_vienna5_0_2048,train,vienna5.tif,vienna,2048,0,512,/kaggle/input/datasets/sagar100rathod/inria-aerial-image-labeling-dataset/AerialImageDataset/train/images/vienna5.tif,/kaggle/input/datasets/sagar100rathod/inria-aerial-image-labeling-dataset/AerialImageDataset/train/gt/vienna5.tif
train_vienna5_1024_2048,train,vienna5.tif,vienna,2048,1024,512,/kaggle/input/datasets/sagar100rathod/inria-aerial-image-labeling-dataset/AerialImageDataset/train/images/vienna5.tif,/kaggle/input/datasets/sagar100rathod/inria-aerial-image-labeling-dataset/AerialImageDataset/train/gt/vienna5.tif
train_vienna5_1024_4096,train,vienna5.tif,vienna,4096,1024,512,/kaggle/input/datasets/sagar100rathod/inria-aerial-image-labeling-dataset/AerialImageDataset/train/images/vienna5.tif,/kaggle/input/datasets/sagar100rathod/inria-aerial-image-labeling-dataset/AerialImageDataset/train/gt/vienna5.tif
train_vienna5_1536_2560,train,vienna5.tif,vienna,2560,1536,512,/kaggle/input/datasets/sagar100rathod/inria-aerial-image-labeling-dataset/AerialImageDataset/train/images/vienna5.tif,/kaggle/input/datasets/sagar100rathod/inria-aerial-image-labeling-dataset/AerialImageDataset/train/gt/vienna5.tif
train_vienna5_1536_3072,train,vienna5.tif,vienna,3072,1536,512,/kaggle/input/datasets/sagar100rathod/inria-aerial-image-labeling-dataset/AerialImageDataset/train/images/vienna5.tif,/kaggle/input/datasets/sagar100rathod/inria-aerial-image-labeling-dataset/AerialImageDataset/train/gt/vienna5.tif
train_vienna5_1536_3584,train,vienna5.tif,vienna,3584,1536,512,/kaggle/input/datasets/sagar100rathod/inria-aerial-image-labeling-dataset/AerialImageDataset/train/images/vienna5.tif,/kaggle/input/datasets/sagar100rathod/inria-aerial-image-labeling-dataset/AerialImageDataset/train/gt/vienna5.tif
train_vienna5_2048_0,train,vienna5.tif,vienna,0,2048,512,/kaggle/input/datasets/sagar100rathod/inria-aerial-image-labeling-dataset/AerialImageDataset/train/images/vienna5.tif,/kaggle/input/datasets/sagar100rathod/inria-aerial-image-labeling-dataset/AerialImageDataset/train/gt/vienna5.tif
train_vienna5_2048_4096,train,vienna5.tif,vienna,4096,2048,512,/kaggle/input/datasets/sagar100rathod/inria-aerial-image-labeling-dataset/AerialImageDataset/train/images/vienna5.tif,/kaggle/input/datasets/sagar100rathod/inria-aerial-image-labeling-dataset/AerialImageDataset/train/gt/vienna5.tif
train_vienna5_3072_4096,train,vienna5.tif,vienna,4096,3072,512,/kaggle/input/datasets/sagar100rathod/inria-aerial-image-labeling-dataset/AerialImageDataset/train/images/vienna5.tif,/kaggle/input/datasets/sagar100rathod/inria-aerial-image-labeling-dataset/AerialImageDataset/train/gt/vienna5.tif
train_vienna5_3584_0,train,vienna5.tif,vienna,0,3584,512,/kaggle/input/datasets/sagar100rathod/inria-aerial-image-labeling-dataset/AerialImageDataset/train/images/vienna5.tif,/kaggle/input/datasets/sagar100rathod/inria-aerial-image-labeling-dataset/AerialImageDataset/train/gt/vienna5.tif
train_vienna5_3584_1024,train,vienna5.tif,vienna,1024,3584,512,/kaggle/input/datasets/sagar100rathod/inria-aerial-image-labeling-dataset/AerialImageDataset/train/images/vienna5.tif,/kaggle/input/datasets/sagar100rathod/inria-aerial-image-labeling-dataset/AerialImageDataset/train/gt/vienna5.tif
train_vienna5_4096_512,train,vienna5.tif,vienna,512,4096,512,/kaggle/input/datasets/sagar100rathod/inria-aerial-image-labeling-dataset/AerialImageDataset/train/images/vienna5.tif,/kaggle/input/datasets/sagar100rathod/inria-aerial-image-labeling-dataset/AerialImageDataset/train/gt/vienna5.tif
train_vienna6_0_2560,train,vienna6.tif,vienna,2560,0,512,/kaggle/input/datasets/sagar100rathod/inria-aerial-image-labeling-dataset/AerialImageDataset/train/images/vienna6.tif,/kaggle/input/datasets/sagar100rathod/inria-aerial-image-labeling-dataset/AerialImageDataset/train/gt/vienna6.tif
train_vienna6_512_1024,train,vienna6.tif,vienna,1024,512,512,/kaggle/input/datasets/sagar100rathod/inria-aerial-image-labeling-dataset/AerialImageDataset/train/images/vienna6.tif,/kaggle/input/datasets/sagar100rathod/inria-aerial-image-labeling-dataset/AerialImageDataset/train/gt/vienna6.tif
train_vienna6_512_2560,train,vienna6.tif,vienna,2560,512,512,/kaggle/input/datasets/sagar100rathod/inria-aerial-image-labeling-dataset/AerialImageDataset/train/images/vienna6.tif,/kaggle/input/datasets/sagar100rathod/inria-aerial-image-labeling-dataset/AerialImageDataset/train/gt/vienna6.tif
train_vienna6_512_4096,train,vienna6.tif,vienna,4096,512,512,/kaggle/input/datasets/sagar100rathod/inria-aerial-image-labeling-dataset/AerialImageDataset/train/images/vienna6.tif,/kaggle/input/datasets/sagar100rathod/inria-aerial-image-labeling-dataset/AerialImageDataset/train/gt/vienna6.tif
train_vienna6_1024_1536,train,vienna6.tif,vienna,1536,1024,512,/kaggle/input/datasets/sagar100rathod/inria-aerial-image-labeling-dataset/AerialImageDataset/train/images/vienna6.tif,/kaggle/input/datasets/sagar100rathod/inria-aerial-image-labeling-dataset/AerialImageDataset/train/gt/vienna6.tif
train_vienna6_2048_1536,train,vienna6.tif,vienna,1536,2048,512,/kaggle/input/datasets/sagar100rathod/inria-aerial-image-labeling-dataset/AerialImageDataset/train/images/vienna6.tif,/kaggle/input/datasets/sagar100rathod/inria-aerial-image-labeling-dataset/AerialImageDataset/train/gt/vienna6.tif
train_vienna6_2560_512,train,vienna6.tif,vienna,512,2560,512,/kaggle/input/datasets/sagar100rathod/inria-aerial-image-labeling-dataset/AerialImageDataset/train/images/vienna6.tif,/kaggle/input/datasets/sagar100rathod/inria-aerial-image-labeling-dataset/AerialImageDataset/train/gt/vienna6.tif
train_vienna6_2560_2048,train,vienna6.tif,vienna,2048,2560,512,/kaggle/input/datasets/sagar100rathod/inria-aerial-image-labeling-dataset/AerialImageDataset/train/images/vienna6.tif,/kaggle/input/datasets/sagar100rathod/inria-aerial-image-labeling-dataset/AerialImageDataset/train/gt/vienna6.tif
train_vienna6_2560_4096,train,vienna6.tif,vienna,4096,2560,512,/kaggle/input/datasets/sagar100rathod/inria-aerial-image-labeling-dataset/AerialImageDataset/train/images/vienna6.tif,/kaggle/input/datasets/sagar100rathod/inria-aerial-image-labeling-dataset/AerialImageDataset/train/gt/vienna6.tif
train_vienna6_3584_2560,train,vienna6.tif,vienna,2560,3584,512,/kaggle/input/datasets/sagar100rathod/inria-aerial-image-labeling-dataset/AerialImageDataset/train/images/vienna6.tif,/kaggle/input/datasets/sagar100rathod/inria-aerial-image-labeling-dataset/AerialImageDataset/train/gt/vienna6.tif
train_vienna6_4096_2560,train,vienna6.tif,vienna,2560,4096,512,/kaggle/input/datasets/sagar100rathod/inria-aerial-image-labeling-dataset/AerialImageDataset/train/images/vienna6.tif,/kaggle/input/datasets/sagar100rathod/inria-aerial-image-labeling-dataset/AerialImageDataset/train/gt/vienna6.tif
train_vienna8_0_2048,train,vienna8.tif,vienna,2048,0,512,/kaggle/input/datasets/sagar100rathod/inria-aerial-image-labeling-dataset/AerialImageDataset/train/images/vienna8.tif,/kaggle/input/datasets/sagar100rathod/inria-aerial-image-labeling-dataset/AerialImageDataset/train/gt/vienna8.tif
train_vienna8_512_3072,train,vienna8.tif,vienna,3072,512,512,/kaggle/input/datasets/sagar100rathod/inria-aerial-image-labeling-dataset/AerialImageDataset/train/images/vienna8.tif,/kaggle/input/datasets/sagar100rathod/inria-aerial-image-labeling-dataset/AerialImageDataset/train/gt/vienna8.tif
train_vienna8_1536_2560,train,vienna8.tif,vienna,2560,1536,512,/kaggle/input/datasets/sagar100rathod/inria-aerial-image-labeling-dataset/AerialImageDataset/train/images/vienna8.tif,/kaggle/input/datasets/sagar100rathod/inria-aerial-image-labeling-dataset/AerialImageDataset/train/gt/vienna8.tif
train_vienna8_3072_512,train,vienna8.tif,vienna,512,3072,512,/kaggle/input/datasets/sagar100rathod/inria-aerial-image-labeling-dataset/AerialImageDataset/train/images/vienna8.tif,/kaggle/input/datasets/sagar100rathod/inria-aerial-image-labeling-dataset/AerialImageDataset/train/gt/vienna8.tif
train_vienna8_3584_3072,train,vienna8.tif,vienna,3072,3584,512,/kaggle/input/datasets/sagar100rathod/inria-aerial-image-labeling-dataset/AerialImageDataset/train/images/vienna8.tif,/kaggle/input/datasets/sagar100rathod/inria-aerial-image-labeling-dataset/AerialImageDataset/train/gt/vienna8.tif
train_vienna8_3584_4096,train,vienna8.tif,vienna,4096,3584,512,/kaggle/input/datasets/sagar100rathod/inria-aerial-image-labeling-dataset/AerialImageDataset/train/images/vienna8.tif,/kaggle/input/datasets/sagar100rathod/inria-aerial-image-labeling-dataset/AerialImageDataset/train/gt/vienna8.tif
train_vienna9_512_0,train,vienna9.tif,vienna,0,512,512,/kaggle/input/datasets/sagar100rathod/inria-aerial-image-labeling-dataset/AerialImageDataset/train/images/vienna9.tif,/kaggle/input/datasets/sagar100rathod/inria-aerial-image-labeling-dataset/AerialImageDataset/train/gt/vienna9.tif
train_vienna9_512_3072,train,vienna9.tif,vienna,3072,512,512,/kaggle/input/datasets/sagar100rathod/inria-aerial-image-labeling-dataset/AerialImageDataset/train/images/vienna9.tif,/kaggle/input/datasets/sagar100rathod/inria-aerial-image-labeling-dataset/AerialImageDataset/train/gt/vienna9.tif
train_vienna9_512_3584,train,vienna9.tif,vienna,3584,512,512,/kaggle/input/datasets/sagar100rathod/inria-aerial-image-labeling-dataset/AerialImageDataset/train/images/vienna9.tif,/kaggle/input/datasets/sagar100rathod/inria-aerial-image-labeling-dataset/AerialImageDataset/train/gt/vienna9.tif
train_vienna9_1536_512,train,vienna9.tif,vienna,512,1536,512,/kaggle/input/datasets/sagar100rathod/inria-aerial-image-labeling-dataset/AerialImageDataset/train/images/vienna9.tif,/kaggle/input/datasets/sagar100rathod/inria-aerial-image-labeling-dataset/AerialImageDataset/train/gt/vienna9.tif
train_vienna9_1536_1536,train,vienna9.tif,vienna,1536,1536,512,/kaggle/input/datasets/sagar100rathod/inria-aerial-image-labeling-dataset/AerialImageDataset/train/images/vienna9.tif,/kaggle/input/datasets/sagar100rathod/inria-aerial-image-labeling-dataset/AerialImageDataset/train/gt/vienna9.tif
train_vienna9_1536_2048,train,vienna9.tif,vienna,2048,1536,512,/kaggle/input/datasets/sagar100rathod/inria-aerial-image-labeling-dataset/AerialImageDataset/train/images/vienna9.tif,/kaggle/input/datasets/sagar100rathod/inria-aerial-image-labeling-dataset/AerialImageDataset/train/gt/vienna9.tif
train_vienna9_1536_3584,train,vienna9.tif,vienna,3584,1536,512,/kaggle/input/datasets/sagar100rathod/inria-aerial-image-labeling-dataset/AerialImageDataset/train/images/vienna9.tif,/kaggle/input/datasets/sagar100rathod/inria-aerial-image-labeling-dataset/AerialImageDataset/train/gt/vienna9.tif
train_vienna9_2048_2048,train,vienna9.tif,vienna,2048,2048,512,/kaggle/input/datasets/sagar100rathod/inria-aerial-image-labeling-dataset/AerialImageDataset/train/images/vienna9.tif,/kaggle/input/datasets/sagar100rathod/inria-aerial-image-labeling-dataset/AerialImageDataset/train/gt/vienna9.tif
train_vienna9_3072_512,train,vienna9.tif,vienna,512,3072,512,/kaggle/input/datasets/sagar100rathod/inria-aerial-image-labeling-dataset/AerialImageDataset/train/images/vienna9.tif,/kaggle/input/datasets/sagar100rathod/inria-aerial-image-labeling-dataset/AerialImageDataset/train/gt/vienna9.tif
train_vienna9_3072_1024,train,vienna9.tif,vienna,1024,3072,512,/kaggle/input/datasets/sagar100rathod/inria-aerial-image-labeling-dataset/AerialImageDataset/train/images/vienna9.tif,/kaggle/input/datasets/sagar100rathod/inria-aerial-image-labeling-dataset/AerialImageDataset/train/gt/vienna9.tif
train_vienna9_3584_2048,train,vienna9.tif,vienna,2048,3584,512,/kaggle/input/datasets/sagar100rathod/inria-aerial-image-labeling-dataset/AerialImageDataset/train/images/vienna9.tif,/kaggle/input/datasets/sagar100rathod/inria-aerial-image-labeling-dataset/AerialImageDataset/train/gt/vienna9.tif
train_vienna9_3584_2560,train,vienna9.tif,vienna,2560,3584,512,/kaggle/input/datasets/sagar100rathod/inria-aerial-image-labeling-dataset/AerialImageDataset/train/images/vienna9.tif,/kaggle/input/datasets/sagar100rathod/inria-aerial-image-labeling-dataset/AerialImageDataset/train/gt/vienna9.tif
train_vienna9_4096_1024,train,vienna9.tif,vienna,1024,4096,512,/kaggle/input/datasets/sagar100rathod/inria-aerial-image-labeling-dataset/AerialImageDataset/train/images/vienna9.tif,/kaggle/input/datasets/sagar100rathod/inria-aerial-image-labeling-dataset/AerialImageDataset/train/gt/vienna9.tif
train_vienna9_4096_3072,train,vienna9.tif,vienna,3072,4096,512,/kaggle/input/datasets/sagar100rathod/inria-aerial-image-labeling-dataset/AerialImageDataset/train/images/vienna9.tif,/kaggle/input/datasets/sagar100rathod/inria-aerial-image-labeling-dataset/AerialImageDataset/train/gt/vienna9.tif
val_austin10_512_512,val,austin10.tif,austin,512,512,512,/kaggle/input/datasets/sagar100rathod/inria-aerial-image-labeling-dataset/AerialImageDataset/train/images/austin10.tif,/kaggle/input/datasets/sagar100rathod/inria-aerial-image-labeling-dataset/AerialImageDataset/train/gt/austin10.tif
val_austin10_1024_0,val,austin10.tif,austin,0,1024,512,/kaggle/input/datasets/sagar100rathod/inria-aerial-image-labeling-dataset/AerialImageDataset/train/images/austin10.tif,/kaggle/input/datasets/sagar100rathod/inria-aerial-image-labeling-dataset/AerialImageDataset/train/gt/austin10.tif
val_austin10_1536_512,val,austin10.tif,austin,512,1536,512,/kaggle/input/datasets/sagar100rathod/inria-aerial-image-labeling-dataset/AerialImageDataset/train/images/austin10.tif,/kaggle/input/datasets/sagar100rathod/inria-aerial-image-labeling-dataset/AerialImageDataset/train/gt/austin10.tif
val_austin10_1536_1536,val,austin10.tif,austin,1536,1536,512,/kaggle/input/datasets/sagar100rathod/inria-aerial-image-labeling-dataset/AerialImageDataset/train/images/austin10.tif,/kaggle/input/datasets/sagar100rathod/inria-aerial-image-labeling-dataset/AerialImageDataset/train/gt/austin10.tif
val_austin10_2048_2560,val,austin10.tif,austin,2560,2048,512,/kaggle/input/datasets/sagar100rathod/inria-aerial-image-labeling-dataset/AerialImageDataset/train/images/austin10.tif,/kaggle/input/datasets/sagar100rathod/inria-aerial-image-labeling-dataset/AerialImageDataset/train/gt/austin10.tif
val_austin10_3072_3072,val,austin10.tif,austin,3072,3072,512,/kaggle/input/datasets/sagar100rathod/inria-aerial-image-labeling-dataset/AerialImageDataset/train/images/austin10.tif,/kaggle/input/datasets/sagar100rathod/inria-aerial-image-labeling-dataset/AerialImageDataset/train/gt/austin10.tif
val_austin2_0_512,val,austin2.tif,austin,512,0,512,/kaggle/input/datasets/sagar100rathod/inria-aerial-image-labeling-dataset/AerialImageDataset/train/images/austin2.tif,/kaggle/input/datasets/sagar100rathod/inria-aerial-image-labeling-dataset/AerialImageDataset/train/gt/austin2.tif
val_austin2_512_3072,val,austin2.tif,austin,3072,512,512,/kaggle/input/datasets/sagar100rathod/inria-aerial-image-labeling-dataset/AerialImageDataset/train/images/austin2.tif,/kaggle/input/datasets/sagar100rathod/inria-aerial-image-labeling-dataset/AerialImageDataset/train/gt/austin2.tif
val_austin2_1024_1024,val,austin2.tif,austin,1024,1024,512,/kaggle/input/datasets/sagar100rathod/inria-aerial-image-labeling-dataset/AerialImageDataset/train/images/austin2.tif,/kaggle/input/datasets/sagar100rathod/inria-aerial-image-labeling-dataset/AerialImageDataset/train/gt/austin2.tif
val_austin2_1536_2048,val,austin2.tif,austin,2048,1536,512,/kaggle/input/datasets/sagar100rathod/inria-aerial-image-labeling-dataset/AerialImageDataset/train/images/austin2.tif,/kaggle/input/datasets/sagar100rathod/inria-aerial-image-labeling-dataset/AerialImageDataset/train/gt/austin2.tif
val_austin2_2560_3584,val,austin2.tif,austin,3584,2560,512,/kaggle/input/datasets/sagar100rathod/inria-aerial-image-labeling-dataset/AerialImageDataset/train/images/austin2.tif,/kaggle/input/datasets/sagar100rathod/inria-aerial-image-labeling-dataset/AerialImageDataset/train/gt/austin2.tif
val_austin2_3072_512,val,austin2.tif,austin,512,3072,512,/kaggle/input/datasets/sagar100rathod/inria-aerial-image-labeling-dataset/AerialImageDataset/train/images/austin2.tif,/kaggle/input/datasets/sagar100rathod/inria-aerial-image-labeling-dataset/AerialImageDataset/train/gt/austin2.tif
val_austin2_3072_1536,val,austin2.tif,austin,1536,3072,512,/kaggle/input/datasets/sagar100rathod/inria-aerial-image-labeling-dataset/AerialImageDataset/train/images/austin2.tif,/kaggle/input/datasets/sagar100rathod/inria-aerial-image-labeling-dataset/AerialImageDataset/train/gt/austin2.tif
val_austin2_3072_4096,val,austin2.tif,austin,4096,3072,512,/kaggle/input/datasets/sagar100rathod/inria-aerial-image-labeling-dataset/AerialImageDataset/train/images/austin2.tif,/kaggle/input/datasets/sagar100rathod/inria-aerial-image-labeling-dataset/AerialImageDataset/train/gt/austin2.tif
val_austin2_4096_3584,val,austin2.tif,austin,3584,4096,512,/kaggle/input/datasets/sagar100rathod/inria-aerial-image-labeling-dataset/AerialImageDataset/train/images/austin2.tif,/kaggle/input/datasets/sagar100rathod/inria-aerial-image-labeling-dataset/AerialImageDataset/train/gt/austin2.tif
val_austin25_0_0,val,austin25.tif,austin,0,0,512,/kaggle/input/datasets/sagar100rathod/inria-aerial-image-labeling-dataset/AerialImageDataset/train/images/austin25.tif,/kaggle/input/datasets/sagar100rathod/inria-aerial-image-labeling-dataset/AerialImageDataset/train/gt/austin25.tif
val_austin25_0_2560,val,austin25.tif,austin,2560,0,512,/kaggle/input/datasets/sagar100rathod/inria-aerial-image-labeling-dataset/AerialImageDataset/train/images/austin25.tif,/kaggle/input/datasets/sagar100rathod/inria-aerial-image-labeling-dataset/AerialImageDataset/train/gt/austin25.tif
val_austin25_0_3072,val,austin25.tif,austin,3072,0,512,/kaggle/input/datasets/sagar100rathod/inria-aerial-image-labeling-dataset/AerialImageDataset/train/images/austin25.tif,/kaggle/input/datasets/sagar100rathod/inria-aerial-image-labeling-dataset/AerialImageDataset/train/gt/austin25.tif
val_austin25_0_4096,val,austin25.tif,austin,4096,0,512,/kaggle/input/datasets/sagar100rathod/inria-aerial-image-labeling-dataset/AerialImageDataset/train/images/austin25.tif,/kaggle/input/datasets/sagar100rathod/inria-aerial-image-labeling-dataset/AerialImageDataset/train/gt/austin25.tif
val_austin25_512_512,val,austin25.tif,austin,512,512,512,/kaggle/input/datasets/sagar100rathod/inria-aerial-image-labeling-dataset/AerialImageDataset/train/images/austin25.tif,/kaggle/input/datasets/sagar100rathod/inria-aerial-image-labeling-dataset/AerialImageDataset/train/gt/austin25.tif
val_austin25_512_3072,val,austin25.tif,austin,3072,512,512,/kaggle/input/datasets/sagar100rathod/inria-aerial-image-labeling-dataset/AerialImageDataset/train/images/austin25.tif,/kaggle/input/datasets/sagar100rathod/inria-aerial-image-labeling-dataset/AerialImageDataset/train/gt/austin25.tif
val_austin25_1024_3584,val,austin25.tif,austin,3584,1024,512,/kaggle/input/datasets/sagar100rathod/inria-aerial-image-labeling-dataset/AerialImageDataset/train/images/austin25.tif,/kaggle/input/datasets/sagar100rathod/inria-aerial-image-labeling-dataset/AerialImageDataset/train/gt/austin25.tif
val_austin25_2048_1536,val,austin25.tif,austin,1536,2048,512,/kaggle/input/datasets/sagar100rathod/inria-aerial-image-labeling-dataset/AerialImageDataset/train/images/austin25.tif,/kaggle/input/datasets/sagar100rathod/inria-aerial-image-labeling-dataset/AerialImageDataset/train/gt/austin25.tif
val_austin25_2048_3072,val,austin25.tif,austin,3072,2048,512,/kaggle/input/datasets/sagar100rathod/inria-aerial-image-labeling-dataset/AerialImageDataset/train/images/austin25.tif,/kaggle/input/datasets/sagar100rathod/inria-aerial-image-labeling-dataset/AerialImageDataset/train/gt/austin25.tif
val_austin25_2560_1536,val,austin25.tif,austin,1536,2560,512,/kaggle/input/datasets/sagar100rathod/inria-aerial-image-labeling-dataset/AerialImageDataset/train/images/austin25.tif,/kaggle/input/datasets/sagar100rathod/inria-aerial-image-labeling-dataset/AerialImageDataset/train/gt/austin25.tif
val_austin25_2560_2048,val,austin25.tif,austin,2048,2560,512,/kaggle/input/datasets/sagar100rathod/inria-aerial-image-labeling-dataset/AerialImageDataset/train/images/austin25.tif,/kaggle/input/datasets/sagar100rathod/inria-aerial-image-labeling-dataset/AerialImageDataset/train/gt/austin25.tif
val_austin25_3584_4096,val,austin25.tif,austin,4096,3584,512,/kaggle/input/datasets/sagar100rathod/inria-aerial-image-labeling-dataset/AerialImageDataset/train/images/austin25.tif,/kaggle/input/datasets/sagar100rathod/inria-aerial-image-labeling-dataset/AerialImageDataset/train/gt/austin25.tif
val_austin25_4096_0,val,austin25.tif,austin,0,4096,512,/kaggle/input/datasets/sagar100rathod/inria-aerial-image-labeling-dataset/AerialImageDataset/train/images/austin25.tif,/kaggle/input/datasets/sagar100rathod/inria-aerial-image-labeling-dataset/AerialImageDataset/train/gt/austin25.tif
val_austin25_4096_512,val,austin25.tif,austin,512,4096,512,/kaggle/input/datasets/sagar100rathod/inria-aerial-image-labeling-dataset/AerialImageDataset/train/images/austin25.tif,/kaggle/input/datasets/sagar100rathod/inria-aerial-image-labeling-dataset/AerialImageDataset/train/gt/austin25.tif
val_austin28_0_1024,val,austin28.tif,austin,1024,0,512,/kaggle/input/datasets/sagar100rathod/inria-aerial-image-labeling-dataset/AerialImageDataset/train/images/austin28.tif,/kaggle/input/datasets/sagar100rathod/inria-aerial-image-labeling-dataset/AerialImageDataset/train/gt/austin28.tif
val_austin28_1024_1536,val,austin28.tif,austin,1536,1024,512,/kaggle/input/datasets/sagar100rathod/inria-aerial-image-labeling-dataset/AerialImageDataset/train/images/austin28.tif,/kaggle/input/datasets/sagar100rathod/inria-aerial-image-labeling-dataset/AerialImageDataset/train/gt/austin28.tif
val_austin28_1024_3072,val,austin28.tif,austin,3072,1024,512,/kaggle/input/datasets/sagar100rathod/inria-aerial-image-labeling-dataset/AerialImageDataset/train/images/austin28.tif,/kaggle/input/datasets/sagar100rathod/inria-aerial-image-labeling-dataset/AerialImageDataset/train/gt/austin28.tif
val_austin28_1536_3584,val,austin28.tif,austin,3584,1536,512,/kaggle/input/datasets/sagar100rathod/inria-aerial-image-labeling-dataset/AerialImageDataset/train/images/austin28.tif,/kaggle/input/datasets/sagar100rathod/inria-aerial-image-labeling-dataset/AerialImageDataset/train/gt/austin28.tif
val_austin28_2048_3584,val,austin28.tif,austin,3584,2048,512,/kaggle/input/datasets/sagar100rathod/inria-aerial-image-labeling-dataset/AerialImageDataset/train/images/austin28.tif,/kaggle/input/datasets/sagar100rathod/inria-aerial-image-labeling-dataset/AerialImageDataset/train/gt/austin28.tif
val_austin28_2560_4096,val,austin28.tif,austin,4096,2560,512,/kaggle/input/datasets/sagar100rathod/inria-aerial-image-labeling-dataset/AerialImageDataset/train/images/austin28.tif,/kaggle/input/datasets/sagar100rathod/inria-aerial-image-labeling-dataset/AerialImageDataset/train/gt/austin28.tif
val_austin28_3072_0,val,austin28.tif,austin,0,3072,512,/kaggle/input/datasets/sagar100rathod/inria-aerial-image-labeling-dataset/AerialImageDataset/train/images/austin28.tif,/kaggle/input/datasets/sagar100rathod/inria-aerial-image-labeling-dataset/AerialImageDataset/train/gt/austin28.tif
val_austin28_3072_1536,val,austin28.tif,austin,1536,3072,512,/kaggle/input/datasets/sagar100rathod/inria-aerial-image-labeling-dataset/AerialImageDataset/train/images/austin28.tif,/kaggle/input/datasets/sagar100rathod/inria-aerial-image-labeling-dataset/AerialImageDataset/train/gt/austin28.tif
val_austin28_3072_3072,val,austin28.tif,austin,3072,3072,512,/kaggle/input/datasets/sagar100rathod/inria-aerial-image-labeling-dataset/AerialImageDataset/train/images/austin28.tif,/kaggle/input/datasets/sagar100rathod/inria-aerial-image-labeling-dataset/AerialImageDataset/train/gt/austin28.tif
val_austin28_3584_2560,val,austin28.tif,austin,2560,3584,512,/kaggle/input/datasets/sagar100rathod/inria-aerial-image-labeling-dataset/AerialImageDataset/train/images/austin28.tif,/kaggle/input/datasets/sagar100rathod/inria-aerial-image-labeling-dataset/AerialImageDataset/train/gt/austin28.tif
val_austin28_4096_512,val,austin28.tif,austin,512,4096,512,/kaggle/input/datasets/sagar100rathod/inria-aerial-image-labeling-dataset/AerialImageDataset/train/images/austin28.tif,/kaggle/input/datasets/sagar100rathod/inria-aerial-image-labeling-dataset/AerialImageDataset/train/gt/austin28.tif
val_austin28_4096_1536,val,austin28.tif,austin,1536,4096,512,/kaggle/input/datasets/sagar100rathod/inria-aerial-image-labeling-dataset/AerialImageDataset/train/images/austin28.tif,/kaggle/input/datasets/sagar100rathod/inria-aerial-image-labeling-dataset/AerialImageDataset/train/gt/austin28.tif
val_austin28_4096_3584,val,austin28.tif,austin,3584,4096,512,/kaggle/input/datasets/sagar100rathod/inria-aerial-image-labeling-dataset/AerialImageDataset/train/images/austin28.tif,/kaggle/input/datasets/sagar100rathod/inria-aerial-image-labeling-dataset/AerialImageDataset/train/gt/austin28.tif
val_austin31_0_0,val,austin31.tif,austin,0,0,512,/kaggle/input/datasets/sagar100rathod/inria-aerial-image-labeling-dataset/AerialImageDataset/train/images/austin31.tif,/kaggle/input/datasets/sagar100rathod/inria-aerial-image-labeling-dataset/AerialImageDataset/train/gt/austin31.tif
val_austin31_0_2560,val,austin31.tif,austin,2560,0,512,/kaggle/input/datasets/sagar100rathod/inria-aerial-image-labeling-dataset/AerialImageDataset/train/images/austin31.tif,/kaggle/input/datasets/sagar100rathod/inria-aerial-image-labeling-dataset/AerialImageDataset/train/gt/austin31.tif
val_austin31_512_1024,val,austin31.tif,austin,1024,512,512,/kaggle/input/datasets/sagar100rathod/inria-aerial-image-labeling-dataset/AerialImageDataset/train/images/austin31.tif,/kaggle/input/datasets/sagar100rathod/inria-aerial-image-labeling-dataset/AerialImageDataset/train/gt/austin31.tif
val_austin31_512_3072,val,austin31.tif,austin,3072,512,512,/kaggle/input/datasets/sagar100rathod/inria-aerial-image-labeling-dataset/AerialImageDataset/train/images/austin31.tif,/kaggle/input/datasets/sagar100rathod/inria-aerial-image-labeling-dataset/AerialImageDataset/train/gt/austin31.tif
val_austin31_1536_3584,val,austin31.tif,austin,3584,1536,512,/kaggle/input/datasets/sagar100rathod/inria-aerial-image-labeling-dataset/AerialImageDataset/train/images/austin31.tif,/kaggle/input/datasets/sagar100rathod/inria-aerial-image-labeling-dataset/AerialImageDataset/train/gt/austin31.tif
val_austin31_2048_2560,val,austin31.tif,austin,2560,2048,512,/kaggle/input/datasets/sagar100rathod/inria-aerial-image-labeling-dataset/AerialImageDataset/train/images/austin31.tif,/kaggle/input/datasets/sagar100rathod/inria-aerial-image-labeling-dataset/AerialImageDataset/train/gt/austin31.tif
val_austin31_2048_4096,val,austin31.tif,austin,4096,2048,512,/kaggle/input/datasets/sagar100rathod/inria-aerial-image-labeling-dataset/AerialImageDataset/train/images/austin31.tif,/kaggle/input/datasets/sagar100rathod/inria-aerial-image-labeling-dataset/AerialImageDataset/train/gt/austin31.tif
val_austin31_2560_512,val,austin31.tif,austin,512,2560,512,/kaggle/input/datasets/sagar100rathod/inria-aerial-image-labeling-dataset/AerialImageDataset/train/images/austin31.tif,/kaggle/input/datasets/sagar100rathod/inria-aerial-image-labeling-dataset/AerialImageDataset/train/gt/austin31.tif
val_austin31_2560_2048,val,austin31.tif,austin,2048,2560,512,/kaggle/input/datasets/sagar100rathod/inria-aerial-image-labeling-dataset/AerialImageDataset/train/images/austin31.tif,/kaggle/input/datasets/sagar100rathod/inria-aerial-image-labeling-dataset/AerialImageDataset/train/gt/austin31.tif
val_austin31_3072_3584,val,austin31.tif,austin,3584,3072,512,/kaggle/input/datasets/sagar100rathod/inria-aerial-image-labeling-dataset/AerialImageDataset/train/images/austin31.tif,/kaggle/input/datasets/sagar100rathod/inria-aerial-image-labeling-dataset/AerialImageDataset/train/gt/austin31.tif
val_austin31_3584_1536,val,austin31.tif,austin,1536,3584,512,/kaggle/input/datasets/sagar100rathod/inria-aerial-image-labeling-dataset/AerialImageDataset/train/images/austin31.tif,/kaggle/input/datasets/sagar100rathod/inria-aerial-image-labeling-dataset/AerialImageDataset/train/gt/austin31.tif
val_austin31_4096_0,val,austin31.tif,austin,0,4096,512,/kaggle/input/datasets/sagar100rathod/inria-aerial-image-labeling-dataset/AerialImageDataset/train/images/austin31.tif,/kaggle/input/datasets/sagar100rathod/inria-aerial-image-labeling-dataset/AerialImageDataset/train/gt/austin31.tif
val_austin31_4096_1024,val,austin31.tif,austin,1024,4096,512,/kaggle/input/datasets/sagar100rathod/inria-aerial-image-labeling-dataset/AerialImageDataset/train/images/austin31.tif,/kaggle/input/datasets/sagar100rathod/inria-aerial-image-labeling-dataset/AerialImageDataset/train/gt/austin31.tif
val_austin31_4096_3072,val,austin31.tif,austin,3072,4096,512,/kaggle/input/datasets/sagar100rathod/inria-aerial-image-labeling-dataset/AerialImageDataset/train/images/austin31.tif,/kaggle/input/datasets/sagar100rathod/inria-aerial-image-labeling-dataset/AerialImageDataset/train/gt/austin31.tif
val_austin31_4096_3584,val,austin31.tif,austin,3584,4096,512,/kaggle/input/datasets/sagar100rathod/inria-aerial-image-labeling-dataset/AerialImageDataset/train/images/austin31.tif,/kaggle/input/datasets/sagar100rathod/inria-aerial-image-labeling-dataset/AerialImageDataset/train/gt/austin31.tif
val_austin31_4096_4096,val,austin31.tif,austin,4096,4096,512,/kaggle/input/datasets/sagar100rathod/inria-aerial-image-labeling-dataset/AerialImageDataset/train/images/austin31.tif,/kaggle/input/datasets/sagar100rathod/inria-aerial-image-labeling-dataset/AerialImageDataset/train/gt/austin31.tif
val_austin5_0_2048,val,austin5.tif,austin,2048,0,512,/kaggle/input/datasets/sagar100rathod/inria-aerial-image-labeling-dataset/AerialImageDataset/train/images/austin5.tif,/kaggle/input/datasets/sagar100rathod/inria-aerial-image-labeling-dataset/AerialImageDataset/train/gt/austin5.tif
val_austin5_0_3072,val,austin5.tif,austin,3072,0,512,/kaggle/input/datasets/sagar100rathod/inria-aerial-image-labeling-dataset/AerialImageDataset/train/images/austin5.tif,/kaggle/input/datasets/sagar100rathod/inria-aerial-image-labeling-dataset/AerialImageDataset/train/gt/austin5.tif
val_austin5_512_512,val,austin5.tif,austin,512,512,512,/kaggle/input/datasets/sagar100rathod/inria-aerial-image-labeling-dataset/AerialImageDataset/train/images/austin5.tif,/kaggle/input/datasets/sagar100rathod/inria-aerial-image-labeling-dataset/AerialImageDataset/train/gt/austin5.tif
val_austin5_512_2048,val,austin5.tif,austin,2048,512,512,/kaggle/input/datasets/sagar100rathod/inria-aerial-image-labeling-dataset/AerialImageDataset/train/images/austin5.tif,/kaggle/input/datasets/sagar100rathod/inria-aerial-image-labeling-dataset/AerialImageDataset/train/gt/austin5.tif
val_austin5_512_2560,val,austin5.tif,austin,2560,512,512,/kaggle/input/datasets/sagar100rathod/inria-aerial-image-labeling-dataset/AerialImageDataset/train/images/austin5.tif,/kaggle/input/datasets/sagar100rathod/inria-aerial-image-labeling-dataset/AerialImageDataset/train/gt/austin5.tif
val_austin5_512_3072,val,austin5.tif,austin,3072,512,512,/kaggle/input/datasets/sagar100rathod/inria-aerial-image-labeling-dataset/AerialImageDataset/train/images/austin5.tif,/kaggle/input/datasets/sagar100rathod/inria-aerial-image-labeling-dataset/AerialImageDataset/train/gt/austin5.tif
val_austin5_1024_0,val,austin5.tif,austin,0,1024,512,/kaggle/input/datasets/sagar100rathod/inria-aerial-image-labeling-dataset/AerialImageDataset/train/images/austin5.tif,/kaggle/input/datasets/sagar100rathod/inria-aerial-image-labeling-dataset/AerialImageDataset/train/gt/austin5.tif
val_austin5_2048_1536,val,austin5.tif,austin,1536,2048,512,/kaggle/input/datasets/sagar100rathod/inria-aerial-image-labeling-dataset/AerialImageDataset/train/images/austin5.tif,/kaggle/input/datasets/sagar100rathod/inria-aerial-image-labeling-dataset/AerialImageDataset/train/gt/austin5.tif
val_austin5_2560_2048,val,austin5.tif,austin,2048,2560,512,/kaggle/input/datasets/sagar100rathod/inria-aerial-image-labeling-dataset/AerialImageDataset/train/images/austin5.tif,/kaggle/input/datasets/sagar100rathod/inria-aerial-image-labeling-dataset/AerialImageDataset/train/gt/austin5.tif
val_austin5_2560_3072,val,austin5.tif,austin,3072,2560,512,/kaggle/input/datasets/sagar100rathod/inria-aerial-image-labeling-dataset/AerialImageDataset/train/images/austin5.tif,/kaggle/input/datasets/sagar100rathod/inria-aerial-image-labeling-dataset/AerialImageDataset/train/gt/austin5.tif
val_austin5_3072_1024,val,austin5.tif,austin,1024,3072,512,/kaggle/input/datasets/sagar100rathod/inria-aerial-image-labeling-dataset/AerialImageDataset/train/images/austin5.tif,/kaggle/input/datasets/sagar100rathod/inria-aerial-image-labeling-dataset/AerialImageDataset/train/gt/austin5.tif
val_austin5_3584_1536,val,austin5.tif,austin,1536,3584,512,/kaggle/input/datasets/sagar100rathod/inria-aerial-image-labeling-dataset/AerialImageDataset/train/images/austin5.tif,/kaggle/input/datasets/sagar100rathod/inria-aerial-image-labeling-dataset/AerialImageDataset/train/gt/austin5.tif
val_austin5_3584_2048,val,austin5.tif,austin,2048,3584,512,/kaggle/input/datasets/sagar100rathod/inria-aerial-image-labeling-dataset/AerialImageDataset/train/images/austin5.tif,/kaggle/input/datasets/sagar100rathod/inria-aerial-image-labeling-dataset/AerialImageDataset/train/gt/austin5.tif
val_austin5_3584_3584,val,austin5.tif,austin,3584,3584,512,/kaggle/input/datasets/sagar100rathod/inria-aerial-image-labeling-dataset/AerialImageDataset/train/images/austin5.tif,/kaggle/input/datasets/sagar100rathod/inria-aerial-image-labeling-dataset/AerialImageDataset/train/gt/austin5.tif
val_chicago12_0_2048,val,chicago12.tif,chicago,2048,0,512,/kaggle/input/datasets/sagar100rathod/inria-aerial-image-labeling-dataset/AerialImageDataset/train/images/chicago12.tif,/kaggle/input/datasets/sagar100rathod/inria-aerial-image-labeling-dataset/AerialImageDataset/train/gt/chicago12.tif
val_chicago12_0_4096,val,chicago12.tif,chicago,4096,0,512,/kaggle/input/datasets/sagar100rathod/inria-aerial-image-labeling-dataset/AerialImageDataset/train/images/chicago12.tif,/kaggle/input/datasets/sagar100rathod/inria-aerial-image-labeling-dataset/AerialImageDataset/train/gt/chicago12.tif
val_chicago12_512_512,val,chicago12.tif,chicago,512,512,512,/kaggle/input/datasets/sagar100rathod/inria-aerial-image-labeling-dataset/AerialImageDataset/train/images/chicago12.tif,/kaggle/input/datasets/sagar100rathod/inria-aerial-image-labeling-dataset/AerialImageDataset/train/gt/chicago12.tif
val_chicago12_1536_4096,val,chicago12.tif,chicago,4096,1536,512,/kaggle/input/datasets/sagar100rathod/inria-aerial-image-labeling-dataset/AerialImageDataset/train/images/chicago12.tif,/kaggle/input/datasets/sagar100rathod/inria-aerial-image-labeling-dataset/AerialImageDataset/train/gt/chicago12.tif
val_chicago12_2048_0,val,chicago12.tif,chicago,0,2048,512,/kaggle/input/datasets/sagar100rathod/inria-aerial-image-labeling-dataset/AerialImageDataset/train/images/chicago12.tif,/kaggle/input/datasets/sagar100rathod/inria-aerial-image-labeling-dataset/AerialImageDataset/train/gt/chicago12.tif
val_chicago12_2560_1024,val,chicago12.tif,chicago,1024,2560,512,/kaggle/input/datasets/sagar100rathod/inria-aerial-image-labeling-dataset/AerialImageDataset/train/images/chicago12.tif,/kaggle/input/datasets/sagar100rathod/inria-aerial-image-labeling-dataset/AerialImageDataset/train/gt/chicago12.tif
val_chicago12_2560_1536,val,chicago12.tif,chicago,1536,2560,512,/kaggle/input/datasets/sagar100rathod/inria-aerial-image-labeling-dataset/AerialImageDataset/train/images/chicago12.tif,/kaggle/input/datasets/sagar100rathod/inria-aerial-image-labeling-dataset/AerialImageDataset/train/gt/chicago12.tif
val_chicago12_3072_3072,val,chicago12.tif,chicago,3072,3072,512,/kaggle/input/datasets/sagar100rathod/inria-aerial-image-labeling-dataset/AerialImageDataset/train/images/chicago12.tif,/kaggle/input/datasets/sagar100rathod/inria-aerial-image-labeling-dataset/AerialImageDataset/train/gt/chicago12.tif
val_chicago12_4096_3072,val,chicago12.tif,chicago,3072,4096,512,/kaggle/input/datasets/sagar100rathod/inria-aerial-image-labeling-dataset/AerialImageDataset/train/images/chicago12.tif,/kaggle/input/datasets/sagar100rathod/inria-aerial-image-labeling-dataset/AerialImageDataset/train/gt/chicago12.tif
val_chicago13_0_1024,val,chicago13.tif,chicago,1024,0,512,/kaggle/input/datasets/sagar100rathod/inria-aerial-image-labeling-dataset/AerialImageDataset/train/images/chicago13.tif,/kaggle/input/datasets/sagar100rathod/inria-aerial-image-labeling-dataset/AerialImageDataset/train/gt/chicago13.tif
val_chicago13_0_2560,val,chicago13.tif,chicago,2560,0,512,/kaggle/input/datasets/sagar100rathod/inria-aerial-image-labeling-dataset/AerialImageDataset/train/images/chicago13.tif,/kaggle/input/datasets/sagar100rathod/inria-aerial-image-labeling-dataset/AerialImageDataset/train/gt/chicago13.tif
val_chicago13_512_1024,val,chicago13.tif,chicago,1024,512,512,/kaggle/input/datasets/sagar100rathod/inria-aerial-image-labeling-dataset/AerialImageDataset/train/images/chicago13.tif,/kaggle/input/datasets/sagar100rathod/inria-aerial-image-labeling-dataset/AerialImageDataset/train/gt/chicago13.tif
val_chicago13_1024_1536,val,chicago13.tif,chicago,1536,1024,512,/kaggle/input/datasets/sagar100rathod/inria-aerial-image-labeling-dataset/AerialImageDataset/train/images/chicago13.tif,/kaggle/input/datasets/sagar100rathod/inria-aerial-image-labeling-dataset/AerialImageDataset/train/gt/chicago13.tif
val_chicago13_1024_2048,val,chicago13.tif,chicago,2048,1024,512,/kaggle/input/datasets/sagar100rathod/inria-aerial-image-labeling-dataset/AerialImageDataset/train/images/chicago13.tif,/kaggle/input/datasets/sagar100rathod/inria-aerial-image-labeling-dataset/AerialImageDataset/train/gt/chicago13.tif
val_chicago13_1536_512,val,chicago13.tif,chicago,512,1536,512,/kaggle/input/datasets/sagar100rathod/inria-aerial-image-labeling-dataset/AerialImageDataset/train/images/chicago13.tif,/kaggle/input/datasets/sagar100rathod/inria-aerial-image-labeling-dataset/AerialImageDataset/train/gt/chicago13.tif
val_chicago13_2560_0,val,chicago13.tif,chicago,0,2560,512,/kaggle/input/datasets/sagar100rathod/inria-aerial-image-labeling-dataset/AerialImageDataset/train/images/chicago13.tif,/kaggle/input/datasets/sagar100rathod/inria-aerial-image-labeling-dataset/AerialImageDataset/train/gt/chicago13.tif
val_chicago13_2560_1536,val,chicago13.tif,chicago,1536,2560,512,/kaggle/input/datasets/sagar100rathod/inria-aerial-image-labeling-dataset/AerialImageDataset/train/images/chicago13.tif,/kaggle/input/datasets/sagar100rathod/inria-aerial-image-labeling-dataset/AerialImageDataset/train/gt/chicago13.tif
val_chicago13_3072_1024,val,chicago13.tif,chicago,1024,3072,512,/kaggle/input/datasets/sagar100rathod/inria-aerial-image-labeling-dataset/AerialImageDataset/train/images/chicago13.tif,/kaggle/input/datasets/sagar100rathod/inria-aerial-image-labeling-dataset/AerialImageDataset/train/gt/chicago13.tif
val_chicago13_3072_3584,val,chicago13.tif,chicago,3584,3072,512,/kaggle/input/datasets/sagar100rathod/inria-aerial-image-labeling-dataset/AerialImageDataset/train/images/chicago13.tif,/kaggle/input/datasets/sagar100rathod/inria-aerial-image-labeling-dataset/AerialImageDataset/train/gt/chicago13.tif
val_chicago13_3584_0,val,chicago13.tif,chicago,0,3584,512,/kaggle/input/datasets/sagar100rathod/inria-aerial-image-labeling-dataset/AerialImageDataset/train/images/chicago13.tif,/kaggle/input/datasets/sagar100rathod/inria-aerial-image-labeling-dataset/AerialImageDataset/train/gt/chicago13.tif
val_chicago13_3584_1024,val,chicago13.tif,chicago,1024,3584,512,/kaggle/input/datasets/sagar100rathod/inria-aerial-image-labeling-dataset/AerialImageDataset/train/images/chicago13.tif,/kaggle/input/datasets/sagar100rathod/inria-aerial-image-labeling-dataset/AerialImageDataset/train/gt/chicago13.tif
val_chicago13_3584_2048,val,chicago13.tif,chicago,2048,3584,512,/kaggle/input/datasets/sagar100rathod/inria-aerial-image-labeling-dataset/AerialImageDataset/train/images/chicago13.tif,/kaggle/input/datasets/sagar100rathod/inria-aerial-image-labeling-dataset/AerialImageDataset/train/gt/chicago13.tif
val_chicago13_3584_3584,val,chicago13.tif,chicago,3584,3584,512,/kaggle/input/datasets/sagar100rathod/inria-aerial-image-labeling-dataset/AerialImageDataset/train/images/chicago13.tif,/kaggle/input/datasets/sagar100rathod/inria-aerial-image-labeling-dataset/AerialImageDataset/train/gt/chicago13.tif
val_chicago21_512_512,val,chicago21.tif,chicago,512,512,512,/kaggle/input/datasets/sagar100rathod/inria-aerial-image-labeling-dataset/AerialImageDataset/train/images/chicago21.tif,/kaggle/input/datasets/sagar100rathod/inria-aerial-image-labeling-dataset/AerialImageDataset/train/gt/chicago21.tif
val_chicago21_512_2048,val,chicago21.tif,chicago,2048,512,512,/kaggle/input/datasets/sagar100rathod/inria-aerial-image-labeling-dataset/AerialImageDataset/train/images/chicago21.tif,/kaggle/input/datasets/sagar100rathod/inria-aerial-image-labeling-dataset/AerialImageDataset/train/gt/chicago21.tif
val_chicago21_512_3584,val,chicago21.tif,chicago,3584,512,512,/kaggle/input/datasets/sagar100rathod/inria-aerial-image-labeling-dataset/AerialImageDataset/train/images/chicago21.tif,/kaggle/input/datasets/sagar100rathod/inria-aerial-image-labeling-dataset/AerialImageDataset/train/gt/chicago21.tif
val_chicago21_1024_3072,val,chicago21.tif,chicago,3072,1024,512,/kaggle/input/datasets/sagar100rathod/inria-aerial-image-labeling-dataset/AerialImageDataset/train/images/chicago21.tif,/kaggle/input/datasets/sagar100rathod/inria-aerial-image-labeling-dataset/AerialImageDataset/train/gt/chicago21.tif
val_chicago21_1024_4096,val,chicago21.tif,chicago,4096,1024,512,/kaggle/input/datasets/sagar100rathod/inria-aerial-image-labeling-dataset/AerialImageDataset/train/images/chicago21.tif,/kaggle/input/datasets/sagar100rathod/inria-aerial-image-labeling-dataset/AerialImageDataset/train/gt/chicago21.tif
val_chicago21_1536_0,val,chicago21.tif,chicago,0,1536,512,/kaggle/input/datasets/sagar100rathod/inria-aerial-image-labeling-dataset/AerialImageDataset/train/images/chicago21.tif,/kaggle/input/datasets/sagar100rathod/inria-aerial-image-labeling-dataset/AerialImageDataset/train/gt/chicago21.tif
val_chicago21_1536_2560,val,chicago21.tif,chicago,2560,1536,512,/kaggle/input/datasets/sagar100rathod/inria-aerial-image-labeling-dataset/AerialImageDataset/train/images/chicago21.tif,/kaggle/input/datasets/sagar100rathod/inria-aerial-image-labeling-dataset/AerialImageDataset/train/gt/chicago21.tif
val_chicago21_2560_1024,val,chicago21.tif,chicago,1024,2560,512,/kaggle/input/datasets/sagar100rathod/inria-aerial-image-labeling-dataset/AerialImageDataset/train/images/chicago21.tif,/kaggle/input/datasets/sagar100rathod/inria-aerial-image-labeling-dataset/AerialImageDataset/train/gt/chicago21.tif
val_chicago21_2560_3072,val,chicago21.tif,chicago,3072,2560,512,/kaggle/input/datasets/sagar100rathod/inria-aerial-image-labeling-dataset/AerialImageDataset/train/images/chicago21.tif,/kaggle/input/datasets/sagar100rathod/inria-aerial-image-labeling-dataset/AerialImageDataset/train/gt/chicago21.tif
val_chicago21_3072_2048,val,chicago21.tif,chicago,2048,3072,512,/kaggle/input/datasets/sagar100rathod/inria-aerial-image-labeling-dataset/AerialImageDataset/train/images/chicago21.tif,/kaggle/input/datasets/sagar100rathod/inria-aerial-image-labeling-dataset/AerialImageDataset/train/gt/chicago21.tif
val_chicago21_3584_1536,val,chicago21.tif,chicago,1536,3584,512,/kaggle/input/datasets/sagar100rathod/inria-aerial-image-labeling-dataset/AerialImageDataset/train/images/chicago21.tif,/kaggle/input/datasets/sagar100rathod/inria-aerial-image-labeling-dataset/AerialImageDataset/train/gt/chicago21.tif
val_chicago21_3584_2560,val,chicago21.tif,chicago,2560,3584,512,/kaggle/input/datasets/sagar100rathod/inria-aerial-image-labeling-dataset/AerialImageDataset/train/images/chicago21.tif,/kaggle/input/datasets/sagar100rathod/inria-aerial-image-labeling-dataset/AerialImageDataset/train/gt/chicago21.tif
val_chicago21_4096_512,val,chicago21.tif,chicago,512,4096,512,/kaggle/input/datasets/sagar100rathod/inria-aerial-image-labeling-dataset/AerialImageDataset/train/images/chicago21.tif,/kaggle/input/datasets/sagar100rathod/inria-aerial-image-labeling-dataset/AerialImageDataset/train/gt/chicago21.tif
val_chicago21_4096_2048,val,chicago21.tif,chicago,2048,4096,512,/kaggle/input/datasets/sagar100rathod/inria-aerial-image-labeling-dataset/AerialImageDataset/train/images/chicago21.tif,/kaggle/input/datasets/sagar100rathod/inria-aerial-image-labeling-dataset/AerialImageDataset/train/gt/chicago21.tif
val_chicago5_0_512,val,chicago5.tif,chicago,512,0,512,/kaggle/input/datasets/sagar100rathod/inria-aerial-image-labeling-dataset/AerialImageDataset/train/images/chicago5.tif,/kaggle/input/datasets/sagar100rathod/inria-aerial-image-labeling-dataset/AerialImageDataset/train/gt/chicago5.tif
val_chicago5_0_3072,val,chicago5.tif,chicago,3072,0,512,/kaggle/input/datasets/sagar100rathod/inria-aerial-image-labeling-dataset/AerialImageDataset/train/images/chicago5.tif,/kaggle/input/datasets/sagar100rathod/inria-aerial-image-labeling-dataset/AerialImageDataset/train/gt/chicago5.tif
val_chicago5_512_0,val,chicago5.tif,chicago,0,512,512,/kaggle/input/datasets/sagar100rathod/inria-aerial-image-labeling-dataset/AerialImageDataset/train/images/chicago5.tif,/kaggle/input/datasets/sagar100rathod/inria-aerial-image-labeling-dataset/AerialImageDataset/train/gt/chicago5.tif
val_chicago5_512_2560,val,chicago5.tif,chicago,2560,512,512,/kaggle/input/datasets/sagar100rathod/inria-aerial-image-labeling-dataset/AerialImageDataset/train/images/chicago5.tif,/kaggle/input/datasets/sagar100rathod/inria-aerial-image-labeling-dataset/AerialImageDataset/train/gt/chicago5.tif
val_chicago5_512_3584,val,chicago5.tif,chicago,3584,512,512,/kaggle/input/datasets/sagar100rathod/inria-aerial-image-labeling-dataset/AerialImageDataset/train/images/chicago5.tif,/kaggle/input/datasets/sagar100rathod/inria-aerial-image-labeling-dataset/AerialImageDataset/train/gt/chicago5.tif
val_chicago5_1024_1024,val,chicago5.tif,chicago,1024,1024,512,/kaggle/input/datasets/sagar100rathod/inria-aerial-image-labeling-dataset/AerialImageDataset/train/images/chicago5.tif,/kaggle/input/datasets/sagar100rathod/inria-aerial-image-labeling-dataset/AerialImageDataset/train/gt/chicago5.tif
val_chicago5_1024_3584,val,chicago5.tif,chicago,3584,1024,512,/kaggle/input/datasets/sagar100rathod/inria-aerial-image-labeling-dataset/AerialImageDataset/train/images/chicago5.tif,/kaggle/input/datasets/sagar100rathod/inria-aerial-image-labeling-dataset/AerialImageDataset/train/gt/chicago5.tif
val_chicago5_1536_2560,val,chicago5.tif,chicago,2560,1536,512,/kaggle/input/datasets/sagar100rathod/inria-aerial-image-labeling-dataset/AerialImageDataset/train/images/chicago5.tif,/kaggle/input/datasets/sagar100rathod/inria-aerial-image-labeling-dataset/AerialImageDataset/train/gt/chicago5.tif
val_chicago5_2048_1536,val,chicago5.tif,chicago,1536,2048,512,/kaggle/input/datasets/sagar100rathod/inria-aerial-image-labeling-dataset/AerialImageDataset/train/images/chicago5.tif,/kaggle/input/datasets/sagar100rathod/inria-aerial-image-labeling-dataset/AerialImageDataset/train/gt/chicago5.tif
val_chicago5_2048_2560,val,chicago5.tif,chicago,2560,2048,512,/kaggle/input/datasets/sagar100rathod/inria-aerial-image-labeling-dataset/AerialImageDataset/train/images/chicago5.tif,/kaggle/input/datasets/sagar100rathod/inria-aerial-image-labeling-dataset/AerialImageDataset/train/gt/chicago5.tif
val_chicago5_2560_4096,val,chicago5.tif,chicago,4096,2560,512,/kaggle/input/datasets/sagar100rathod/inria-aerial-image-labeling-dataset/AerialImageDataset/train/images/chicago5.tif,/kaggle/input/datasets/sagar100rathod/inria-aerial-image-labeling-dataset/AerialImageDataset/train/gt/chicago5.tif
val_chicago5_3072_4096,val,chicago5.tif,chicago,4096,3072,512,/kaggle/input/datasets/sagar100rathod/inria-aerial-image-labeling-dataset/AerialImageDataset/train/images/chicago5.tif,/kaggle/input/datasets/sagar100rathod/inria-aerial-image-labeling-dataset/AerialImageDataset/train/gt/chicago5.tif
val_chicago9_0_0,val,chicago9.tif,chicago,0,0,512,/kaggle/input/datasets/sagar100rathod/inria-aerial-image-labeling-dataset/AerialImageDataset/train/images/chicago9.tif,/kaggle/input/datasets/sagar100rathod/inria-aerial-image-labeling-dataset/AerialImageDataset/train/gt/chicago9.tif
val_chicago9_0_3072,val,chicago9.tif,chicago,3072,0,512,/kaggle/input/datasets/sagar100rathod/inria-aerial-image-labeling-dataset/AerialImageDataset/train/images/chicago9.tif,/kaggle/input/datasets/sagar100rathod/inria-aerial-image-labeling-dataset/AerialImageDataset/train/gt/chicago9.tif
val_chicago9_1024_1536,val,chicago9.tif,chicago,1536,1024,512,/kaggle/input/datasets/sagar100rathod/inria-aerial-image-labeling-dataset/AerialImageDataset/train/images/chicago9.tif,/kaggle/input/datasets/sagar100rathod/inria-aerial-image-labeling-dataset/AerialImageDataset/train/gt/chicago9.tif
val_chicago9_1536_0,val,chicago9.tif,chicago,0,1536,512,/kaggle/input/datasets/sagar100rathod/inria-aerial-image-labeling-dataset/AerialImageDataset/train/images/chicago9.tif,/kaggle/input/datasets/sagar100rathod/inria-aerial-image-labeling-dataset/AerialImageDataset/train/gt/chicago9.tif
val_chicago9_1536_2560,val,chicago9.tif,chicago,2560,1536,512,/kaggle/input/datasets/sagar100rathod/inria-aerial-image-labeling-dataset/AerialImageDataset/train/images/chicago9.tif,/kaggle/input/datasets/sagar100rathod/inria-aerial-image-labeling-dataset/AerialImageDataset/train/gt/chicago9.tif
val_chicago9_2560_2560,val,chicago9.tif,chicago,2560,2560,512,/kaggle/input/datasets/sagar100rathod/inria-aerial-image-labeling-dataset/AerialImageDataset/train/images/chicago9.tif,/kaggle/input/datasets/sagar100rathod/inria-aerial-image-labeling-dataset/AerialImageDataset/train/gt/chicago9.tif
val_chicago9_3072_2048,val,chicago9.tif,chicago,2048,3072,512,/kaggle/input/datasets/sagar100rathod/inria-aerial-image-labeling-dataset/AerialImageDataset/train/images/chicago9.tif,/kaggle/input/datasets/sagar100rathod/inria-aerial-image-labeling-dataset/AerialImageDataset/train/gt/chicago9.tif
val_chicago9_3072_2560,val,chicago9.tif,chicago,2560,3072,512,/kaggle/input/datasets/sagar100rathod/inria-aerial-image-labeling-dataset/AerialImageDataset/train/images/chicago9.tif,/kaggle/input/datasets/sagar100rathod/inria-aerial-image-labeling-dataset/AerialImageDataset/train/gt/chicago9.tif
val_chicago9_3584_2048,val,chicago9.tif,chicago,2048,3584,512,/kaggle/input/datasets/sagar100rathod/inria-aerial-image-labeling-dataset/AerialImageDataset/train/images/chicago9.tif,/kaggle/input/datasets/sagar100rathod/inria-aerial-image-labeling-dataset/AerialImageDataset/train/gt/chicago9.tif
val_chicago9_3584_3584,val,chicago9.tif,chicago,3584,3584,512,/kaggle/input/datasets/sagar100rathod/inria-aerial-image-labeling-dataset/AerialImageDataset/train/images/chicago9.tif,/kaggle/input/datasets/sagar100rathod/inria-aerial-image-labeling-dataset/AerialImageDataset/train/gt/chicago9.tif
val_chicago9_4096_3584,val,chicago9.tif,chicago,3584,4096,512,/kaggle/input/datasets/sagar100rathod/inria-aerial-image-labeling-dataset/AerialImageDataset/train/images/chicago9.tif,/kaggle/input/datasets/sagar100rathod/inria-aerial-image-labeling-dataset/AerialImageDataset/train/gt/chicago9.tif
val_kitsap12_0_0,val,kitsap12.tif,kitsap,0,0,512,/kaggle/input/datasets/sagar100rathod/inria-aerial-image-labeling-dataset/AerialImageDataset/train/images/kitsap12.tif,/kaggle/input/datasets/sagar100rathod/inria-aerial-image-labeling-dataset/AerialImageDataset/train/gt/kitsap12.tif
val_kitsap12_512_512,val,kitsap12.tif,kitsap,512,512,512,/kaggle/input/datasets/sagar100rathod/inria-aerial-image-labeling-dataset/AerialImageDataset/train/images/kitsap12.tif,/kaggle/input/datasets/sagar100rathod/inria-aerial-image-labeling-dataset/AerialImageDataset/train/gt/kitsap12.tif
val_kitsap12_1024_512,val,kitsap12.tif,kitsap,512,1024,512,/kaggle/input/datasets/sagar100rathod/inria-aerial-image-labeling-dataset/AerialImageDataset/train/images/kitsap12.tif,/kaggle/input/datasets/sagar100rathod/inria-aerial-image-labeling-dataset/AerialImageDataset/train/gt/kitsap12.tif
val_kitsap12_2048_2048,val,kitsap12.tif,kitsap,2048,2048,512,/kaggle/input/datasets/sagar100rathod/inria-aerial-image-labeling-dataset/AerialImageDataset/train/images/kitsap12.tif,/kaggle/input/datasets/sagar100rathod/inria-aerial-image-labeling-dataset/AerialImageDataset/train/gt/kitsap12.tif
val_kitsap12_2560_2560,val,kitsap12.tif,kitsap,2560,2560,512,/kaggle/input/datasets/sagar100rathod/inria-aerial-image-labeling-dataset/AerialImageDataset/train/images/kitsap12.tif,/kaggle/input/datasets/sagar100rathod/inria-aerial-image-labeling-dataset/AerialImageDataset/train/gt/kitsap12.tif
val_kitsap12_2560_3072,val,kitsap12.tif,kitsap,3072,2560,512,/kaggle/input/datasets/sagar100rathod/inria-aerial-image-labeling-dataset/AerialImageDataset/train/images/kitsap12.tif,/kaggle/input/datasets/sagar100rathod/inria-aerial-image-labeling-dataset/AerialImageDataset/train/gt/kitsap12.tif
val_kitsap12_2560_4096,val,kitsap12.tif,kitsap,4096,2560,512,/kaggle/input/datasets/sagar100rathod/inria-aerial-image-labeling-dataset/AerialImageDataset/train/images/kitsap12.tif,/kaggle/input/datasets/sagar100rathod/inria-aerial-image-labeling-dataset/AerialImageDataset/train/gt/kitsap12.tif
val_kitsap12_3072_1536,val,kitsap12.tif,kitsap,1536,3072,512,/kaggle/input/datasets/sagar100rathod/inria-aerial-image-labeling-dataset/AerialImageDataset/train/images/kitsap12.tif,/kaggle/input/datasets/sagar100rathod/inria-aerial-image-labeling-dataset/AerialImageDataset/train/gt/kitsap12.tif
val_kitsap12_3584_3072,val,kitsap12.tif,kitsap,3072,3584,512,/kaggle/input/datasets/sagar100rathod/inria-aerial-image-labeling-dataset/AerialImageDataset/train/images/kitsap12.tif,/kaggle/input/datasets/sagar100rathod/inria-aerial-image-labeling-dataset/AerialImageDataset/train/gt/kitsap12.tif
val_kitsap12_3584_3584,val,kitsap12.tif,kitsap,3584,3584,512,/kaggle/input/datasets/sagar100rathod/inria-aerial-image-labeling-dataset/AerialImageDataset/train/images/kitsap12.tif,/kaggle/input/datasets/sagar100rathod/inria-aerial-image-labeling-dataset/AerialImageDataset/train/gt/kitsap12.tif
val_kitsap12_3584_4096,val,kitsap12.tif,kitsap,4096,3584,512,/kaggle/input/datasets/sagar100rathod/inria-aerial-image-labeling-dataset/AerialImageDataset/train/images/kitsap12.tif,/kaggle/input/datasets/sagar100rathod/inria-aerial-image-labeling-dataset/AerialImageDataset/train/gt/kitsap12.tif
val_kitsap20_0_0,val,kitsap20.tif,kitsap,0,0,512,/kaggle/input/datasets/sagar100rathod/inria-aerial-image-labeling-dataset/AerialImageDataset/train/images/kitsap20.tif,/kaggle/input/datasets/sagar100rathod/inria-aerial-image-labeling-dataset/AerialImageDataset/train/gt/kitsap20.tif
val_kitsap20_512_3072,val,kitsap20.tif,kitsap,3072,512,512,/kaggle/input/datasets/sagar100rathod/inria-aerial-image-labeling-dataset/AerialImageDataset/train/images/kitsap20.tif,/kaggle/input/datasets/sagar100rathod/inria-aerial-image-labeling-dataset/AerialImageDataset/train/gt/kitsap20.tif
val_kitsap20_1024_2560,val,kitsap20.tif,kitsap,2560,1024,512,/kaggle/input/datasets/sagar100rathod/inria-aerial-image-labeling-dataset/AerialImageDataset/train/images/kitsap20.tif,/kaggle/input/datasets/sagar100rathod/inria-aerial-image-labeling-dataset/AerialImageDataset/train/gt/kitsap20.tif
val_kitsap20_1536_3072,val,kitsap20.tif,kitsap,3072,1536,512,/kaggle/input/datasets/sagar100rathod/inria-aerial-image-labeling-dataset/AerialImageDataset/train/images/kitsap20.tif,/kaggle/input/datasets/sagar100rathod/inria-aerial-image-labeling-dataset/AerialImageDataset/train/gt/kitsap20.tif
val_kitsap20_1536_4096,val,kitsap20.tif,kitsap,4096,1536,512,/kaggle/input/datasets/sagar100rathod/inria-aerial-image-labeling-dataset/AerialImageDataset/train/images/kitsap20.tif,/kaggle/input/datasets/sagar100rathod/inria-aerial-image-labeling-dataset/AerialImageDataset/train/gt/kitsap20.tif
val_kitsap20_2048_1024,val,kitsap20.tif,kitsap,1024,2048,512,/kaggle/input/datasets/sagar100rathod/inria-aerial-image-labeling-dataset/AerialImageDataset/train/images/kitsap20.tif,/kaggle/input/datasets/sagar100rathod/inria-aerial-image-labeling-dataset/AerialImageDataset/train/gt/kitsap20.tif
val_kitsap20_2048_1536,val,kitsap20.tif,kitsap,1536,2048,512,/kaggle/input/datasets/sagar100rathod/inria-aerial-image-labeling-dataset/AerialImageDataset/train/images/kitsap20.tif,/kaggle/input/datasets/sagar100rathod/inria-aerial-image-labeling-dataset/AerialImageDataset/train/gt/kitsap20.tif
val_kitsap20_4096_512,val,kitsap20.tif,kitsap,512,4096,512,/kaggle/input/datasets/sagar100rathod/inria-aerial-image-labeling-dataset/AerialImageDataset/train/images/kitsap20.tif,/kaggle/input/datasets/sagar100rathod/inria-aerial-image-labeling-dataset/AerialImageDataset/train/gt/kitsap20.tif
val_kitsap22_512_2048,val,kitsap22.tif,kitsap,2048,512,512,/kaggle/input/datasets/sagar100rathod/inria-aerial-image-labeling-dataset/AerialImageDataset/train/images/kitsap22.tif,/kaggle/input/datasets/sagar100rathod/inria-aerial-image-labeling-dataset/AerialImageDataset/train/gt/kitsap22.tif
val_kitsap22_1536_0,val,kitsap22.tif,kitsap,0,1536,512,/kaggle/input/datasets/sagar100rathod/inria-aerial-image-labeling-dataset/AerialImageDataset/train/images/kitsap22.tif,/kaggle/input/datasets/sagar100rathod/inria-aerial-image-labeling-dataset/AerialImageDataset/train/gt/kitsap22.tif
val_kitsap22_1536_2560,val,kitsap22.tif,kitsap,2560,1536,512,/kaggle/input/datasets/sagar100rathod/inria-aerial-image-labeling-dataset/AerialImageDataset/train/images/kitsap22.tif,/kaggle/input/datasets/sagar100rathod/inria-aerial-image-labeling-dataset/AerialImageDataset/train/gt/kitsap22.tif
val_kitsap22_2048_0,val,kitsap22.tif,kitsap,0,2048,512,/kaggle/input/datasets/sagar100rathod/inria-aerial-image-labeling-dataset/AerialImageDataset/train/images/kitsap22.tif,/kaggle/input/datasets/sagar100rathod/inria-aerial-image-labeling-dataset/AerialImageDataset/train/gt/kitsap22.tif
val_kitsap22_2048_3584,val,kitsap22.tif,kitsap,3584,2048,512,/kaggle/input/datasets/sagar100rathod/inria-aerial-image-labeling-dataset/AerialImageDataset/train/images/kitsap22.tif,/kaggle/input/datasets/sagar100rathod/inria-aerial-image-labeling-dataset/AerialImageDataset/train/gt/kitsap22.tif
val_kitsap22_2560_1024,val,kitsap22.tif,kitsap,1024,2560,512,/kaggle/input/datasets/sagar100rathod/inria-aerial-image-labeling-dataset/AerialImageDataset/train/images/kitsap22.tif,/kaggle/input/datasets/sagar100rathod/inria-aerial-image-labeling-dataset/AerialImageDataset/train/gt/kitsap22.tif
val_kitsap22_2560_3072,val,kitsap22.tif,kitsap,3072,2560,512,/kaggle/input/datasets/sagar100rathod/inria-aerial-image-labeling-dataset/AerialImageDataset/train/images/kitsap22.tif,/kaggle/input/datasets/sagar100rathod/inria-aerial-image-labeling-dataset/AerialImageDataset/train/gt/kitsap22.tif
val_kitsap22_3072_3072,val,kitsap22.tif,kitsap,3072,3072,512,/kaggle/input/datasets/sagar100rathod/inria-aerial-image-labeling-dataset/AerialImageDataset/train/images/kitsap22.tif,/kaggle/input/datasets/sagar100rathod/inria-aerial-image-labeling-dataset/AerialImageDataset/train/gt/kitsap22.tif
val_kitsap22_3584_2560,val,kitsap22.tif,kitsap,2560,3584,512,/kaggle/input/datasets/sagar100rathod/inria-aerial-image-labeling-dataset/AerialImageDataset/train/images/kitsap22.tif,/kaggle/input/datasets/sagar100rathod/inria-aerial-image-labeling-dataset/AerialImageDataset/train/gt/kitsap22.tif
val_kitsap22_3584_4096,val,kitsap22.tif,kitsap,4096,3584,512,/kaggle/input/datasets/sagar100rathod/inria-aerial-image-labeling-dataset/AerialImageDataset/train/images/kitsap22.tif,/kaggle/input/datasets/sagar100rathod/inria-aerial-image-labeling-dataset/AerialImageDataset/train/gt/kitsap22.tif
val_kitsap22_4096_512,val,kitsap22.tif,kitsap,512,4096,512,/kaggle/input/datasets/sagar100rathod/inria-aerial-image-labeling-dataset/AerialImageDataset/train/images/kitsap22.tif,/kaggle/input/datasets/sagar100rathod/inria-aerial-image-labeling-dataset/AerialImageDataset/train/gt/kitsap22.tif
val_kitsap23_0_2560,val,kitsap23.tif,kitsap,2560,0,512,/kaggle/input/datasets/sagar100rathod/inria-aerial-image-labeling-dataset/AerialImageDataset/train/images/kitsap23.tif,/kaggle/input/datasets/sagar100rathod/inria-aerial-image-labeling-dataset/AerialImageDataset/train/gt/kitsap23.tif
val_kitsap23_0_3584,val,kitsap23.tif,kitsap,3584,0,512,/kaggle/input/datasets/sagar100rathod/inria-aerial-image-labeling-dataset/AerialImageDataset/train/images/kitsap23.tif,/kaggle/input/datasets/sagar100rathod/inria-aerial-image-labeling-dataset/AerialImageDataset/train/gt/kitsap23.tif
val_kitsap23_512_0,val,kitsap23.tif,kitsap,0,512,512,/kaggle/input/datasets/sagar100rathod/inria-aerial-image-labeling-dataset/AerialImageDataset/train/images/kitsap23.tif,/kaggle/input/datasets/sagar100rathod/inria-aerial-image-labeling-dataset/AerialImageDataset/train/gt/kitsap23.tif
val_kitsap23_1024_0,val,kitsap23.tif,kitsap,0,1024,512,/kaggle/input/datasets/sagar100rathod/inria-aerial-image-labeling-dataset/AerialImageDataset/train/images/kitsap23.tif,/kaggle/input/datasets/sagar100rathod/inria-aerial-image-labeling-dataset/AerialImageDataset/train/gt/kitsap23.tif
val_kitsap23_1024_2048,val,kitsap23.tif,kitsap,2048,1024,512,/kaggle/input/datasets/sagar100rathod/inria-aerial-image-labeling-dataset/AerialImageDataset/train/images/kitsap23.tif,/kaggle/input/datasets/sagar100rathod/inria-aerial-image-labeling-dataset/AerialImageDataset/train/gt/kitsap23.tif
val_kitsap23_1536_512,val,kitsap23.tif,kitsap,512,1536,512,/kaggle/input/datasets/sagar100rathod/inria-aerial-image-labeling-dataset/AerialImageDataset/train/images/kitsap23.tif,/kaggle/input/datasets/sagar100rathod/inria-aerial-image-labeling-dataset/AerialImageDataset/train/gt/kitsap23.tif
val_kitsap23_1536_1024,val,kitsap23.tif,kitsap,1024,1536,512,/kaggle/input/datasets/sagar100rathod/inria-aerial-image-labeling-dataset/AerialImageDataset/train/images/kitsap23.tif,/kaggle/input/datasets/sagar100rathod/inria-aerial-image-labeling-dataset/AerialImageDataset/train/gt/kitsap23.tif
val_kitsap23_1536_2560,val,kitsap23.tif,kitsap,2560,1536,512,/kaggle/input/datasets/sagar100rathod/inria-aerial-image-labeling-dataset/AerialImageDataset/train/images/kitsap23.tif,/kaggle/input/datasets/sagar100rathod/inria-aerial-image-labeling-dataset/AerialImageDataset/train/gt/kitsap23.tif
val_kitsap23_1536_4096,val,kitsap23.tif,kitsap,4096,1536,512,/kaggle/input/datasets/sagar100rathod/inria-aerial-image-labeling-dataset/AerialImageDataset/train/images/kitsap23.tif,/kaggle/input/datasets/sagar100rathod/inria-aerial-image-labeling-dataset/AerialImageDataset/train/gt/kitsap23.tif
val_kitsap23_2560_1024,val,kitsap23.tif,kitsap,1024,2560,512,/kaggle/input/datasets/sagar100rathod/inria-aerial-image-labeling-dataset/AerialImageDataset/train/images/kitsap23.tif,/kaggle/input/datasets/sagar100rathod/inria-aerial-image-labeling-dataset/AerialImageDataset/train/gt/kitsap23.tif
val_kitsap23_3072_1024,val,kitsap23.tif,kitsap,1024,3072,512,/kaggle/input/datasets/sagar100rathod/inria-aerial-image-labeling-dataset/AerialImageDataset/train/images/kitsap23.tif,/kaggle/input/datasets/sagar100rathod/inria-aerial-image-labeling-dataset/AerialImageDataset/train/gt/kitsap23.tif
val_kitsap23_3072_2048,val,kitsap23.tif,kitsap,2048,3072,512,/kaggle/input/datasets/sagar100rathod/inria-aerial-image-labeling-dataset/AerialImageDataset/train/images/kitsap23.tif,/kaggle/input/datasets/sagar100rathod/inria-aerial-image-labeling-dataset/AerialImageDataset/train/gt/kitsap23.tif
val_kitsap23_3072_2560,val,kitsap23.tif,kitsap,2560,3072,512,/kaggle/input/datasets/sagar100rathod/inria-aerial-image-labeling-dataset/AerialImageDataset/train/images/kitsap23.tif,/kaggle/input/datasets/sagar100rathod/inria-aerial-image-labeling-dataset/AerialImageDataset/train/gt/kitsap23.tif
val_kitsap23_3072_3584,val,kitsap23.tif,kitsap,3584,3072,512,/kaggle/input/datasets/sagar100rathod/inria-aerial-image-labeling-dataset/AerialImageDataset/train/images/kitsap23.tif,/kaggle/input/datasets/sagar100rathod/inria-aerial-image-labeling-dataset/AerialImageDataset/train/gt/kitsap23.tif
val_kitsap23_4096_1024,val,kitsap23.tif,kitsap,1024,4096,512,/kaggle/input/datasets/sagar100rathod/inria-aerial-image-labeling-dataset/AerialImageDataset/train/images/kitsap23.tif,/kaggle/input/datasets/sagar100rathod/inria-aerial-image-labeling-dataset/AerialImageDataset/train/gt/kitsap23.tif
val_kitsap23_4096_3072,val,kitsap23.tif,kitsap,3072,4096,512,/kaggle/input/datasets/sagar100rathod/inria-aerial-image-labeling-dataset/AerialImageDataset/train/images/kitsap23.tif,/kaggle/input/datasets/sagar100rathod/inria-aerial-image-labeling-dataset/AerialImageDataset/train/gt/kitsap23.tif
val_kitsap24_0_512,val,kitsap24.tif,kitsap,512,0,512,/kaggle/input/datasets/sagar100rathod/inria-aerial-image-labeling-dataset/AerialImageDataset/train/images/kitsap24.tif,/kaggle/input/datasets/sagar100rathod/inria-aerial-image-labeling-dataset/AerialImageDataset/train/gt/kitsap24.tif
val_kitsap24_512_512,val,kitsap24.tif,kitsap,512,512,512,/kaggle/input/datasets/sagar100rathod/inria-aerial-image-labeling-dataset/AerialImageDataset/train/images/kitsap24.tif,/kaggle/input/datasets/sagar100rathod/inria-aerial-image-labeling-dataset/AerialImageDataset/train/gt/kitsap24.tif
val_kitsap24_512_1536,val,kitsap24.tif,kitsap,1536,512,512,/kaggle/input/datasets/sagar100rathod/inria-aerial-image-labeling-dataset/AerialImageDataset/train/images/kitsap24.tif,/kaggle/input/datasets/sagar100rathod/inria-aerial-image-labeling-dataset/AerialImageDataset/train/gt/kitsap24.tif
val_kitsap24_2048_2048,val,kitsap24.tif,kitsap,2048,2048,512,/kaggle/input/datasets/sagar100rathod/inria-aerial-image-labeling-dataset/AerialImageDataset/train/images/kitsap24.tif,/kaggle/input/datasets/sagar100rathod/inria-aerial-image-labeling-dataset/AerialImageDataset/train/gt/kitsap24.tif
val_kitsap24_2048_2560,val,kitsap24.tif,kitsap,2560,2048,512,/kaggle/input/datasets/sagar100rathod/inria-aerial-image-labeling-dataset/AerialImageDataset/train/images/kitsap24.tif,/kaggle/input/datasets/sagar100rathod/inria-aerial-image-labeling-dataset/AerialImageDataset/train/gt/kitsap24.tif
val_kitsap24_2560_1536,val,kitsap24.tif,kitsap,1536,2560,512,/kaggle/input/datasets/sagar100rathod/inria-aerial-image-labeling-dataset/AerialImageDataset/train/images/kitsap24.tif,/kaggle/input/datasets/sagar100rathod/inria-aerial-image-labeling-dataset/AerialImageDataset/train/gt/kitsap24.tif
val_kitsap24_2560_4096,val,kitsap24.tif,kitsap,4096,2560,512,/kaggle/input/datasets/sagar100rathod/inria-aerial-image-labeling-dataset/AerialImageDataset/train/images/kitsap24.tif,/kaggle/input/datasets/sagar100rathod/inria-aerial-image-labeling-dataset/AerialImageDataset/train/gt/kitsap24.tif
val_kitsap24_3072_2560,val,kitsap24.tif,kitsap,2560,3072,512,/kaggle/input/datasets/sagar100rathod/inria-aerial-image-labeling-dataset/AerialImageDataset/train/images/kitsap24.tif,/kaggle/input/datasets/sagar100rathod/inria-aerial-image-labeling-dataset/AerialImageDataset/train/gt/kitsap24.tif
val_kitsap24_3584_1024,val,kitsap24.tif,kitsap,1024,3584,512,/kaggle/input/datasets/sagar100rathod/inria-aerial-image-labeling-dataset/AerialImageDataset/train/images/kitsap24.tif,/kaggle/input/datasets/sagar100rathod/inria-aerial-image-labeling-dataset/AerialImageDataset/train/gt/kitsap24.tif
val_kitsap24_3584_1536,val,kitsap24.tif,kitsap,1536,3584,512,/kaggle/input/datasets/sagar100rathod/inria-aerial-image-labeling-dataset/AerialImageDataset/train/images/kitsap24.tif,/kaggle/input/datasets/sagar100rathod/inria-aerial-image-labeling-dataset/AerialImageDataset/train/gt/kitsap24.tif
val_kitsap24_4096_2048,val,kitsap24.tif,kitsap,2048,4096,512,/kaggle/input/datasets/sagar100rathod/inria-aerial-image-labeling-dataset/AerialImageDataset/train/images/kitsap24.tif,/kaggle/input/datasets/sagar100rathod/inria-aerial-image-labeling-dataset/AerialImageDataset/train/gt/kitsap24.tif
val_kitsap24_4096_4096,val,kitsap24.tif,kitsap,4096,4096,512,/kaggle/input/datasets/sagar100rathod/inria-aerial-image-labeling-dataset/AerialImageDataset/train/images/kitsap24.tif,/kaggle/input/datasets/sagar100rathod/inria-aerial-image-labeling-dataset/AerialImageDataset/train/gt/kitsap24.tif
val_kitsap27_512_1024,val,kitsap27.tif,kitsap,1024,512,512,/kaggle/input/datasets/sagar100rathod/inria-aerial-image-labeling-dataset/AerialImageDataset/train/images/kitsap27.tif,/kaggle/input/datasets/sagar100rathod/inria-aerial-image-labeling-dataset/AerialImageDataset/train/gt/kitsap27.tif
val_kitsap27_512_1536,val,kitsap27.tif,kitsap,1536,512,512,/kaggle/input/datasets/sagar100rathod/inria-aerial-image-labeling-dataset/AerialImageDataset/train/images/kitsap27.tif,/kaggle/input/datasets/sagar100rathod/inria-aerial-image-labeling-dataset/AerialImageDataset/train/gt/kitsap27.tif
val_kitsap27_512_2560,val,kitsap27.tif,kitsap,2560,512,512,/kaggle/input/datasets/sagar100rathod/inria-aerial-image-labeling-dataset/AerialImageDataset/train/images/kitsap27.tif,/kaggle/input/datasets/sagar100rathod/inria-aerial-image-labeling-dataset/AerialImageDataset/train/gt/kitsap27.tif
val_kitsap27_1536_512,val,kitsap27.tif,kitsap,512,1536,512,/kaggle/input/datasets/sagar100rathod/inria-aerial-image-labeling-dataset/AerialImageDataset/train/images/kitsap27.tif,/kaggle/input/datasets/sagar100rathod/inria-aerial-image-labeling-dataset/AerialImageDataset/train/gt/kitsap27.tif
val_kitsap27_1536_2560,val,kitsap27.tif,kitsap,2560,1536,512,/kaggle/input/datasets/sagar100rathod/inria-aerial-image-labeling-dataset/AerialImageDataset/train/images/kitsap27.tif,/kaggle/input/datasets/sagar100rathod/inria-aerial-image-labeling-dataset/AerialImageDataset/train/gt/kitsap27.tif
val_kitsap27_1536_3584,val,kitsap27.tif,kitsap,3584,1536,512,/kaggle/input/datasets/sagar100rathod/inria-aerial-image-labeling-dataset/AerialImageDataset/train/images/kitsap27.tif,/kaggle/input/datasets/sagar100rathod/inria-aerial-image-labeling-dataset/AerialImageDataset/train/gt/kitsap27.tif
val_kitsap27_2048_1536,val,kitsap27.tif,kitsap,1536,2048,512,/kaggle/input/datasets/sagar100rathod/inria-aerial-image-labeling-dataset/AerialImageDataset/train/images/kitsap27.tif,/kaggle/input/datasets/sagar100rathod/inria-aerial-image-labeling-dataset/AerialImageDataset/train/gt/kitsap27.tif
val_kitsap27_2048_3584,val,kitsap27.tif,kitsap,3584,2048,512,/kaggle/input/datasets/sagar100rathod/inria-aerial-image-labeling-dataset/AerialImageDataset/train/images/kitsap27.tif,/kaggle/input/datasets/sagar100rathod/inria-aerial-image-labeling-dataset/AerialImageDataset/train/gt/kitsap27.tif
val_kitsap27_2048_4096,val,kitsap27.tif,kitsap,4096,2048,512,/kaggle/input/datasets/sagar100rathod/inria-aerial-image-labeling-dataset/AerialImageDataset/train/images/kitsap27.tif,/kaggle/input/datasets/sagar100rathod/inria-aerial-image-labeling-dataset/AerialImageDataset/train/gt/kitsap27.tif
val_kitsap27_2560_1024,val,kitsap27.tif,kitsap,1024,2560,512,/kaggle/input/datasets/sagar100rathod/inria-aerial-image-labeling-dataset/AerialImageDataset/train/images/kitsap27.tif,/kaggle/input/datasets/sagar100rathod/inria-aerial-image-labeling-dataset/AerialImageDataset/train/gt/kitsap27.tif
val_kitsap27_2560_1536,val,kitsap27.tif,kitsap,1536,2560,512,/kaggle/input/datasets/sagar100rathod/inria-aerial-image-labeling-dataset/AerialImageDataset/train/images/kitsap27.tif,/kaggle/input/datasets/sagar100rathod/inria-aerial-image-labeling-dataset/AerialImageDataset/train/gt/kitsap27.tif
val_kitsap27_2560_3584,val,kitsap27.tif,kitsap,3584,2560,512,/kaggle/input/datasets/sagar100rathod/inria-aerial-image-labeling-dataset/AerialImageDataset/train/images/kitsap27.tif,/kaggle/input/datasets/sagar100rathod/inria-aerial-image-labeling-dataset/AerialImageDataset/train/gt/kitsap27.tif
val_kitsap27_3072_512,val,kitsap27.tif,kitsap,512,3072,512,/kaggle/input/datasets/sagar100rathod/inria-aerial-image-labeling-dataset/AerialImageDataset/train/images/kitsap27.tif,/kaggle/input/datasets/sagar100rathod/inria-aerial-image-labeling-dataset/AerialImageDataset/train/gt/kitsap27.tif
val_kitsap27_3072_1536,val,kitsap27.tif,kitsap,1536,3072,512,/kaggle/input/datasets/sagar100rathod/inria-aerial-image-labeling-dataset/AerialImageDataset/train/images/kitsap27.tif,/kaggle/input/datasets/sagar100rathod/inria-aerial-image-labeling-dataset/AerialImageDataset/train/gt/kitsap27.tif
val_kitsap27_3072_2560,val,kitsap27.tif,kitsap,2560,3072,512,/kaggle/input/datasets/sagar100rathod/inria-aerial-image-labeling-dataset/AerialImageDataset/train/images/kitsap27.tif,/kaggle/input/datasets/sagar100rathod/inria-aerial-image-labeling-dataset/AerialImageDataset/train/gt/kitsap27.tif
val_kitsap27_3584_1536,val,kitsap27.tif,kitsap,1536,3584,512,/kaggle/input/datasets/sagar100rathod/inria-aerial-image-labeling-dataset/AerialImageDataset/train/images/kitsap27.tif,/kaggle/input/datasets/sagar100rathod/inria-aerial-image-labeling-dataset/AerialImageDataset/train/gt/kitsap27.tif
val_kitsap27_4096_0,val,kitsap27.tif,kitsap,0,4096,512,/kaggle/input/datasets/sagar100rathod/inria-aerial-image-labeling-dataset/AerialImageDataset/train/images/kitsap27.tif,/kaggle/input/datasets/sagar100rathod/inria-aerial-image-labeling-dataset/AerialImageDataset/train/gt/kitsap27.tif
val_kitsap27_4096_1024,val,kitsap27.tif,kitsap,1024,4096,512,/kaggle/input/datasets/sagar100rathod/inria-aerial-image-labeling-dataset/AerialImageDataset/train/images/kitsap27.tif,/kaggle/input/datasets/sagar100rathod/inria-aerial-image-labeling-dataset/AerialImageDataset/train/gt/kitsap27.tif
val_kitsap28_0_1024,val,kitsap28.tif,kitsap,1024,0,512,/kaggle/input/datasets/sagar100rathod/inria-aerial-image-labeling-dataset/AerialImageDataset/train/images/kitsap28.tif,/kaggle/input/datasets/sagar100rathod/inria-aerial-image-labeling-dataset/AerialImageDataset/train/gt/kitsap28.tif
val_kitsap28_0_3072,val,kitsap28.tif,kitsap,3072,0,512,/kaggle/input/datasets/sagar100rathod/inria-aerial-image-labeling-dataset/AerialImageDataset/train/images/kitsap28.tif,/kaggle/input/datasets/sagar100rathod/inria-aerial-image-labeling-dataset/AerialImageDataset/train/gt/kitsap28.tif
val_kitsap28_2560_2048,val,kitsap28.tif,kitsap,2048,2560,512,/kaggle/input/datasets/sagar100rathod/inria-aerial-image-labeling-dataset/AerialImageDataset/train/images/kitsap28.tif,/kaggle/input/datasets/sagar100rathod/inria-aerial-image-labeling-dataset/AerialImageDataset/train/gt/kitsap28.tif
val_kitsap28_2560_2560,val,kitsap28.tif,kitsap,2560,2560,512,/kaggle/input/datasets/sagar100rathod/inria-aerial-image-labeling-dataset/AerialImageDataset/train/images/kitsap28.tif,/kaggle/input/datasets/sagar100rathod/inria-aerial-image-labeling-dataset/AerialImageDataset/train/gt/kitsap28.tif
val_kitsap28_2560_3072,val,kitsap28.tif,kitsap,3072,2560,512,/kaggle/input/datasets/sagar100rathod/inria-aerial-image-labeling-dataset/AerialImageDataset/train/images/kitsap28.tif,/kaggle/input/datasets/sagar100rathod/inria-aerial-image-labeling-dataset/AerialImageDataset/train/gt/kitsap28.tif
val_kitsap28_2560_3584,val,kitsap28.tif,kitsap,3584,2560,512,/kaggle/input/datasets/sagar100rathod/inria-aerial-image-labeling-dataset/AerialImageDataset/train/images/kitsap28.tif,/kaggle/input/datasets/sagar100rathod/inria-aerial-image-labeling-dataset/AerialImageDataset/train/gt/kitsap28.tif
val_kitsap28_3072_0,val,kitsap28.tif,kitsap,0,3072,512,/kaggle/input/datasets/sagar100rathod/inria-aerial-image-labeling-dataset/AerialImageDataset/train/images/kitsap28.tif,/kaggle/input/datasets/sagar100rathod/inria-aerial-image-labeling-dataset/AerialImageDataset/train/gt/kitsap28.tif
val_kitsap28_3072_512,val,kitsap28.tif,kitsap,512,3072,512,/kaggle/input/datasets/sagar100rathod/inria-aerial-image-labeling-dataset/AerialImageDataset/train/images/kitsap28.tif,/kaggle/input/datasets/sagar100rathod/inria-aerial-image-labeling-dataset/AerialImageDataset/train/gt/kitsap28.tif
val_kitsap28_3584_3072,val,kitsap28.tif,kitsap,3072,3584,512,/kaggle/input/datasets/sagar100rathod/inria-aerial-image-labeling-dataset/AerialImageDataset/train/images/kitsap28.tif,/kaggle/input/datasets/sagar100rathod/inria-aerial-image-labeling-dataset/AerialImageDataset/train/gt/kitsap28.tif
val_kitsap31_512_2048,val,kitsap31.tif,kitsap,2048,512,512,/kaggle/input/datasets/sagar100rathod/inria-aerial-image-labeling-dataset/AerialImageDataset/train/images/kitsap31.tif,/kaggle/input/datasets/sagar100rathod/inria-aerial-image-labeling-dataset/AerialImageDataset/train/gt/kitsap31.tif
val_kitsap31_512_3072,val,kitsap31.tif,kitsap,3072,512,512,/kaggle/input/datasets/sagar100rathod/inria-aerial-image-labeling-dataset/AerialImageDataset/train/images/kitsap31.tif,/kaggle/input/datasets/sagar100rathod/inria-aerial-image-labeling-dataset/AerialImageDataset/train/gt/kitsap31.tif
val_kitsap31_1024_4096,val,kitsap31.tif,kitsap,4096,1024,512,/kaggle/input/datasets/sagar100rathod/inria-aerial-image-labeling-dataset/AerialImageDataset/train/images/kitsap31.tif,/kaggle/input/datasets/sagar100rathod/inria-aerial-image-labeling-dataset/AerialImageDataset/train/gt/kitsap31.tif
val_kitsap31_2560_0,val,kitsap31.tif,kitsap,0,2560,512,/kaggle/input/datasets/sagar100rathod/inria-aerial-image-labeling-dataset/AerialImageDataset/train/images/kitsap31.tif,/kaggle/input/datasets/sagar100rathod/inria-aerial-image-labeling-dataset/AerialImageDataset/train/gt/kitsap31.tif
val_kitsap31_2560_3072,val,kitsap31.tif,kitsap,3072,2560,512,/kaggle/input/datasets/sagar100rathod/inria-aerial-image-labeling-dataset/AerialImageDataset/train/images/kitsap31.tif,/kaggle/input/datasets/sagar100rathod/inria-aerial-image-labeling-dataset/AerialImageDataset/train/gt/kitsap31.tif
val_kitsap31_3072_0,val,kitsap31.tif,kitsap,0,3072,512,/kaggle/input/datasets/sagar100rathod/inria-aerial-image-labeling-dataset/AerialImageDataset/train/images/kitsap31.tif,/kaggle/input/datasets/sagar100rathod/inria-aerial-image-labeling-dataset/AerialImageDataset/train/gt/kitsap31.tif
val_kitsap31_3072_2560,val,kitsap31.tif,kitsap,2560,3072,512,/kaggle/input/datasets/sagar100rathod/inria-aerial-image-labeling-dataset/AerialImageDataset/train/images/kitsap31.tif,/kaggle/input/datasets/sagar100rathod/inria-aerial-image-labeling-dataset/AerialImageDataset/train/gt/kitsap31.tif
val_kitsap31_3584_2048,val,kitsap31.tif,kitsap,2048,3584,512,/kaggle/input/datasets/sagar100rathod/inria-aerial-image-labeling-dataset/AerialImageDataset/train/images/kitsap31.tif,/kaggle/input/datasets/sagar100rathod/inria-aerial-image-labeling-dataset/AerialImageDataset/train/gt/kitsap31.tif
val_kitsap31_3584_2560,val,kitsap31.tif,kitsap,2560,3584,512,/kaggle/input/datasets/sagar100rathod/inria-aerial-image-labeling-dataset/AerialImageDataset/train/images/kitsap31.tif,/kaggle/input/datasets/sagar100rathod/inria-aerial-image-labeling-dataset/AerialImageDataset/train/gt/kitsap31.tif
val_kitsap32_0_1536,val,kitsap32.tif,kitsap,1536,0,512,/kaggle/input/datasets/sagar100rathod/inria-aerial-image-labeling-dataset/AerialImageDataset/train/images/kitsap32.tif,/kaggle/input/datasets/sagar100rathod/inria-aerial-image-labeling-dataset/AerialImageDataset/train/gt/kitsap32.tif
val_kitsap32_1024_2560,val,kitsap32.tif,kitsap,2560,1024,512,/kaggle/input/datasets/sagar100rathod/inria-aerial-image-labeling-dataset/AerialImageDataset/train/images/kitsap32.tif,/kaggle/input/datasets/sagar100rathod/inria-aerial-image-labeling-dataset/AerialImageDataset/train/gt/kitsap32.tif
val_kitsap32_1536_2560,val,kitsap32.tif,kitsap,2560,1536,512,/kaggle/input/datasets/sagar100rathod/inria-aerial-image-labeling-dataset/AerialImageDataset/train/images/kitsap32.tif,/kaggle/input/datasets/sagar100rathod/inria-aerial-image-labeling-dataset/AerialImageDataset/train/gt/kitsap32.tif
val_kitsap32_2560_1536,val,kitsap32.tif,kitsap,1536,2560,512,/kaggle/input/datasets/sagar100rathod/inria-aerial-image-labeling-dataset/AerialImageDataset/train/images/kitsap32.tif,/kaggle/input/datasets/sagar100rathod/inria-aerial-image-labeling-dataset/AerialImageDataset/train/gt/kitsap32.tif
val_kitsap32_2560_4096,val,kitsap32.tif,kitsap,4096,2560,512,/kaggle/input/datasets/sagar100rathod/inria-aerial-image-labeling-dataset/AerialImageDataset/train/images/kitsap32.tif,/kaggle/input/datasets/sagar100rathod/inria-aerial-image-labeling-dataset/AerialImageDataset/train/gt/kitsap32.tif
val_kitsap32_3584_512,val,kitsap32.tif,kitsap,512,3584,512,/kaggle/input/datasets/sagar100rathod/inria-aerial-image-labeling-dataset/AerialImageDataset/train/images/kitsap32.tif,/kaggle/input/datasets/sagar100rathod/inria-aerial-image-labeling-dataset/AerialImageDataset/train/gt/kitsap32.tif
val_kitsap32_3584_1024,val,kitsap32.tif,kitsap,1024,3584,512,/kaggle/input/datasets/sagar100rathod/inria-aerial-image-labeling-dataset/AerialImageDataset/train/images/kitsap32.tif,/kaggle/input/datasets/sagar100rathod/inria-aerial-image-labeling-dataset/AerialImageDataset/train/gt/kitsap32.tif
val_tyrol-w18_0_3584,val,tyrol-w18.tif,tyrol-w,3584,0,512,/kaggle/input/datasets/sagar100rathod/inria-aerial-image-labeling-dataset/AerialImageDataset/train/images/tyrol-w18.tif,/kaggle/input/datasets/sagar100rathod/inria-aerial-image-labeling-dataset/AerialImageDataset/train/gt/tyrol-w18.tif
val_tyrol-w18_512_512,val,tyrol-w18.tif,tyrol-w,512,512,512,/kaggle/input/datasets/sagar100rathod/inria-aerial-image-labeling-dataset/AerialImageDataset/train/images/tyrol-w18.tif,/kaggle/input/datasets/sagar100rathod/inria-aerial-image-labeling-dataset/AerialImageDataset/train/gt/tyrol-w18.tif
val_tyrol-w18_1024_0,val,tyrol-w18.tif,tyrol-w,0,1024,512,/kaggle/input/datasets/sagar100rathod/inria-aerial-image-labeling-dataset/AerialImageDataset/train/images/tyrol-w18.tif,/kaggle/input/datasets/sagar100rathod/inria-aerial-image-labeling-dataset/AerialImageDataset/train/gt/tyrol-w18.tif
val_tyrol-w18_1536_512,val,tyrol-w18.tif,tyrol-w,512,1536,512,/kaggle/input/datasets/sagar100rathod/inria-aerial-image-labeling-dataset/AerialImageDataset/train/images/tyrol-w18.tif,/kaggle/input/datasets/sagar100rathod/inria-aerial-image-labeling-dataset/AerialImageDataset/train/gt/tyrol-w18.tif
val_tyrol-w18_3584_512,val,tyrol-w18.tif,tyrol-w,512,3584,512,/kaggle/input/datasets/sagar100rathod/inria-aerial-image-labeling-dataset/AerialImageDataset/train/images/tyrol-w18.tif,/kaggle/input/datasets/sagar100rathod/inria-aerial-image-labeling-dataset/AerialImageDataset/train/gt/tyrol-w18.tif
val_tyrol-w18_3584_2560,val,tyrol-w18.tif,tyrol-w,2560,3584,512,/kaggle/input/datasets/sagar100rathod/inria-aerial-image-labeling-dataset/AerialImageDataset/train/images/tyrol-w18.tif,/kaggle/input/datasets/sagar100rathod/inria-aerial-image-labeling-dataset/AerialImageDataset/train/gt/tyrol-w18.tif
val_tyrol-w18_4096_2560,val,tyrol-w18.tif,tyrol-w,2560,4096,512,/kaggle/input/datasets/sagar100rathod/inria-aerial-image-labeling-dataset/AerialImageDataset/train/images/tyrol-w18.tif,/kaggle/input/datasets/sagar100rathod/inria-aerial-image-labeling-dataset/AerialImageDataset/train/gt/tyrol-w18.tif
val_tyrol-w18_4096_3584,val,tyrol-w18.tif,tyrol-w,3584,4096,512,/kaggle/input/datasets/sagar100rathod/inria-aerial-image-labeling-dataset/AerialImageDataset/train/images/tyrol-w18.tif,/kaggle/input/datasets/sagar100rathod/inria-aerial-image-labeling-dataset/AerialImageDataset/train/gt/tyrol-w18.tif
val_tyrol-w35_0_0,val,tyrol-w35.tif,tyrol-w,0,0,512,/kaggle/input/datasets/sagar100rathod/inria-aerial-image-labeling-dataset/AerialImageDataset/train/images/tyrol-w35.tif,/kaggle/input/datasets/sagar100rathod/inria-aerial-image-labeling-dataset/AerialImageDataset/train/gt/tyrol-w35.tif
val_tyrol-w35_0_2048,val,tyrol-w35.tif,tyrol-w,2048,0,512,/kaggle/input/datasets/sagar100rathod/inria-aerial-image-labeling-dataset/AerialImageDataset/train/images/tyrol-w35.tif,/kaggle/input/datasets/sagar100rathod/inria-aerial-image-labeling-dataset/AerialImageDataset/train/gt/tyrol-w35.tif
val_tyrol-w35_512_1536,val,tyrol-w35.tif,tyrol-w,1536,512,512,/kaggle/input/datasets/sagar100rathod/inria-aerial-image-labeling-dataset/AerialImageDataset/train/images/tyrol-w35.tif,/kaggle/input/datasets/sagar100rathod/inria-aerial-image-labeling-dataset/AerialImageDataset/train/gt/tyrol-w35.tif
val_tyrol-w35_1024_1536,val,tyrol-w35.tif,tyrol-w,1536,1024,512,/kaggle/input/datasets/sagar100rathod/inria-aerial-image-labeling-dataset/AerialImageDataset/train/images/tyrol-w35.tif,/kaggle/input/datasets/sagar100rathod/inria-aerial-image-labeling-dataset/AerialImageDataset/train/gt/tyrol-w35.tif
val_tyrol-w35_1024_3072,val,tyrol-w35.tif,tyrol-w,3072,1024,512,/kaggle/input/datasets/sagar100rathod/inria-aerial-image-labeling-dataset/AerialImageDataset/train/images/tyrol-w35.tif,/kaggle/input/datasets/sagar100rathod/inria-aerial-image-labeling-dataset/AerialImageDataset/train/gt/tyrol-w35.tif
val_tyrol-w35_1536_3072,val,tyrol-w35.tif,tyrol-w,3072,1536,512,/kaggle/input/datasets/sagar100rathod/inria-aerial-image-labeling-dataset/AerialImageDataset/train/images/tyrol-w35.tif,/kaggle/input/datasets/sagar100rathod/inria-aerial-image-labeling-dataset/AerialImageDataset/train/gt/tyrol-w35.tif
val_tyrol-w35_2048_2048,val,tyrol-w35.tif,tyrol-w,2048,2048,512,/kaggle/input/datasets/sagar100rathod/inria-aerial-image-labeling-dataset/AerialImageDataset/train/images/tyrol-w35.tif,/kaggle/input/datasets/sagar100rathod/inria-aerial-image-labeling-dataset/AerialImageDataset/train/gt/tyrol-w35.tif
val_tyrol-w35_2048_2560,val,tyrol-w35.tif,tyrol-w,2560,2048,512,/kaggle/input/datasets/sagar100rathod/inria-aerial-image-labeling-dataset/AerialImageDataset/train/images/tyrol-w35.tif,/kaggle/input/datasets/sagar100rathod/inria-aerial-image-labeling-dataset/AerialImageDataset/train/gt/tyrol-w35.tif
val_tyrol-w35_2560_1536,val,tyrol-w35.tif,tyrol-w,1536,2560,512,/kaggle/input/datasets/sagar100rathod/inria-aerial-image-labeling-dataset/AerialImageDataset/train/images/tyrol-w35.tif,/kaggle/input/datasets/sagar100rathod/inria-aerial-image-labeling-dataset/AerialImageDataset/train/gt/tyrol-w35.tif
val_tyrol-w35_3072_1024,val,tyrol-w35.tif,tyrol-w,1024,3072,512,/kaggle/input/datasets/sagar100rathod/inria-aerial-image-labeling-dataset/AerialImageDataset/train/images/tyrol-w35.tif,/kaggle/input/datasets/sagar100rathod/inria-aerial-image-labeling-dataset/AerialImageDataset/train/gt/tyrol-w35.tif
val_tyrol-w35_3072_4096,val,tyrol-w35.tif,tyrol-w,4096,3072,512,/kaggle/input/datasets/sagar100rathod/inria-aerial-image-labeling-dataset/AerialImageDataset/train/images/tyrol-w35.tif,/kaggle/input/datasets/sagar100rathod/inria-aerial-image-labeling-dataset/AerialImageDataset/train/gt/tyrol-w35.tif
val_tyrol-w35_4096_512,val,tyrol-w35.tif,tyrol-w,512,4096,512,/kaggle/input/datasets/sagar100rathod/inria-aerial-image-labeling-dataset/AerialImageDataset/train/images/tyrol-w35.tif,/kaggle/input/datasets/sagar100rathod/inria-aerial-image-labeling-dataset/AerialImageDataset/train/gt/tyrol-w35.tif
val_tyrol-w35_4096_1024,val,tyrol-w35.tif,tyrol-w,1024,4096,512,/kaggle/input/datasets/sagar100rathod/inria-aerial-image-labeling-dataset/AerialImageDataset/train/images/tyrol-w35.tif,/kaggle/input/datasets/sagar100rathod/inria-aerial-image-labeling-dataset/AerialImageDataset/train/gt/tyrol-w35.tif
val_vienna17_512_0,val,vienna17.tif,vienna,0,512,512,/kaggle/input/datasets/sagar100rathod/inria-aerial-image-labeling-dataset/AerialImageDataset/train/images/vienna17.tif,/kaggle/input/datasets/sagar100rathod/inria-aerial-image-labeling-dataset/AerialImageDataset/train/gt/vienna17.tif
val_vienna17_512_2048,val,vienna17.tif,vienna,2048,512,512,/kaggle/input/datasets/sagar100rathod/inria-aerial-image-labeling-dataset/AerialImageDataset/train/images/vienna17.tif,/kaggle/input/datasets/sagar100rathod/inria-aerial-image-labeling-dataset/AerialImageDataset/train/gt/vienna17.tif
val_vienna17_512_3072,val,vienna17.tif,vienna,3072,512,512,/kaggle/input/datasets/sagar100rathod/inria-aerial-image-labeling-dataset/AerialImageDataset/train/images/vienna17.tif,/kaggle/input/datasets/sagar100rathod/inria-aerial-image-labeling-dataset/AerialImageDataset/train/gt/vienna17.tif
val_vienna17_512_3584,val,vienna17.tif,vienna,3584,512,512,/kaggle/input/datasets/sagar100rathod/inria-aerial-image-labeling-dataset/AerialImageDataset/train/images/vienna17.tif,/kaggle/input/datasets/sagar100rathod/inria-aerial-image-labeling-dataset/AerialImageDataset/train/gt/vienna17.tif
val_vienna17_1024_0,val,vienna17.tif,vienna,0,1024,512,/kaggle/input/datasets/sagar100rathod/inria-aerial-image-labeling-dataset/AerialImageDataset/train/images/vienna17.tif,/kaggle/input/datasets/sagar100rathod/inria-aerial-image-labeling-dataset/AerialImageDataset/train/gt/vienna17.tif
val_vienna17_2560_1024,val,vienna17.tif,vienna,1024,2560,512,/kaggle/input/datasets/sagar100rathod/inria-aerial-image-labeling-dataset/AerialImageDataset/train/images/vienna17.tif,/kaggle/input/datasets/sagar100rathod/inria-aerial-image-labeling-dataset/AerialImageDataset/train/gt/vienna17.tif
val_vienna17_2560_3072,val,vienna17.tif,vienna,3072,2560,512,/kaggle/input/datasets/sagar100rathod/inria-aerial-image-labeling-dataset/AerialImageDataset/train/images/vienna17.tif,/kaggle/input/datasets/sagar100rathod/inria-aerial-image-labeling-dataset/AerialImageDataset/train/gt/vienna17.tif
val_vienna17_3072_3072,val,vienna17.tif,vienna,3072,3072,512,/kaggle/input/datasets/sagar100rathod/inria-aerial-image-labeling-dataset/AerialImageDataset/train/images/vienna17.tif,/kaggle/input/datasets/sagar100rathod/inria-aerial-image-labeling-dataset/AerialImageDataset/train/gt/vienna17.tif
val_vienna17_3584_1536,val,vienna17.tif,vienna,1536,3584,512,/kaggle/input/datasets/sagar100rathod/inria-aerial-image-labeling-dataset/AerialImageDataset/train/images/vienna17.tif,/kaggle/input/datasets/sagar100rathod/inria-aerial-image-labeling-dataset/AerialImageDataset/train/gt/vienna17.tif
val_vienna17_3584_4096,val,vienna17.tif,vienna,4096,3584,512,/kaggle/input/datasets/sagar100rathod/inria-aerial-image-labeling-dataset/AerialImageDataset/train/images/vienna17.tif,/kaggle/input/datasets/sagar100rathod/inria-aerial-image-labeling-dataset/AerialImageDataset/train/gt/vienna17.tif
val_vienna17_4096_2560,val,vienna17.tif,vienna,2560,4096,512,/kaggle/input/datasets/sagar100rathod/inria-aerial-image-labeling-dataset/AerialImageDataset/train/images/vienna17.tif,/kaggle/input/datasets/sagar100rathod/inria-aerial-image-labeling-dataset/AerialImageDataset/train/gt/vienna17.tif
val_vienna28_1024_2048,val,vienna28.tif,vienna,2048,1024,512,/kaggle/input/datasets/sagar100rathod/inria-aerial-image-labeling-dataset/AerialImageDataset/train/images/vienna28.tif,/kaggle/input/datasets/sagar100rathod/inria-aerial-image-labeling-dataset/AerialImageDataset/train/gt/vienna28.tif
val_vienna28_1024_2560,val,vienna28.tif,vienna,2560,1024,512,/kaggle/input/datasets/sagar100rathod/inria-aerial-image-labeling-dataset/AerialImageDataset/train/images/vienna28.tif,/kaggle/input/datasets/sagar100rathod/inria-aerial-image-labeling-dataset/AerialImageDataset/train/gt/vienna28.tif
val_vienna28_1024_3584,val,vienna28.tif,vienna,3584,1024,512,/kaggle/input/datasets/sagar100rathod/inria-aerial-image-labeling-dataset/AerialImageDataset/train/images/vienna28.tif,/kaggle/input/datasets/sagar100rathod/inria-aerial-image-labeling-dataset/AerialImageDataset/train/gt/vienna28.tif
val_vienna28_1536_4096,val,vienna28.tif,vienna,4096,1536,512,/kaggle/input/datasets/sagar100rathod/inria-aerial-image-labeling-dataset/AerialImageDataset/train/images/vienna28.tif,/kaggle/input/datasets/sagar100rathod/inria-aerial-image-labeling-dataset/AerialImageDataset/train/gt/vienna28.tif
val_vienna28_2048_3072,val,vienna28.tif,vienna,3072,2048,512,/kaggle/input/datasets/sagar100rathod/inria-aerial-image-labeling-dataset/AerialImageDataset/train/images/vienna28.tif,/kaggle/input/datasets/sagar100rathod/inria-aerial-image-labeling-dataset/AerialImageDataset/train/gt/vienna28.tif
val_vienna28_3584_0,val,vienna28.tif,vienna,0,3584,512,/kaggle/input/datasets/sagar100rathod/inria-aerial-image-labeling-dataset/AerialImageDataset/train/images/vienna28.tif,/kaggle/input/datasets/sagar100rathod/inria-aerial-image-labeling-dataset/AerialImageDataset/train/gt/vienna28.tif
val_vienna28_3584_1536,val,vienna28.tif,vienna,1536,3584,512,/kaggle/input/datasets/sagar100rathod/inria-aerial-image-labeling-dataset/AerialImageDataset/train/images/vienna28.tif,/kaggle/input/datasets/sagar100rathod/inria-aerial-image-labeling-dataset/AerialImageDataset/train/gt/vienna28.tif
val_vienna28_4096_3584,val,vienna28.tif,vienna,3584,4096,512,/kaggle/input/datasets/sagar100rathod/inria-aerial-image-labeling-dataset/AerialImageDataset/train/images/vienna28.tif,/kaggle/input/datasets/sagar100rathod/inria-aerial-image-labeling-dataset/AerialImageDataset/train/gt/vienna28.tif
val_vienna29_512_1536,val,vienna29.tif,vienna,1536,512,512,/kaggle/input/datasets/sagar100rathod/inria-aerial-image-labeling-dataset/AerialImageDataset/train/images/vienna29.tif,/kaggle/input/datasets/sagar100rathod/inria-aerial-image-labeling-dataset/AerialImageDataset/train/gt/vienna29.tif
val_vienna29_1024_3072,val,vienna29.tif,vienna,3072,1024,512,/kaggle/input/datasets/sagar100rathod/inria-aerial-image-labeling-dataset/AerialImageDataset/train/images/vienna29.tif,/kaggle/input/datasets/sagar100rathod/inria-aerial-image-labeling-dataset/AerialImageDataset/train/gt/vienna29.tif
val_vienna29_3072_1536,val,vienna29.tif,vienna,1536,3072,512,/kaggle/input/datasets/sagar100rathod/inria-aerial-image-labeling-dataset/AerialImageDataset/train/images/vienna29.tif,/kaggle/input/datasets/sagar100rathod/inria-aerial-image-labeling-dataset/AerialImageDataset/train/gt/vienna29.tif
val_vienna29_3072_2048,val,vienna29.tif,vienna,2048,3072,512,/kaggle/input/datasets/sagar100rathod/inria-aerial-image-labeling-dataset/AerialImageDataset/train/images/vienna29.tif,/kaggle/input/datasets/sagar100rathod/inria-aerial-image-labeling-dataset/AerialImageDataset/train/gt/vienna29.tif
val_vienna29_4096_512,val,vienna29.tif,vienna,512,4096,512,/kaggle/input/datasets/sagar100rathod/inria-aerial-image-labeling-dataset/AerialImageDataset/train/images/vienna29.tif,/kaggle/input/datasets/sagar100rathod/inria-aerial-image-labeling-dataset/AerialImageDataset/train/gt/vienna29.tif
val_vienna29_4096_4096,val,vienna29.tif,vienna,4096,4096,512,/kaggle/input/datasets/sagar100rathod/inria-aerial-image-labeling-dataset/AerialImageDataset/train/images/vienna29.tif,/kaggle/input/datasets/sagar100rathod/inria-aerial-image-labeling-dataset/AerialImageDataset/train/gt/vienna29.tif
val_vienna31_0_2560,val,vienna31.tif,vienna,2560,0,512,/kaggle/input/datasets/sagar100rathod/inria-aerial-image-labeling-dataset/AerialImageDataset/train/images/vienna31.tif,/kaggle/input/datasets/sagar100rathod/inria-aerial-image-labeling-dataset/AerialImageDataset/train/gt/vienna31.tif
val_vienna31_0_3584,val,vienna31.tif,vienna,3584,0,512,/kaggle/input/datasets/sagar100rathod/inria-aerial-image-labeling-dataset/AerialImageDataset/train/images/vienna31.tif,/kaggle/input/datasets/sagar100rathod/inria-aerial-image-labeling-dataset/AerialImageDataset/train/gt/vienna31.tif
val_vienna31_512_2560,val,vienna31.tif,vienna,2560,512,512,/kaggle/input/datasets/sagar100rathod/inria-aerial-image-labeling-dataset/AerialImageDataset/train/images/vienna31.tif,/kaggle/input/datasets/sagar100rathod/inria-aerial-image-labeling-dataset/AerialImageDataset/train/gt/vienna31.tif
val_vienna31_2560_2560,val,vienna31.tif,vienna,2560,2560,512,/kaggle/input/datasets/sagar100rathod/inria-aerial-image-labeling-dataset/AerialImageDataset/train/images/vienna31.tif,/kaggle/input/datasets/sagar100rathod/inria-aerial-image-labeling-dataset/AerialImageDataset/train/gt/vienna31.tif
val_vienna31_2560_4096,val,vienna31.tif,vienna,4096,2560,512,/kaggle/input/datasets/sagar100rathod/inria-aerial-image-labeling-dataset/AerialImageDataset/train/images/vienna31.tif,/kaggle/input/datasets/sagar100rathod/inria-aerial-image-labeling-dataset/AerialImageDataset/train/gt/vienna31.tif
val_vienna31_3584_512,val,vienna31.tif,vienna,512,3584,512,/kaggle/input/datasets/sagar100rathod/inria-aerial-image-labeling-dataset/AerialImageDataset/train/images/vienna31.tif,/kaggle/input/datasets/sagar100rathod/inria-aerial-image-labeling-dataset/AerialImageDataset/train/gt/vienna31.tif
val_vienna31_3584_3072,val,vienna31.tif,vienna,3072,3584,512,/kaggle/input/datasets/sagar100rathod/inria-aerial-image-labeling-dataset/AerialImageDataset/train/images/vienna31.tif,/kaggle/input/datasets/sagar100rathod/inria-aerial-image-labeling-dataset/AerialImageDataset/train/gt/vienna31.tif
val_vienna31_4096_1536,val,vienna31.tif,vienna,1536,4096,512,/kaggle/input/datasets/sagar100rathod/inria-aerial-image-labeling-dataset/AerialImageDataset/train/images/vienna31.tif,/kaggle/input/datasets/sagar100rathod/inria-aerial-image-labeling-dataset/AerialImageDataset/train/gt/vienna31.tif
val_vienna31_4096_3584,val,vienna31.tif,vienna,3584,4096,512,/kaggle/input/datasets/sagar100rathod/inria-aerial-image-labeling-dataset/AerialImageDataset/train/images/vienna31.tif,/kaggle/input/datasets/sagar100rathod/inria-aerial-image-labeling-dataset/AerialImageDataset/train/gt/vienna31.tif
val_vienna35_512_1024,val,vienna35.tif,vienna,1024,512,512,/kaggle/input/datasets/sagar100rathod/inria-aerial-image-labeling-dataset/AerialImageDataset/train/images/vienna35.tif,/kaggle/input/datasets/sagar100rathod/inria-aerial-image-labeling-dataset/AerialImageDataset/train/gt/vienna35.tif
val_vienna35_512_2560,val,vienna35.tif,vienna,2560,512,512,/kaggle/input/datasets/sagar100rathod/inria-aerial-image-labeling-dataset/AerialImageDataset/train/images/vienna35.tif,/kaggle/input/datasets/sagar100rathod/inria-aerial-image-labeling-dataset/AerialImageDataset/train/gt/vienna35.tif
val_vienna35_1024_1024,val,vienna35.tif,vienna,1024,1024,512,/kaggle/input/datasets/sagar100rathod/inria-aerial-image-labeling-dataset/AerialImageDataset/train/images/vienna35.tif,/kaggle/input/datasets/sagar100rathod/inria-aerial-image-labeling-dataset/AerialImageDataset/train/gt/vienna35.tif
val_vienna35_1024_3072,val,vienna35.tif,vienna,3072,1024,512,/kaggle/input/datasets/sagar100rathod/inria-aerial-image-labeling-dataset/AerialImageDataset/train/images/vienna35.tif,/kaggle/input/datasets/sagar100rathod/inria-aerial-image-labeling-dataset/AerialImageDataset/train/gt/vienna35.tif
val_vienna35_2048_0,val,vienna35.tif,vienna,0,2048,512,/kaggle/input/datasets/sagar100rathod/inria-aerial-image-labeling-dataset/AerialImageDataset/train/images/vienna35.tif,/kaggle/input/datasets/sagar100rathod/inria-aerial-image-labeling-dataset/AerialImageDataset/train/gt/vienna35.tif
val_vienna35_2048_2048,val,vienna35.tif,vienna,2048,2048,512,/kaggle/input/datasets/sagar100rathod/inria-aerial-image-labeling-dataset/AerialImageDataset/train/images/vienna35.tif,/kaggle/input/datasets/sagar100rathod/inria-aerial-image-labeling-dataset/AerialImageDataset/train/gt/vienna35.tif
val_vienna35_2560_1024,val,vienna35.tif,vienna,1024,2560,512,/kaggle/input/datasets/sagar100rathod/inria-aerial-image-labeling-dataset/AerialImageDataset/train/images/vienna35.tif,/kaggle/input/datasets/sagar100rathod/inria-aerial-image-labeling-dataset/AerialImageDataset/train/gt/vienna35.tif
val_vienna35_3072_2048,val,vienna35.tif,vienna,2048,3072,512,/kaggle/input/datasets/sagar100rathod/inria-aerial-image-labeling-dataset/AerialImageDataset/train/images/vienna35.tif,/kaggle/input/datasets/sagar100rathod/inria-aerial-image-labeling-dataset/AerialImageDataset/train/gt/vienna35.tif
val_vienna35_3584_2560,val,vienna35.tif,vienna,2560,3584,512,/kaggle/input/datasets/sagar100rathod/inria-aerial-image-labeling-dataset/AerialImageDataset/train/images/vienna35.tif,/kaggle/input/datasets/sagar100rathod/inria-aerial-image-labeling-dataset/AerialImageDataset/train/gt/vienna35.tif
val_vienna35_4096_2560,val,vienna35.tif,vienna,2560,4096,512,/kaggle/input/datasets/sagar100rathod/inria-aerial-image-labeling-dataset/AerialImageDataset/train/images/vienna35.tif,/kaggle/input/datasets/sagar100rathod/inria-aerial-image-labeling-dataset/AerialImageDataset/train/gt/vienna35.tif
val_vienna35_4096_3072,val,vienna35.tif,vienna,3072,4096,512,/kaggle/input/datasets/sagar100rathod/inria-aerial-image-labeling-dataset/AerialImageDataset/train/images/vienna35.tif,/kaggle/input/datasets/sagar100rathod/inria-aerial-image-labeling-dataset/AerialImageDataset/train/gt/vienna35.tif
val_vienna35_4096_4096,val,vienna35.tif,vienna,4096,4096,512,/kaggle/input/datasets/sagar100rathod/inria-aerial-image-labeling-dataset/AerialImageDataset/train/images/vienna35.tif,/kaggle/input/datasets/sagar100rathod/inria-aerial-image-labeling-dataset/AerialImageDataset/train/gt/vienna35.tif
test_austin15_512_512,test,austin15.tif,austin,512,512,512,/kaggle/input/datasets/sagar100rathod/inria-aerial-image-labeling-dataset/AerialImageDataset/train/images/austin15.tif,/kaggle/input/datasets/sagar100rathod/inria-aerial-image-labeling-dataset/AerialImageDataset/train/gt/austin15.tif
test_austin15_1536_0,test,austin15.tif,austin,0,1536,512,/kaggle/input/datasets/sagar100rathod/inria-aerial-image-labeling-dataset/AerialImageDataset/train/images/austin15.tif,/kaggle/input/datasets/sagar100rathod/inria-aerial-image-labeling-dataset/AerialImageDataset/train/gt/austin15.tif
test_austin15_1536_3584,test,austin15.tif,austin,3584,1536,512,/kaggle/input/datasets/sagar100rathod/inria-aerial-image-labeling-dataset/AerialImageDataset/train/images/austin15.tif,/kaggle/input/datasets/sagar100rathod/inria-aerial-image-labeling-dataset/AerialImageDataset/train/gt/austin15.tif
test_austin15_2560_512,test,austin15.tif,austin,512,2560,512,/kaggle/input/datasets/sagar100rathod/inria-aerial-image-labeling-dataset/AerialImageDataset/train/images/austin15.tif,/kaggle/input/datasets/sagar100rathod/inria-aerial-image-labeling-dataset/AerialImageDataset/train/gt/austin15.tif
test_austin15_3072_2560,test,austin15.tif,austin,2560,3072,512,/kaggle/input/datasets/sagar100rathod/inria-aerial-image-labeling-dataset/AerialImageDataset/train/images/austin15.tif,/kaggle/input/datasets/sagar100rathod/inria-aerial-image-labeling-dataset/AerialImageDataset/train/gt/austin15.tif
test_austin15_3072_4096,test,austin15.tif,austin,4096,3072,512,/kaggle/input/datasets/sagar100rathod/inria-aerial-image-labeling-dataset/AerialImageDataset/train/images/austin15.tif,/kaggle/input/datasets/sagar100rathod/inria-aerial-image-labeling-dataset/AerialImageDataset/train/gt/austin15.tif
test_austin15_3584_2048,test,austin15.tif,austin,2048,3584,512,/kaggle/input/datasets/sagar100rathod/inria-aerial-image-labeling-dataset/AerialImageDataset/train/images/austin15.tif,/kaggle/input/datasets/sagar100rathod/inria-aerial-image-labeling-dataset/AerialImageDataset/train/gt/austin15.tif
test_austin15_3584_2560,test,austin15.tif,austin,2560,3584,512,/kaggle/input/datasets/sagar100rathod/inria-aerial-image-labeling-dataset/AerialImageDataset/train/images/austin15.tif,/kaggle/input/datasets/sagar100rathod/inria-aerial-image-labeling-dataset/AerialImageDataset/train/gt/austin15.tif
test_austin15_3584_4096,test,austin15.tif,austin,4096,3584,512,/kaggle/input/datasets/sagar100rathod/inria-aerial-image-labeling-dataset/AerialImageDataset/train/images/austin15.tif,/kaggle/input/datasets/sagar100rathod/inria-aerial-image-labeling-dataset/AerialImageDataset/train/gt/austin15.tif
test_austin16_0_1024,test,austin16.tif,austin,1024,0,512,/kaggle/input/datasets/sagar100rathod/inria-aerial-image-labeling-dataset/AerialImageDataset/train/images/austin16.tif,/kaggle/input/datasets/sagar100rathod/inria-aerial-image-labeling-dataset/AerialImageDataset/train/gt/austin16.tif
test_austin16_512_512,test,austin16.tif,austin,512,512,512,/kaggle/input/datasets/sagar100rathod/inria-aerial-image-labeling-dataset/AerialImageDataset/train/images/austin16.tif,/kaggle/input/datasets/sagar100rathod/inria-aerial-image-labeling-dataset/AerialImageDataset/train/gt/austin16.tif
test_austin16_1024_0,test,austin16.tif,austin,0,1024,512,/kaggle/input/datasets/sagar100rathod/inria-aerial-image-labeling-dataset/AerialImageDataset/train/images/austin16.tif,/kaggle/input/datasets/sagar100rathod/inria-aerial-image-labeling-dataset/AerialImageDataset/train/gt/austin16.tif
test_austin16_1024_3072,test,austin16.tif,austin,3072,1024,512,/kaggle/input/datasets/sagar100rathod/inria-aerial-image-labeling-dataset/AerialImageDataset/train/images/austin16.tif,/kaggle/input/datasets/sagar100rathod/inria-aerial-image-labeling-dataset/AerialImageDataset/train/gt/austin16.tif
test_austin16_1536_0,test,austin16.tif,austin,0,1536,512,/kaggle/input/datasets/sagar100rathod/inria-aerial-image-labeling-dataset/AerialImageDataset/train/images/austin16.tif,/kaggle/input/datasets/sagar100rathod/inria-aerial-image-labeling-dataset/AerialImageDataset/train/gt/austin16.tif
test_austin16_1536_2048,test,austin16.tif,austin,2048,1536,512,/kaggle/input/datasets/sagar100rathod/inria-aerial-image-labeling-dataset/AerialImageDataset/train/images/austin16.tif,/kaggle/input/datasets/sagar100rathod/inria-aerial-image-labeling-dataset/AerialImageDataset/train/gt/austin16.tif
test_austin16_1536_2560,test,austin16.tif,austin,2560,1536,512,/kaggle/input/datasets/sagar100rathod/inria-aerial-image-labeling-dataset/AerialImageDataset/train/images/austin16.tif,/kaggle/input/datasets/sagar100rathod/inria-aerial-image-labeling-dataset/AerialImageDataset/train/gt/austin16.tif
test_austin16_2048_3072,test,austin16.tif,austin,3072,2048,512,/kaggle/input/datasets/sagar100rathod/inria-aerial-image-labeling-dataset/AerialImageDataset/train/images/austin16.tif,/kaggle/input/datasets/sagar100rathod/inria-aerial-image-labeling-dataset/AerialImageDataset/train/gt/austin16.tif
test_austin16_2048_3584,test,austin16.tif,austin,3584,2048,512,/kaggle/input/datasets/sagar100rathod/inria-aerial-image-labeling-dataset/AerialImageDataset/train/images/austin16.tif,/kaggle/input/datasets/sagar100rathod/inria-aerial-image-labeling-dataset/AerialImageDataset/train/gt/austin16.tif
test_austin16_2560_0,test,austin16.tif,austin,0,2560,512,/kaggle/input/datasets/sagar100rathod/inria-aerial-image-labeling-dataset/AerialImageDataset/train/images/austin16.tif,/kaggle/input/datasets/sagar100rathod/inria-aerial-image-labeling-dataset/AerialImageDataset/train/gt/austin16.tif
test_austin16_2560_3072,test,austin16.tif,austin,3072,2560,512,/kaggle/input/datasets/sagar100rathod/inria-aerial-image-labeling-dataset/AerialImageDataset/train/images/austin16.tif,/kaggle/input/datasets/sagar100rathod/inria-aerial-image-labeling-dataset/AerialImageDataset/train/gt/austin16.tif
test_austin16_3072_1536,test,austin16.tif,austin,1536,3072,512,/kaggle/input/datasets/sagar100rathod/inria-aerial-image-labeling-dataset/AerialImageDataset/train/images/austin16.tif,/kaggle/input/datasets/sagar100rathod/inria-aerial-image-labeling-dataset/AerialImageDataset/train/gt/austin16.tif
test_austin16_3072_3072,test,austin16.tif,austin,3072,3072,512,/kaggle/input/datasets/sagar100rathod/inria-aerial-image-labeling-dataset/AerialImageDataset/train/images/austin16.tif,/kaggle/input/datasets/sagar100rathod/inria-aerial-image-labeling-dataset/AerialImageDataset/train/gt/austin16.tif
test_austin16_3072_3584,test,austin16.tif,austin,3584,3072,512,/kaggle/input/datasets/sagar100rathod/inria-aerial-image-labeling-dataset/AerialImageDataset/train/images/austin16.tif,/kaggle/input/datasets/sagar100rathod/inria-aerial-image-labeling-dataset/AerialImageDataset/train/gt/austin16.tif
test_austin16_3584_0,test,austin16.tif,austin,0,3584,512,/kaggle/input/datasets/sagar100rathod/inria-aerial-image-labeling-dataset/AerialImageDataset/train/images/austin16.tif,/kaggle/input/datasets/sagar100rathod/inria-aerial-image-labeling-dataset/AerialImageDataset/train/gt/austin16.tif
test_austin16_4096_0,test,austin16.tif,austin,0,4096,512,/kaggle/input/datasets/sagar100rathod/inria-aerial-image-labeling-dataset/AerialImageDataset/train/images/austin16.tif,/kaggle/input/datasets/sagar100rathod/inria-aerial-image-labeling-dataset/AerialImageDataset/train/gt/austin16.tif
test_austin16_4096_2560,test,austin16.tif,austin,2560,4096,512,/kaggle/input/datasets/sagar100rathod/inria-aerial-image-labeling-dataset/AerialImageDataset/train/images/austin16.tif,/kaggle/input/datasets/sagar100rathod/inria-aerial-image-labeling-dataset/AerialImageDataset/train/gt/austin16.tif
test_austin17_0_3072,test,austin17.tif,austin,3072,0,512,/kaggle/input/datasets/sagar100rathod/inria-aerial-image-labeling-dataset/AerialImageDataset/train/images/austin17.tif,/kaggle/input/datasets/sagar100rathod/inria-aerial-image-labeling-dataset/AerialImageDataset/train/gt/austin17.tif
test_austin17_1024_3584,test,austin17.tif,austin,3584,1024,512,/kaggle/input/datasets/sagar100rathod/inria-aerial-image-labeling-dataset/AerialImageDataset/train/images/austin17.tif,/kaggle/input/datasets/sagar100rathod/inria-aerial-image-labeling-dataset/AerialImageDataset/train/gt/austin17.tif
test_austin17_1536_1024,test,austin17.tif,austin,1024,1536,512,/kaggle/input/datasets/sagar100rathod/inria-aerial-image-labeling-dataset/AerialImageDataset/train/images/austin17.tif,/kaggle/input/datasets/sagar100rathod/inria-aerial-image-labeling-dataset/AerialImageDataset/train/gt/austin17.tif
test_austin17_2048_512,test,austin17.tif,austin,512,2048,512,/kaggle/input/datasets/sagar100rathod/inria-aerial-image-labeling-dataset/AerialImageDataset/train/images/austin17.tif,/kaggle/input/datasets/sagar100rathod/inria-aerial-image-labeling-dataset/AerialImageDataset/train/gt/austin17.tif
test_austin17_2560_512,test,austin17.tif,austin,512,2560,512,/kaggle/input/datasets/sagar100rathod/inria-aerial-image-labeling-dataset/AerialImageDataset/train/images/austin17.tif,/kaggle/input/datasets/sagar100rathod/inria-aerial-image-labeling-dataset/AerialImageDataset/train/gt/austin17.tif
test_austin17_3072_512,test,austin17.tif,austin,512,3072,512,/kaggle/input/datasets/sagar100rathod/inria-aerial-image-labeling-dataset/AerialImageDataset/train/images/austin17.tif,/kaggle/input/datasets/sagar100rathod/inria-aerial-image-labeling-dataset/AerialImageDataset/train/gt/austin17.tif
test_austin17_3584_4096,test,austin17.tif,austin,4096,3584,512,/kaggle/input/datasets/sagar100rathod/inria-aerial-image-labeling-dataset/AerialImageDataset/train/images/austin17.tif,/kaggle/input/datasets/sagar100rathod/inria-aerial-image-labeling-dataset/AerialImageDataset/train/gt/austin17.tif
test_austin17_4096_4096,test,austin17.tif,austin,4096,4096,512,/kaggle/input/datasets/sagar100rathod/inria-aerial-image-labeling-dataset/AerialImageDataset/train/images/austin17.tif,/kaggle/input/datasets/sagar100rathod/inria-aerial-image-labeling-dataset/AerialImageDataset/train/gt/austin17.tif
test_austin3_0_2560,test,austin3.tif,austin,2560,0,512,/kaggle/input/datasets/sagar100rathod/inria-aerial-image-labeling-dataset/AerialImageDataset/train/images/austin3.tif,/kaggle/input/datasets/sagar100rathod/inria-aerial-image-labeling-dataset/AerialImageDataset/train/gt/austin3.tif
test_austin3_1024_3072,test,austin3.tif,austin,3072,1024,512,/kaggle/input/datasets/sagar100rathod/inria-aerial-image-labeling-dataset/AerialImageDataset/train/images/austin3.tif,/kaggle/input/datasets/sagar100rathod/inria-aerial-image-labeling-dataset/AerialImageDataset/train/gt/austin3.tif
test_austin3_1536_3072,test,austin3.tif,austin,3072,1536,512,/kaggle/input/datasets/sagar100rathod/inria-aerial-image-labeling-dataset/AerialImageDataset/train/images/austin3.tif,/kaggle/input/datasets/sagar100rathod/inria-aerial-image-labeling-dataset/AerialImageDataset/train/gt/austin3.tif
test_austin3_2048_1536,test,austin3.tif,austin,1536,2048,512,/kaggle/input/datasets/sagar100rathod/inria-aerial-image-labeling-dataset/AerialImageDataset/train/images/austin3.tif,/kaggle/input/datasets/sagar100rathod/inria-aerial-image-labeling-dataset/AerialImageDataset/train/gt/austin3.tif
test_austin3_2560_3072,test,austin3.tif,austin,3072,2560,512,/kaggle/input/datasets/sagar100rathod/inria-aerial-image-labeling-dataset/AerialImageDataset/train/images/austin3.tif,/kaggle/input/datasets/sagar100rathod/inria-aerial-image-labeling-dataset/AerialImageDataset/train/gt/austin3.tif
test_austin3_3072_0,test,austin3.tif,austin,0,3072,512,/kaggle/input/datasets/sagar100rathod/inria-aerial-image-labeling-dataset/AerialImageDataset/train/images/austin3.tif,/kaggle/input/datasets/sagar100rathod/inria-aerial-image-labeling-dataset/AerialImageDataset/train/gt/austin3.tif
test_austin3_3072_3072,test,austin3.tif,austin,3072,3072,512,/kaggle/input/datasets/sagar100rathod/inria-aerial-image-labeling-dataset/AerialImageDataset/train/images/austin3.tif,/kaggle/input/datasets/sagar100rathod/inria-aerial-image-labeling-dataset/AerialImageDataset/train/gt/austin3.tif
test_austin3_4096_1024,test,austin3.tif,austin,1024,4096,512,/kaggle/input/datasets/sagar100rathod/inria-aerial-image-labeling-dataset/AerialImageDataset/train/images/austin3.tif,/kaggle/input/datasets/sagar100rathod/inria-aerial-image-labeling-dataset/AerialImageDataset/train/gt/austin3.tif
test_austin3_4096_4096,test,austin3.tif,austin,4096,4096,512,/kaggle/input/datasets/sagar100rathod/inria-aerial-image-labeling-dataset/AerialImageDataset/train/images/austin3.tif,/kaggle/input/datasets/sagar100rathod/inria-aerial-image-labeling-dataset/AerialImageDataset/train/gt/austin3.tif
test_austin30_512_1024,test,austin30.tif,austin,1024,512,512,/kaggle/input/datasets/sagar100rathod/inria-aerial-image-labeling-dataset/AerialImageDataset/train/images/austin30.tif,/kaggle/input/datasets/sagar100rathod/inria-aerial-image-labeling-dataset/AerialImageDataset/train/gt/austin30.tif
test_austin30_512_2560,test,austin30.tif,austin,2560,512,512,/kaggle/input/datasets/sagar100rathod/inria-aerial-image-labeling-dataset/AerialImageDataset/train/images/austin30.tif,/kaggle/input/datasets/sagar100rathod/inria-aerial-image-labeling-dataset/AerialImageDataset/train/gt/austin30.tif
test_austin30_512_3072,test,austin30.tif,austin,3072,512,512,/kaggle/input/datasets/sagar100rathod/inria-aerial-image-labeling-dataset/AerialImageDataset/train/images/austin30.tif,/kaggle/input/datasets/sagar100rathod/inria-aerial-image-labeling-dataset/AerialImageDataset/train/gt/austin30.tif
test_austin30_1536_1536,test,austin30.tif,austin,1536,1536,512,/kaggle/input/datasets/sagar100rathod/inria-aerial-image-labeling-dataset/AerialImageDataset/train/images/austin30.tif,/kaggle/input/datasets/sagar100rathod/inria-aerial-image-labeling-dataset/AerialImageDataset/train/gt/austin30.tif
test_austin30_1536_3584,test,austin30.tif,austin,3584,1536,512,/kaggle/input/datasets/sagar100rathod/inria-aerial-image-labeling-dataset/AerialImageDataset/train/images/austin30.tif,/kaggle/input/datasets/sagar100rathod/inria-aerial-image-labeling-dataset/AerialImageDataset/train/gt/austin30.tif
test_austin30_1536_4096,test,austin30.tif,austin,4096,1536,512,/kaggle/input/datasets/sagar100rathod/inria-aerial-image-labeling-dataset/AerialImageDataset/train/images/austin30.tif,/kaggle/input/datasets/sagar100rathod/inria-aerial-image-labeling-dataset/AerialImageDataset/train/gt/austin30.tif
test_austin30_2048_2048,test,austin30.tif,austin,2048,2048,512,/kaggle/input/datasets/sagar100rathod/inria-aerial-image-labeling-dataset/AerialImageDataset/train/images/austin30.tif,/kaggle/input/datasets/sagar100rathod/inria-aerial-image-labeling-dataset/AerialImageDataset/train/gt/austin30.tif
test_austin30_2048_4096,test,austin30.tif,austin,4096,2048,512,/kaggle/input/datasets/sagar100rathod/inria-aerial-image-labeling-dataset/AerialImageDataset/train/images/austin30.tif,/kaggle/input/datasets/sagar100rathod/inria-aerial-image-labeling-dataset/AerialImageDataset/train/gt/austin30.tif
test_austin30_3072_512,test,austin30.tif,austin,512,3072,512,/kaggle/input/datasets/sagar100rathod/inria-aerial-image-labeling-dataset/AerialImageDataset/train/images/austin30.tif,/kaggle/input/datasets/sagar100rathod/inria-aerial-image-labeling-dataset/AerialImageDataset/train/gt/austin30.tif
test_austin30_3072_1024,test,austin30.tif,austin,1024,3072,512,/kaggle/input/datasets/sagar100rathod/inria-aerial-image-labeling-dataset/AerialImageDataset/train/images/austin30.tif,/kaggle/input/datasets/sagar100rathod/inria-aerial-image-labeling-dataset/AerialImageDataset/train/gt/austin30.tif
test_austin30_3072_2560,test,austin30.tif,austin,2560,3072,512,/kaggle/input/datasets/sagar100rathod/inria-aerial-image-labeling-dataset/AerialImageDataset/train/images/austin30.tif,/kaggle/input/datasets/sagar100rathod/inria-aerial-image-labeling-dataset/AerialImageDataset/train/gt/austin30.tif
test_austin30_3584_512,test,austin30.tif,austin,512,3584,512,/kaggle/input/datasets/sagar100rathod/inria-aerial-image-labeling-dataset/AerialImageDataset/train/images/austin30.tif,/kaggle/input/datasets/sagar100rathod/inria-aerial-image-labeling-dataset/AerialImageDataset/train/gt/austin30.tif
test_austin30_3584_3072,test,austin30.tif,austin,3072,3584,512,/kaggle/input/datasets/sagar100rathod/inria-aerial-image-labeling-dataset/AerialImageDataset/train/images/austin30.tif,/kaggle/input/datasets/sagar100rathod/inria-aerial-image-labeling-dataset/AerialImageDataset/train/gt/austin30.tif
test_austin30_4096_3584,test,austin30.tif,austin,3584,4096,512,/kaggle/input/datasets/sagar100rathod/inria-aerial-image-labeling-dataset/AerialImageDataset/train/images/austin30.tif,/kaggle/input/datasets/sagar100rathod/inria-aerial-image-labeling-dataset/AerialImageDataset/train/gt/austin30.tif
test_austin33_0_0,test,austin33.tif,austin,0,0,512,/kaggle/input/datasets/sagar100rathod/inria-aerial-image-labeling-dataset/AerialImageDataset/train/images/austin33.tif,/kaggle/input/datasets/sagar100rathod/inria-aerial-image-labeling-dataset/AerialImageDataset/train/gt/austin33.tif
test_austin33_0_512,test,austin33.tif,austin,512,0,512,/kaggle/input/datasets/sagar100rathod/inria-aerial-image-labeling-dataset/AerialImageDataset/train/images/austin33.tif,/kaggle/input/datasets/sagar100rathod/inria-aerial-image-labeling-dataset/AerialImageDataset/train/gt/austin33.tif
test_austin33_1024_0,test,austin33.tif,austin,0,1024,512,/kaggle/input/datasets/sagar100rathod/inria-aerial-image-labeling-dataset/AerialImageDataset/train/images/austin33.tif,/kaggle/input/datasets/sagar100rathod/inria-aerial-image-labeling-dataset/AerialImageDataset/train/gt/austin33.tif
test_austin33_1024_4096,test,austin33.tif,austin,4096,1024,512,/kaggle/input/datasets/sagar100rathod/inria-aerial-image-labeling-dataset/AerialImageDataset/train/images/austin33.tif,/kaggle/input/datasets/sagar100rathod/inria-aerial-image-labeling-dataset/AerialImageDataset/train/gt/austin33.tif
test_austin33_1536_1536,test,austin33.tif,austin,1536,1536,512,/kaggle/input/datasets/sagar100rathod/inria-aerial-image-labeling-dataset/AerialImageDataset/train/images/austin33.tif,/kaggle/input/datasets/sagar100rathod/inria-aerial-image-labeling-dataset/AerialImageDataset/train/gt/austin33.tif
test_austin33_3584_0,test,austin33.tif,austin,0,3584,512,/kaggle/input/datasets/sagar100rathod/inria-aerial-image-labeling-dataset/AerialImageDataset/train/images/austin33.tif,/kaggle/input/datasets/sagar100rathod/inria-aerial-image-labeling-dataset/AerialImageDataset/train/gt/austin33.tif
test_austin33_3584_1024,test,austin33.tif,austin,1024,3584,512,/kaggle/input/datasets/sagar100rathod/inria-aerial-image-labeling-dataset/AerialImageDataset/train/images/austin33.tif,/kaggle/input/datasets/sagar100rathod/inria-aerial-image-labeling-dataset/AerialImageDataset/train/gt/austin33.tif
test_austin35_0_0,test,austin35.tif,austin,0,0,512,/kaggle/input/datasets/sagar100rathod/inria-aerial-image-labeling-dataset/AerialImageDataset/train/images/austin35.tif,/kaggle/input/datasets/sagar100rathod/inria-aerial-image-labeling-dataset/AerialImageDataset/train/gt/austin35.tif
test_austin35_0_4096,test,austin35.tif,austin,4096,0,512,/kaggle/input/datasets/sagar100rathod/inria-aerial-image-labeling-dataset/AerialImageDataset/train/images/austin35.tif,/kaggle/input/datasets/sagar100rathod/inria-aerial-image-labeling-dataset/AerialImageDataset/train/gt/austin35.tif
test_austin35_1536_0,test,austin35.tif,austin,0,1536,512,/kaggle/input/datasets/sagar100rathod/inria-aerial-image-labeling-dataset/AerialImageDataset/train/images/austin35.tif,/kaggle/input/datasets/sagar100rathod/inria-aerial-image-labeling-dataset/AerialImageDataset/train/gt/austin35.tif
test_austin35_2048_2560,test,austin35.tif,austin,2560,2048,512,/kaggle/input/datasets/sagar100rathod/inria-aerial-image-labeling-dataset/AerialImageDataset/train/images/austin35.tif,/kaggle/input/datasets/sagar100rathod/inria-aerial-image-labeling-dataset/AerialImageDataset/train/gt/austin35.tif
test_austin35_2560_0,test,austin35.tif,austin,0,2560,512,/kaggle/input/datasets/sagar100rathod/inria-aerial-image-labeling-dataset/AerialImageDataset/train/images/austin35.tif,/kaggle/input/datasets/sagar100rathod/inria-aerial-image-labeling-dataset/AerialImageDataset/train/gt/austin35.tif
test_austin35_2560_3072,test,austin35.tif,austin,3072,2560,512,/kaggle/input/datasets/sagar100rathod/inria-aerial-image-labeling-dataset/AerialImageDataset/train/images/austin35.tif,/kaggle/input/datasets/sagar100rathod/inria-aerial-image-labeling-dataset/AerialImageDataset/train/gt/austin35.tif
test_austin35_3584_3072,test,austin35.tif,austin,3072,3584,512,/kaggle/input/datasets/sagar100rathod/inria-aerial-image-labeling-dataset/AerialImageDataset/train/images/austin35.tif,/kaggle/input/datasets/sagar100rathod/inria-aerial-image-labeling-dataset/AerialImageDataset/train/gt/austin35.tif
test_austin9_0_1024,test,austin9.tif,austin,1024,0,512,/kaggle/input/datasets/sagar100rathod/inria-aerial-image-labeling-dataset/AerialImageDataset/train/images/austin9.tif,/kaggle/input/datasets/sagar100rathod/inria-aerial-image-labeling-dataset/AerialImageDataset/train/gt/austin9.tif
test_austin9_0_2048,test,austin9.tif,austin,2048,0,512,/kaggle/input/datasets/sagar100rathod/inria-aerial-image-labeling-dataset/AerialImageDataset/train/images/austin9.tif,/kaggle/input/datasets/sagar100rathod/inria-aerial-image-labeling-dataset/AerialImageDataset/train/gt/austin9.tif
test_austin9_0_4096,test,austin9.tif,austin,4096,0,512,/kaggle/input/datasets/sagar100rathod/inria-aerial-image-labeling-dataset/AerialImageDataset/train/images/austin9.tif,/kaggle/input/datasets/sagar100rathod/inria-aerial-image-labeling-dataset/AerialImageDataset/train/gt/austin9.tif
test_austin9_1024_512,test,austin9.tif,austin,512,1024,512,/kaggle/input/datasets/sagar100rathod/inria-aerial-image-labeling-dataset/AerialImageDataset/train/images/austin9.tif,/kaggle/input/datasets/sagar100rathod/inria-aerial-image-labeling-dataset/AerialImageDataset/train/gt/austin9.tif
test_austin9_1024_4096,test,austin9.tif,austin,4096,1024,512,/kaggle/input/datasets/sagar100rathod/inria-aerial-image-labeling-dataset/AerialImageDataset/train/images/austin9.tif,/kaggle/input/datasets/sagar100rathod/inria-aerial-image-labeling-dataset/AerialImageDataset/train/gt/austin9.tif
test_austin9_1536_0,test,austin9.tif,austin,0,1536,512,/kaggle/input/datasets/sagar100rathod/inria-aerial-image-labeling-dataset/AerialImageDataset/train/images/austin9.tif,/kaggle/input/datasets/sagar100rathod/inria-aerial-image-labeling-dataset/AerialImageDataset/train/gt/austin9.tif
test_austin9_1536_2048,test,austin9.tif,austin,2048,1536,512,/kaggle/input/datasets/sagar100rathod/inria-aerial-image-labeling-dataset/AerialImageDataset/train/images/austin9.tif,/kaggle/input/datasets/sagar100rathod/inria-aerial-image-labeling-dataset/AerialImageDataset/train/gt/austin9.tif
test_austin9_2048_512,test,austin9.tif,austin,512,2048,512,/kaggle/input/datasets/sagar100rathod/inria-aerial-image-labeling-dataset/AerialImageDataset/train/images/austin9.tif,/kaggle/input/datasets/sagar100rathod/inria-aerial-image-labeling-dataset/AerialImageDataset/train/gt/austin9.tif
test_austin9_2560_0,test,austin9.tif,austin,0,2560,512,/kaggle/input/datasets/sagar100rathod/inria-aerial-image-labeling-dataset/AerialImageDataset/train/images/austin9.tif,/kaggle/input/datasets/sagar100rathod/inria-aerial-image-labeling-dataset/AerialImageDataset/train/gt/austin9.tif
test_austin9_2560_1024,test,austin9.tif,austin,1024,2560,512,/kaggle/input/datasets/sagar100rathod/inria-aerial-image-labeling-dataset/AerialImageDataset/train/images/austin9.tif,/kaggle/input/datasets/sagar100rathod/inria-aerial-image-labeling-dataset/AerialImageDataset/train/gt/austin9.tif
test_austin9_3072_2560,test,austin9.tif,austin,2560,3072,512,/kaggle/input/datasets/sagar100rathod/inria-aerial-image-labeling-dataset/AerialImageDataset/train/images/austin9.tif,/kaggle/input/datasets/sagar100rathod/inria-aerial-image-labeling-dataset/AerialImageDataset/train/gt/austin9.tif
test_austin9_3072_3584,test,austin9.tif,austin,3584,3072,512,/kaggle/input/datasets/sagar100rathod/inria-aerial-image-labeling-dataset/AerialImageDataset/train/images/austin9.tif,/kaggle/input/datasets/sagar100rathod/inria-aerial-image-labeling-dataset/AerialImageDataset/train/gt/austin9.tif
test_austin9_4096_1536,test,austin9.tif,austin,1536,4096,512,/kaggle/input/datasets/sagar100rathod/inria-aerial-image-labeling-dataset/AerialImageDataset/train/images/austin9.tif,/kaggle/input/datasets/sagar100rathod/inria-aerial-image-labeling-dataset/AerialImageDataset/train/gt/austin9.tif
test_chicago22_512_0,test,chicago22.tif,chicago,0,512,512,/kaggle/input/datasets/sagar100rathod/inria-aerial-image-labeling-dataset/AerialImageDataset/train/images/chicago22.tif,/kaggle/input/datasets/sagar100rathod/inria-aerial-image-labeling-dataset/AerialImageDataset/train/gt/chicago22.tif
test_chicago22_512_4096,test,chicago22.tif,chicago,4096,512,512,/kaggle/input/datasets/sagar100rathod/inria-aerial-image-labeling-dataset/AerialImageDataset/train/images/chicago22.tif,/kaggle/input/datasets/sagar100rathod/inria-aerial-image-labeling-dataset/AerialImageDataset/train/gt/chicago22.tif
test_chicago22_1024_1024,test,chicago22.tif,chicago,1024,1024,512,/kaggle/input/datasets/sagar100rathod/inria-aerial-image-labeling-dataset/AerialImageDataset/train/images/chicago22.tif,/kaggle/input/datasets/sagar100rathod/inria-aerial-image-labeling-dataset/AerialImageDataset/train/gt/chicago22.tif
test_chicago22_1024_2048,test,chicago22.tif,chicago,2048,1024,512,/kaggle/input/datasets/sagar100rathod/inria-aerial-image-labeling-dataset/AerialImageDataset/train/images/chicago22.tif,/kaggle/input/datasets/sagar100rathod/inria-aerial-image-labeling-dataset/AerialImageDataset/train/gt/chicago22.tif
test_chicago22_1024_3072,test,chicago22.tif,chicago,3072,1024,512,/kaggle/input/datasets/sagar100rathod/inria-aerial-image-labeling-dataset/AerialImageDataset/train/images/chicago22.tif,/kaggle/input/datasets/sagar100rathod/inria-aerial-image-labeling-dataset/AerialImageDataset/train/gt/chicago22.tif
test_chicago22_1536_1536,test,chicago22.tif,chicago,1536,1536,512,/kaggle/input/datasets/sagar100rathod/inria-aerial-image-labeling-dataset/AerialImageDataset/train/images/chicago22.tif,/kaggle/input/datasets/sagar100rathod/inria-aerial-image-labeling-dataset/AerialImageDataset/train/gt/chicago22.tif
test_chicago22_1536_3072,test,chicago22.tif,chicago,3072,1536,512,/kaggle/input/datasets/sagar100rathod/inria-aerial-image-labeling-dataset/AerialImageDataset/train/images/chicago22.tif,/kaggle/input/datasets/sagar100rathod/inria-aerial-image-labeling-dataset/AerialImageDataset/train/gt/chicago22.tif
test_chicago22_2048_1024,test,chicago22.tif,chicago,1024,2048,512,/kaggle/input/datasets/sagar100rathod/inria-aerial-image-labeling-dataset/AerialImageDataset/train/images/chicago22.tif,/kaggle/input/datasets/sagar100rathod/inria-aerial-image-labeling-dataset/AerialImageDataset/train/gt/chicago22.tif
test_chicago22_2560_0,test,chicago22.tif,chicago,0,2560,512,/kaggle/input/datasets/sagar100rathod/inria-aerial-image-labeling-dataset/AerialImageDataset/train/images/chicago22.tif,/kaggle/input/datasets/sagar100rathod/inria-aerial-image-labeling-dataset/AerialImageDataset/train/gt/chicago22.tif
test_chicago22_3584_0,test,chicago22.tif,chicago,0,3584,512,/kaggle/input/datasets/sagar100rathod/inria-aerial-image-labeling-dataset/AerialImageDataset/train/images/chicago22.tif,/kaggle/input/datasets/sagar100rathod/inria-aerial-image-labeling-dataset/AerialImageDataset/train/gt/chicago22.tif
test_chicago22_3584_2048,test,chicago22.tif,chicago,2048,3584,512,/kaggle/input/datasets/sagar100rathod/inria-aerial-image-labeling-dataset/AerialImageDataset/train/images/chicago22.tif,/kaggle/input/datasets/sagar100rathod/inria-aerial-image-labeling-dataset/AerialImageDataset/train/gt/chicago22.tif
test_chicago27_0_3072,test,chicago27.tif,chicago,3072,0,512,/kaggle/input/datasets/sagar100rathod/inria-aerial-image-labeling-dataset/AerialImageDataset/train/images/chicago27.tif,/kaggle/input/datasets/sagar100rathod/inria-aerial-image-labeling-dataset/AerialImageDataset/train/gt/chicago27.tif
test_chicago27_0_4096,test,chicago27.tif,chicago,4096,0,512,/kaggle/input/datasets/sagar100rathod/inria-aerial-image-labeling-dataset/AerialImageDataset/train/images/chicago27.tif,/kaggle/input/datasets/sagar100rathod/inria-aerial-image-labeling-dataset/AerialImageDataset/train/gt/chicago27.tif
test_chicago27_512_1024,test,chicago27.tif,chicago,1024,512,512,/kaggle/input/datasets/sagar100rathod/inria-aerial-image-labeling-dataset/AerialImageDataset/train/images/chicago27.tif,/kaggle/input/datasets/sagar100rathod/inria-aerial-image-labeling-dataset/AerialImageDataset/train/gt/chicago27.tif
test_chicago27_512_3584,test,chicago27.tif,chicago,3584,512,512,/kaggle/input/datasets/sagar100rathod/inria-aerial-image-labeling-dataset/AerialImageDataset/train/images/chicago27.tif,/kaggle/input/datasets/sagar100rathod/inria-aerial-image-labeling-dataset/AerialImageDataset/train/gt/chicago27.tif
test_chicago27_1024_1536,test,chicago27.tif,chicago,1536,1024,512,/kaggle/input/datasets/sagar100rathod/inria-aerial-image-labeling-dataset/AerialImageDataset/train/images/chicago27.tif,/kaggle/input/datasets/sagar100rathod/inria-aerial-image-labeling-dataset/AerialImageDataset/train/gt/chicago27.tif
test_chicago27_1024_2048,test,chicago27.tif,chicago,2048,1024,512,/kaggle/input/datasets/sagar100rathod/inria-aerial-image-labeling-dataset/AerialImageDataset/train/images/chicago27.tif,/kaggle/input/datasets/sagar100rathod/inria-aerial-image-labeling-dataset/AerialImageDataset/train/gt/chicago27.tif
test_chicago27_1024_4096,test,chicago27.tif,chicago,4096,1024,512,/kaggle/input/datasets/sagar100rathod/inria-aerial-image-labeling-dataset/AerialImageDataset/train/images/chicago27.tif,/kaggle/input/datasets/sagar100rathod/inria-aerial-image-labeling-dataset/AerialImageDataset/train/gt/chicago27.tif
test_chicago27_1536_1536,test,chicago27.tif,chicago,1536,1536,512,/kaggle/input/datasets/sagar100rathod/inria-aerial-image-labeling-dataset/AerialImageDataset/train/images/chicago27.tif,/kaggle/input/datasets/sagar100rathod/inria-aerial-image-labeling-dataset/AerialImageDataset/train/gt/chicago27.tif
test_chicago27_2048_512,test,chicago27.tif,chicago,512,2048,512,/kaggle/input/datasets/sagar100rathod/inria-aerial-image-labeling-dataset/AerialImageDataset/train/images/chicago27.tif,/kaggle/input/datasets/sagar100rathod/inria-aerial-image-labeling-dataset/AerialImageDataset/train/gt/chicago27.tif
test_chicago27_2560_2560,test,chicago27.tif,chicago,2560,2560,512,/kaggle/input/datasets/sagar100rathod/inria-aerial-image-labeling-dataset/AerialImageDataset/train/images/chicago27.tif,/kaggle/input/datasets/sagar100rathod/inria-aerial-image-labeling-dataset/AerialImageDataset/train/gt/chicago27.tif
test_chicago27_2560_3584,test,chicago27.tif,chicago,3584,2560,512,/kaggle/input/datasets/sagar100rathod/inria-aerial-image-labeling-dataset/AerialImageDataset/train/images/chicago27.tif,/kaggle/input/datasets/sagar100rathod/inria-aerial-image-labeling-dataset/AerialImageDataset/train/gt/chicago27.tif
test_chicago27_4096_1024,test,chicago27.tif,chicago,1024,4096,512,/kaggle/input/datasets/sagar100rathod/inria-aerial-image-labeling-dataset/AerialImageDataset/train/images/chicago27.tif,/kaggle/input/datasets/sagar100rathod/inria-aerial-image-labeling-dataset/AerialImageDataset/train/gt/chicago27.tif
test_chicago27_4096_2048,test,chicago27.tif,chicago,2048,4096,512,/kaggle/input/datasets/sagar100rathod/inria-aerial-image-labeling-dataset/AerialImageDataset/train/images/chicago27.tif,/kaggle/input/datasets/sagar100rathod/inria-aerial-image-labeling-dataset/AerialImageDataset/train/gt/chicago27.tif
test_chicago28_0_3072,test,chicago28.tif,chicago,3072,0,512,/kaggle/input/datasets/sagar100rathod/inria-aerial-image-labeling-dataset/AerialImageDataset/train/images/chicago28.tif,/kaggle/input/datasets/sagar100rathod/inria-aerial-image-labeling-dataset/AerialImageDataset/train/gt/chicago28.tif
test_chicago28_1536_1024,test,chicago28.tif,chicago,1024,1536,512,/kaggle/input/datasets/sagar100rathod/inria-aerial-image-labeling-dataset/AerialImageDataset/train/images/chicago28.tif,/kaggle/input/datasets/sagar100rathod/inria-aerial-image-labeling-dataset/AerialImageDataset/train/gt/chicago28.tif
test_chicago28_1536_3584,test,chicago28.tif,chicago,3584,1536,512,/kaggle/input/datasets/sagar100rathod/inria-aerial-image-labeling-dataset/AerialImageDataset/train/images/chicago28.tif,/kaggle/input/datasets/sagar100rathod/inria-aerial-image-labeling-dataset/AerialImageDataset/train/gt/chicago28.tif
test_chicago28_2560_2048,test,chicago28.tif,chicago,2048,2560,512,/kaggle/input/datasets/sagar100rathod/inria-aerial-image-labeling-dataset/AerialImageDataset/train/images/chicago28.tif,/kaggle/input/datasets/sagar100rathod/inria-aerial-image-labeling-dataset/AerialImageDataset/train/gt/chicago28.tif
test_chicago28_4096_1024,test,chicago28.tif,chicago,1024,4096,512,/kaggle/input/datasets/sagar100rathod/inria-aerial-image-labeling-dataset/AerialImageDataset/train/images/chicago28.tif,/kaggle/input/datasets/sagar100rathod/inria-aerial-image-labeling-dataset/AerialImageDataset/train/gt/chicago28.tif
test_chicago28_4096_1536,test,chicago28.tif,chicago,1536,4096,512,/kaggle/input/datasets/sagar100rathod/inria-aerial-image-labeling-dataset/AerialImageDataset/train/images/chicago28.tif,/kaggle/input/datasets/sagar100rathod/inria-aerial-image-labeling-dataset/AerialImageDataset/train/gt/chicago28.tif
test_chicago28_4096_2048,test,chicago28.tif,chicago,2048,4096,512,/kaggle/input/datasets/sagar100rathod/inria-aerial-image-labeling-dataset/AerialImageDataset/train/images/chicago28.tif,/kaggle/input/datasets/sagar100rathod/inria-aerial-image-labeling-dataset/AerialImageDataset/train/gt/chicago28.tif
test_chicago29_512_2560,test,chicago29.tif,chicago,2560,512,512,/kaggle/input/datasets/sagar100rathod/inria-aerial-image-labeling-dataset/AerialImageDataset/train/images/chicago29.tif,/kaggle/input/datasets/sagar100rathod/inria-aerial-image-labeling-dataset/AerialImageDataset/train/gt/chicago29.tif
test_chicago29_1536_2560,test,chicago29.tif,chicago,2560,1536,512,/kaggle/input/datasets/sagar100rathod/inria-aerial-image-labeling-dataset/AerialImageDataset/train/images/chicago29.tif,/kaggle/input/datasets/sagar100rathod/inria-aerial-image-labeling-dataset/AerialImageDataset/train/gt/chicago29.tif
test_chicago29_2048_2560,test,chicago29.tif,chicago,2560,2048,512,/kaggle/input/datasets/sagar100rathod/inria-aerial-image-labeling-dataset/AerialImageDataset/train/images/chicago29.tif,/kaggle/input/datasets/sagar100rathod/inria-aerial-image-labeling-dataset/AerialImageDataset/train/gt/chicago29.tif
test_chicago29_2048_3072,test,chicago29.tif,chicago,3072,2048,512,/kaggle/input/datasets/sagar100rathod/inria-aerial-image-labeling-dataset/AerialImageDataset/train/images/chicago29.tif,/kaggle/input/datasets/sagar100rathod/inria-aerial-image-labeling-dataset/AerialImageDataset/train/gt/chicago29.tif
test_chicago29_2560_2048,test,chicago29.tif,chicago,2048,2560,512,/kaggle/input/datasets/sagar100rathod/inria-aerial-image-labeling-dataset/AerialImageDataset/train/images/chicago29.tif,/kaggle/input/datasets/sagar100rathod/inria-aerial-image-labeling-dataset/AerialImageDataset/train/gt/chicago29.tif
test_chicago29_2560_2560,test,chicago29.tif,chicago,2560,2560,512,/kaggle/input/datasets/sagar100rathod/inria-aerial-image-labeling-dataset/AerialImageDataset/train/images/chicago29.tif,/kaggle/input/datasets/sagar100rathod/inria-aerial-image-labeling-dataset/AerialImageDataset/train/gt/chicago29.tif
test_chicago29_3584_512,test,chicago29.tif,chicago,512,3584,512,/kaggle/input/datasets/sagar100rathod/inria-aerial-image-labeling-dataset/AerialImageDataset/train/images/chicago29.tif,/kaggle/input/datasets/sagar100rathod/inria-aerial-image-labeling-dataset/AerialImageDataset/train/gt/chicago29.tif
test_chicago29_4096_1024,test,chicago29.tif,chicago,1024,4096,512,/kaggle/input/datasets/sagar100rathod/inria-aerial-image-labeling-dataset/AerialImageDataset/train/images/chicago29.tif,/kaggle/input/datasets/sagar100rathod/inria-aerial-image-labeling-dataset/AerialImageDataset/train/gt/chicago29.tif
test_chicago29_4096_2560,test,chicago29.tif,chicago,2560,4096,512,/kaggle/input/datasets/sagar100rathod/inria-aerial-image-labeling-dataset/AerialImageDataset/train/images/chicago29.tif,/kaggle/input/datasets/sagar100rathod/inria-aerial-image-labeling-dataset/AerialImageDataset/train/gt/chicago29.tif
test_chicago30_0_3584,test,chicago30.tif,chicago,3584,0,512,/kaggle/input/datasets/sagar100rathod/inria-aerial-image-labeling-dataset/AerialImageDataset/train/images/chicago30.tif,/kaggle/input/datasets/sagar100rathod/inria-aerial-image-labeling-dataset/AerialImageDataset/train/gt/chicago30.tif
test_chicago30_512_1024,test,chicago30.tif,chicago,1024,512,512,/kaggle/input/datasets/sagar100rathod/inria-aerial-image-labeling-dataset/AerialImageDataset/train/images/chicago30.tif,/kaggle/input/datasets/sagar100rathod/inria-aerial-image-labeling-dataset/AerialImageDataset/train/gt/chicago30.tif
test_chicago30_1024_512,test,chicago30.tif,chicago,512,1024,512,/kaggle/input/datasets/sagar100rathod/inria-aerial-image-labeling-dataset/AerialImageDataset/train/images/chicago30.tif,/kaggle/input/datasets/sagar100rathod/inria-aerial-image-labeling-dataset/AerialImageDataset/train/gt/chicago30.tif
test_chicago30_1024_2560,test,chicago30.tif,chicago,2560,1024,512,/kaggle/input/datasets/sagar100rathod/inria-aerial-image-labeling-dataset/AerialImageDataset/train/images/chicago30.tif,/kaggle/input/datasets/sagar100rathod/inria-aerial-image-labeling-dataset/AerialImageDataset/train/gt/chicago30.tif
test_chicago30_1536_512,test,chicago30.tif,chicago,512,1536,512,/kaggle/input/datasets/sagar100rathod/inria-aerial-image-labeling-dataset/AerialImageDataset/train/images/chicago30.tif,/kaggle/input/datasets/sagar100rathod/inria-aerial-image-labeling-dataset/AerialImageDataset/train/gt/chicago30.tif
test_chicago30_1536_4096,test,chicago30.tif,chicago,4096,1536,512,/kaggle/input/datasets/sagar100rathod/inria-aerial-image-labeling-dataset/AerialImageDataset/train/images/chicago30.tif,/kaggle/input/datasets/sagar100rathod/inria-aerial-image-labeling-dataset/AerialImageDataset/train/gt/chicago30.tif
test_chicago30_2048_1536,test,chicago30.tif,chicago,1536,2048,512,/kaggle/input/datasets/sagar100rathod/inria-aerial-image-labeling-dataset/AerialImageDataset/train/images/chicago30.tif,/kaggle/input/datasets/sagar100rathod/inria-aerial-image-labeling-dataset/AerialImageDataset/train/gt/chicago30.tif
test_chicago30_2048_3072,test,chicago30.tif,chicago,3072,2048,512,/kaggle/input/datasets/sagar100rathod/inria-aerial-image-labeling-dataset/AerialImageDataset/train/images/chicago30.tif,/kaggle/input/datasets/sagar100rathod/inria-aerial-image-labeling-dataset/AerialImageDataset/train/gt/chicago30.tif
test_chicago30_2560_512,test,chicago30.tif,chicago,512,2560,512,/kaggle/input/datasets/sagar100rathod/inria-aerial-image-labeling-dataset/AerialImageDataset/train/images/chicago30.tif,/kaggle/input/datasets/sagar100rathod/inria-aerial-image-labeling-dataset/AerialImageDataset/train/gt/chicago30.tif
test_chicago30_3072_0,test,chicago30.tif,chicago,0,3072,512,/kaggle/input/datasets/sagar100rathod/inria-aerial-image-labeling-dataset/AerialImageDataset/train/images/chicago30.tif,/kaggle/input/datasets/sagar100rathod/inria-aerial-image-labeling-dataset/AerialImageDataset/train/gt/chicago30.tif
test_chicago30_3072_3072,test,chicago30.tif,chicago,3072,3072,512,/kaggle/input/datasets/sagar100rathod/inria-aerial-image-labeling-dataset/AerialImageDataset/train/images/chicago30.tif,/kaggle/input/datasets/sagar100rathod/inria-aerial-image-labeling-dataset/AerialImageDataset/train/gt/chicago30.tif
test_chicago30_3584_0,test,chicago30.tif,chicago,0,3584,512,/kaggle/input/datasets/sagar100rathod/inria-aerial-image-labeling-dataset/AerialImageDataset/train/images/chicago30.tif,/kaggle/input/datasets/sagar100rathod/inria-aerial-image-labeling-dataset/AerialImageDataset/train/gt/chicago30.tif
test_chicago33_512_512,test,chicago33.tif,chicago,512,512,512,/kaggle/input/datasets/sagar100rathod/inria-aerial-image-labeling-dataset/AerialImageDataset/train/images/chicago33.tif,/kaggle/input/datasets/sagar100rathod/inria-aerial-image-labeling-dataset/AerialImageDataset/train/gt/chicago33.tif
test_chicago33_512_1536,test,chicago33.tif,chicago,1536,512,512,/kaggle/input/datasets/sagar100rathod/inria-aerial-image-labeling-dataset/AerialImageDataset/train/images/chicago33.tif,/kaggle/input/datasets/sagar100rathod/inria-aerial-image-labeling-dataset/AerialImageDataset/train/gt/chicago33.tif
test_chicago33_512_2560,test,chicago33.tif,chicago,2560,512,512,/kaggle/input/datasets/sagar100rathod/inria-aerial-image-labeling-dataset/AerialImageDataset/train/images/chicago33.tif,/kaggle/input/datasets/sagar100rathod/inria-aerial-image-labeling-dataset/AerialImageDataset/train/gt/chicago33.tif
test_chicago33_512_4096,test,chicago33.tif,chicago,4096,512,512,/kaggle/input/datasets/sagar100rathod/inria-aerial-image-labeling-dataset/AerialImageDataset/train/images/chicago33.tif,/kaggle/input/datasets/sagar100rathod/inria-aerial-image-labeling-dataset/AerialImageDataset/train/gt/chicago33.tif
test_chicago33_1536_512,test,chicago33.tif,chicago,512,1536,512,/kaggle/input/datasets/sagar100rathod/inria-aerial-image-labeling-dataset/AerialImageDataset/train/images/chicago33.tif,/kaggle/input/datasets/sagar100rathod/inria-aerial-image-labeling-dataset/AerialImageDataset/train/gt/chicago33.tif
test_chicago33_1536_3072,test,chicago33.tif,chicago,3072,1536,512,/kaggle/input/datasets/sagar100rathod/inria-aerial-image-labeling-dataset/AerialImageDataset/train/images/chicago33.tif,/kaggle/input/datasets/sagar100rathod/inria-aerial-image-labeling-dataset/AerialImageDataset/train/gt/chicago33.tif
test_chicago33_2048_3072,test,chicago33.tif,chicago,3072,2048,512,/kaggle/input/datasets/sagar100rathod/inria-aerial-image-labeling-dataset/AerialImageDataset/train/images/chicago33.tif,/kaggle/input/datasets/sagar100rathod/inria-aerial-image-labeling-dataset/AerialImageDataset/train/gt/chicago33.tif
test_chicago33_2560_2560,test,chicago33.tif,chicago,2560,2560,512,/kaggle/input/datasets/sagar100rathod/inria-aerial-image-labeling-dataset/AerialImageDataset/train/images/chicago33.tif,/kaggle/input/datasets/sagar100rathod/inria-aerial-image-labeling-dataset/AerialImageDataset/train/gt/chicago33.tif
test_chicago33_3584_2560,test,chicago33.tif,chicago,2560,3584,512,/kaggle/input/datasets/sagar100rathod/inria-aerial-image-labeling-dataset/AerialImageDataset/train/images/chicago33.tif,/kaggle/input/datasets/sagar100rathod/inria-aerial-image-labeling-dataset/AerialImageDataset/train/gt/chicago33.tif
test_chicago33_3584_3584,test,chicago33.tif,chicago,3584,3584,512,/kaggle/input/datasets/sagar100rathod/inria-aerial-image-labeling-dataset/AerialImageDataset/train/images/chicago33.tif,/kaggle/input/datasets/sagar100rathod/inria-aerial-image-labeling-dataset/AerialImageDataset/train/gt/chicago33.tif
test_chicago33_4096_1024,test,chicago33.tif,chicago,1024,4096,512,/kaggle/input/datasets/sagar100rathod/inria-aerial-image-labeling-dataset/AerialImageDataset/train/images/chicago33.tif,/kaggle/input/datasets/sagar100rathod/inria-aerial-image-labeling-dataset/AerialImageDataset/train/gt/chicago33.tif
test_chicago8_0_1536,test,chicago8.tif,chicago,1536,0,512,/kaggle/input/datasets/sagar100rathod/inria-aerial-image-labeling-dataset/AerialImageDataset/train/images/chicago8.tif,/kaggle/input/datasets/sagar100rathod/inria-aerial-image-labeling-dataset/AerialImageDataset/train/gt/chicago8.tif
test_chicago8_0_4096,test,chicago8.tif,chicago,4096,0,512,/kaggle/input/datasets/sagar100rathod/inria-aerial-image-labeling-dataset/AerialImageDataset/train/images/chicago8.tif,/kaggle/input/datasets/sagar100rathod/inria-aerial-image-labeling-dataset/AerialImageDataset/train/gt/chicago8.tif
test_chicago8_512_1024,test,chicago8.tif,chicago,1024,512,512,/kaggle/input/datasets/sagar100rathod/inria-aerial-image-labeling-dataset/AerialImageDataset/train/images/chicago8.tif,/kaggle/input/datasets/sagar100rathod/inria-aerial-image-labeling-dataset/AerialImageDataset/train/gt/chicago8.tif
test_chicago8_1024_1024,test,chicago8.tif,chicago,1024,1024,512,/kaggle/input/datasets/sagar100rathod/inria-aerial-image-labeling-dataset/AerialImageDataset/train/images/chicago8.tif,/kaggle/input/datasets/sagar100rathod/inria-aerial-image-labeling-dataset/AerialImageDataset/train/gt/chicago8.tif
test_chicago8_1024_2048,test,chicago8.tif,chicago,2048,1024,512,/kaggle/input/datasets/sagar100rathod/inria-aerial-image-labeling-dataset/AerialImageDataset/train/images/chicago8.tif,/kaggle/input/datasets/sagar100rathod/inria-aerial-image-labeling-dataset/AerialImageDataset/train/gt/chicago8.tif
test_chicago8_2048_1536,test,chicago8.tif,chicago,1536,2048,512,/kaggle/input/datasets/sagar100rathod/inria-aerial-image-labeling-dataset/AerialImageDataset/train/images/chicago8.tif,/kaggle/input/datasets/sagar100rathod/inria-aerial-image-labeling-dataset/AerialImageDataset/train/gt/chicago8.tif
test_chicago8_2048_4096,test,chicago8.tif,chicago,4096,2048,512,/kaggle/input/datasets/sagar100rathod/inria-aerial-image-labeling-dataset/AerialImageDataset/train/images/chicago8.tif,/kaggle/input/datasets/sagar100rathod/inria-aerial-image-labeling-dataset/AerialImageDataset/train/gt/chicago8.tif
test_chicago8_2560_1024,test,chicago8.tif,chicago,1024,2560,512,/kaggle/input/datasets/sagar100rathod/inria-aerial-image-labeling-dataset/AerialImageDataset/train/images/chicago8.tif,/kaggle/input/datasets/sagar100rathod/inria-aerial-image-labeling-dataset/AerialImageDataset/train/gt/chicago8.tif
test_chicago8_3072_1024,test,chicago8.tif,chicago,1024,3072,512,/kaggle/input/datasets/sagar100rathod/inria-aerial-image-labeling-dataset/AerialImageDataset/train/images/chicago8.tif,/kaggle/input/datasets/sagar100rathod/inria-aerial-image-labeling-dataset/AerialImageDataset/train/gt/chicago8.tif
test_chicago8_3072_3072,test,chicago8.tif,chicago,3072,3072,512,/kaggle/input/datasets/sagar100rathod/inria-aerial-image-labeling-dataset/AerialImageDataset/train/images/chicago8.tif,/kaggle/input/datasets/sagar100rathod/inria-aerial-image-labeling-dataset/AerialImageDataset/train/gt/chicago8.tif
test_chicago8_3072_4096,test,chicago8.tif,chicago,4096,3072,512,/kaggle/input/datasets/sagar100rathod/inria-aerial-image-labeling-dataset/AerialImageDataset/train/images/chicago8.tif,/kaggle/input/datasets/sagar100rathod/inria-aerial-image-labeling-dataset/AerialImageDataset/train/gt/chicago8.tif
test_chicago8_3584_2048,test,chicago8.tif,chicago,2048,3584,512,/kaggle/input/datasets/sagar100rathod/inria-aerial-image-labeling-dataset/AerialImageDataset/train/images/chicago8.tif,/kaggle/input/datasets/sagar100rathod/inria-aerial-image-labeling-dataset/AerialImageDataset/train/gt/chicago8.tif
test_chicago8_4096_0,test,chicago8.tif,chicago,0,4096,512,/kaggle/input/datasets/sagar100rathod/inria-aerial-image-labeling-dataset/AerialImageDataset/train/images/chicago8.tif,/kaggle/input/datasets/sagar100rathod/inria-aerial-image-labeling-dataset/AerialImageDataset/train/gt/chicago8.tif
test_chicago8_4096_1536,test,chicago8.tif,chicago,1536,4096,512,/kaggle/input/datasets/sagar100rathod/inria-aerial-image-labeling-dataset/AerialImageDataset/train/images/chicago8.tif,/kaggle/input/datasets/sagar100rathod/inria-aerial-image-labeling-dataset/AerialImageDataset/train/gt/chicago8.tif
test_chicago8_4096_4096,test,chicago8.tif,chicago,4096,4096,512,/kaggle/input/datasets/sagar100rathod/inria-aerial-image-labeling-dataset/AerialImageDataset/train/images/chicago8.tif,/kaggle/input/datasets/sagar100rathod/inria-aerial-image-labeling-dataset/AerialImageDataset/train/gt/chicago8.tif
test_kitsap9_0_3584,test,kitsap9.tif,kitsap,3584,0,512,/kaggle/input/datasets/sagar100rathod/inria-aerial-image-labeling-dataset/AerialImageDataset/train/images/kitsap9.tif,/kaggle/input/datasets/sagar100rathod/inria-aerial-image-labeling-dataset/AerialImageDataset/train/gt/kitsap9.tif
test_kitsap9_512_1024,test,kitsap9.tif,kitsap,1024,512,512,/kaggle/input/datasets/sagar100rathod/inria-aerial-image-labeling-dataset/AerialImageDataset/train/images/kitsap9.tif,/kaggle/input/datasets/sagar100rathod/inria-aerial-image-labeling-dataset/AerialImageDataset/train/gt/kitsap9.tif
test_kitsap9_512_4096,test,kitsap9.tif,kitsap,4096,512,512,/kaggle/input/datasets/sagar100rathod/inria-aerial-image-labeling-dataset/AerialImageDataset/train/images/kitsap9.tif,/kaggle/input/datasets/sagar100rathod/inria-aerial-image-labeling-dataset/AerialImageDataset/train/gt/kitsap9.tif
test_kitsap9_1536_0,test,kitsap9.tif,kitsap,0,1536,512,/kaggle/input/datasets/sagar100rathod/inria-aerial-image-labeling-dataset/AerialImageDataset/train/images/kitsap9.tif,/kaggle/input/datasets/sagar100rathod/inria-aerial-image-labeling-dataset/AerialImageDataset/train/gt/kitsap9.tif
test_kitsap9_1536_1536,test,kitsap9.tif,kitsap,1536,1536,512,/kaggle/input/datasets/sagar100rathod/inria-aerial-image-labeling-dataset/AerialImageDataset/train/images/kitsap9.tif,/kaggle/input/datasets/sagar100rathod/inria-aerial-image-labeling-dataset/AerialImageDataset/train/gt/kitsap9.tif
test_kitsap9_2048_0,test,kitsap9.tif,kitsap,0,2048,512,/kaggle/input/datasets/sagar100rathod/inria-aerial-image-labeling-dataset/AerialImageDataset/train/images/kitsap9.tif,/kaggle/input/datasets/sagar100rathod/inria-aerial-image-labeling-dataset/AerialImageDataset/train/gt/kitsap9.tif
test_kitsap9_2048_2048,test,kitsap9.tif,kitsap,2048,2048,512,/kaggle/input/datasets/sagar100rathod/inria-aerial-image-labeling-dataset/AerialImageDataset/train/images/kitsap9.tif,/kaggle/input/datasets/sagar100rathod/inria-aerial-image-labeling-dataset/AerialImageDataset/train/gt/kitsap9.tif
test_kitsap9_2048_4096,test,kitsap9.tif,kitsap,4096,2048,512,/kaggle/input/datasets/sagar100rathod/inria-aerial-image-labeling-dataset/AerialImageDataset/train/images/kitsap9.tif,/kaggle/input/datasets/sagar100rathod/inria-aerial-image-labeling-dataset/AerialImageDataset/train/gt/kitsap9.tif
test_kitsap9_2560_0,test,kitsap9.tif,kitsap,0,2560,512,/kaggle/input/datasets/sagar100rathod/inria-aerial-image-labeling-dataset/AerialImageDataset/train/images/kitsap9.tif,/kaggle/input/datasets/sagar100rathod/inria-aerial-image-labeling-dataset/AerialImageDataset/train/gt/kitsap9.tif
test_kitsap9_3584_1536,test,kitsap9.tif,kitsap,1536,3584,512,/kaggle/input/datasets/sagar100rathod/inria-aerial-image-labeling-dataset/AerialImageDataset/train/images/kitsap9.tif,/kaggle/input/datasets/sagar100rathod/inria-aerial-image-labeling-dataset/AerialImageDataset/train/gt/kitsap9.tif
test_kitsap9_3584_3072,test,kitsap9.tif,kitsap,3072,3584,512,/kaggle/input/datasets/sagar100rathod/inria-aerial-image-labeling-dataset/AerialImageDataset/train/images/kitsap9.tif,/kaggle/input/datasets/sagar100rathod/inria-aerial-image-labeling-dataset/AerialImageDataset/train/gt/kitsap9.tif
test_kitsap9_4096_512,test,kitsap9.tif,kitsap,512,4096,512,/kaggle/input/datasets/sagar100rathod/inria-aerial-image-labeling-dataset/AerialImageDataset/train/images/kitsap9.tif,/kaggle/input/datasets/sagar100rathod/inria-aerial-image-labeling-dataset/AerialImageDataset/train/gt/kitsap9.tif
test_kitsap9_4096_3584,test,kitsap9.tif,kitsap,3584,4096,512,/kaggle/input/datasets/sagar100rathod/inria-aerial-image-labeling-dataset/AerialImageDataset/train/images/kitsap9.tif,/kaggle/input/datasets/sagar100rathod/inria-aerial-image-labeling-dataset/AerialImageDataset/train/gt/kitsap9.tif
test_tyrol-w1_512_512,test,tyrol-w1.tif,tyrol-w,512,512,512,/kaggle/input/datasets/sagar100rathod/inria-aerial-image-labeling-dataset/AerialImageDataset/train/images/tyrol-w1.tif,/kaggle/input/datasets/sagar100rathod/inria-aerial-image-labeling-dataset/AerialImageDataset/train/gt/tyrol-w1.tif
test_tyrol-w1_1024_1024,test,tyrol-w1.tif,tyrol-w,1024,1024,512,/kaggle/input/datasets/sagar100rathod/inria-aerial-image-labeling-dataset/AerialImageDataset/train/images/tyrol-w1.tif,/kaggle/input/datasets/sagar100rathod/inria-aerial-image-labeling-dataset/AerialImageDataset/train/gt/tyrol-w1.tif
test_tyrol-w1_2560_1536,test,tyrol-w1.tif,tyrol-w,1536,2560,512,/kaggle/input/datasets/sagar100rathod/inria-aerial-image-labeling-dataset/AerialImageDataset/train/images/tyrol-w1.tif,/kaggle/input/datasets/sagar100rathod/inria-aerial-image-labeling-dataset/AerialImageDataset/train/gt/tyrol-w1.tif
test_tyrol-w1_2560_2560,test,tyrol-w1.tif,tyrol-w,2560,2560,512,/kaggle/input/datasets/sagar100rathod/inria-aerial-image-labeling-dataset/AerialImageDataset/train/images/tyrol-w1.tif,/kaggle/input/datasets/sagar100rathod/inria-aerial-image-labeling-dataset/AerialImageDataset/train/gt/tyrol-w1.tif
test_tyrol-w1_2560_3072,test,tyrol-w1.tif,tyrol-w,3072,2560,512,/kaggle/input/datasets/sagar100rathod/inria-aerial-image-labeling-dataset/AerialImageDataset/train/images/tyrol-w1.tif,/kaggle/input/datasets/sagar100rathod/inria-aerial-image-labeling-dataset/AerialImageDataset/train/gt/tyrol-w1.tif
test_tyrol-w1_2560_3584,test,tyrol-w1.tif,tyrol-w,3584,2560,512,/kaggle/input/datasets/sagar100rathod/inria-aerial-image-labeling-dataset/AerialImageDataset/train/images/tyrol-w1.tif,/kaggle/input/datasets/sagar100rathod/inria-aerial-image-labeling-dataset/AerialImageDataset/train/gt/tyrol-w1.tif
test_tyrol-w1_3072_4096,test,tyrol-w1.tif,tyrol-w,4096,3072,512,/kaggle/input/datasets/sagar100rathod/inria-aerial-image-labeling-dataset/AerialImageDataset/train/images/tyrol-w1.tif,/kaggle/input/datasets/sagar100rathod/inria-aerial-image-labeling-dataset/AerialImageDataset/train/gt/tyrol-w1.tif
test_tyrol-w1_3584_3584,test,tyrol-w1.tif,tyrol-w,3584,3584,512,/kaggle/input/datasets/sagar100rathod/inria-aerial-image-labeling-dataset/AerialImageDataset/train/images/tyrol-w1.tif,/kaggle/input/datasets/sagar100rathod/inria-aerial-image-labeling-dataset/AerialImageDataset/train/gt/tyrol-w1.tif
test_tyrol-w1_4096_1024,test,tyrol-w1.tif,tyrol-w,1024,4096,512,/kaggle/input/datasets/sagar100rathod/inria-aerial-image-labeling-dataset/AerialImageDataset/train/images/tyrol-w1.tif,/kaggle/input/datasets/sagar100rathod/inria-aerial-image-labeling-dataset/AerialImageDataset/train/gt/tyrol-w1.tif
test_tyrol-w1_4096_1536,test,tyrol-w1.tif,tyrol-w,1536,4096,512,/kaggle/input/datasets/sagar100rathod/inria-aerial-image-labeling-dataset/AerialImageDataset/train/images/tyrol-w1.tif,/kaggle/input/datasets/sagar100rathod/inria-aerial-image-labeling-dataset/AerialImageDataset/train/gt/tyrol-w1.tif
test_tyrol-w15_0_3584,test,tyrol-w15.tif,tyrol-w,3584,0,512,/kaggle/input/datasets/sagar100rathod/inria-aerial-image-labeling-dataset/AerialImageDataset/train/images/tyrol-w15.tif,/kaggle/input/datasets/sagar100rathod/inria-aerial-image-labeling-dataset/AerialImageDataset/train/gt/tyrol-w15.tif
test_tyrol-w15_512_1024,test,tyrol-w15.tif,tyrol-w,1024,512,512,/kaggle/input/datasets/sagar100rathod/inria-aerial-image-labeling-dataset/AerialImageDataset/train/images/tyrol-w15.tif,/kaggle/input/datasets/sagar100rathod/inria-aerial-image-labeling-dataset/AerialImageDataset/train/gt/tyrol-w15.tif
test_tyrol-w15_512_3584,test,tyrol-w15.tif,tyrol-w,3584,512,512,/kaggle/input/datasets/sagar100rathod/inria-aerial-image-labeling-dataset/AerialImageDataset/train/images/tyrol-w15.tif,/kaggle/input/datasets/sagar100rathod/inria-aerial-image-labeling-dataset/AerialImageDataset/train/gt/tyrol-w15.tif
test_tyrol-w15_1024_1024,test,tyrol-w15.tif,tyrol-w,1024,1024,512,/kaggle/input/datasets/sagar100rathod/inria-aerial-image-labeling-dataset/AerialImageDataset/train/images/tyrol-w15.tif,/kaggle/input/datasets/sagar100rathod/inria-aerial-image-labeling-dataset/AerialImageDataset/train/gt/tyrol-w15.tif
test_tyrol-w15_1536_1024,test,tyrol-w15.tif,tyrol-w,1024,1536,512,/kaggle/input/datasets/sagar100rathod/inria-aerial-image-labeling-dataset/AerialImageDataset/train/images/tyrol-w15.tif,/kaggle/input/datasets/sagar100rathod/inria-aerial-image-labeling-dataset/AerialImageDataset/train/gt/tyrol-w15.tif
test_tyrol-w15_2048_2048,test,tyrol-w15.tif,tyrol-w,2048,2048,512,/kaggle/input/datasets/sagar100rathod/inria-aerial-image-labeling-dataset/AerialImageDataset/train/images/tyrol-w15.tif,/kaggle/input/datasets/sagar100rathod/inria-aerial-image-labeling-dataset/AerialImageDataset/train/gt/tyrol-w15.tif
test_tyrol-w15_2560_4096,test,tyrol-w15.tif,tyrol-w,4096,2560,512,/kaggle/input/datasets/sagar100rathod/inria-aerial-image-labeling-dataset/AerialImageDataset/train/images/tyrol-w15.tif,/kaggle/input/datasets/sagar100rathod/inria-aerial-image-labeling-dataset/AerialImageDataset/train/gt/tyrol-w15.tif
test_tyrol-w15_3072_4096,test,tyrol-w15.tif,tyrol-w,4096,3072,512,/kaggle/input/datasets/sagar100rathod/inria-aerial-image-labeling-dataset/AerialImageDataset/train/images/tyrol-w15.tif,/kaggle/input/datasets/sagar100rathod/inria-aerial-image-labeling-dataset/AerialImageDataset/train/gt/tyrol-w15.tif
test_tyrol-w15_3584_512,test,tyrol-w15.tif,tyrol-w,512,3584,512,/kaggle/input/datasets/sagar100rathod/inria-aerial-image-labeling-dataset/AerialImageDataset/train/images/tyrol-w15.tif,/kaggle/input/datasets/sagar100rathod/inria-aerial-image-labeling-dataset/AerialImageDataset/train/gt/tyrol-w15.tif
test_tyrol-w29_0_2048,test,tyrol-w29.tif,tyrol-w,2048,0,512,/kaggle/input/datasets/sagar100rathod/inria-aerial-image-labeling-dataset/AerialImageDataset/train/images/tyrol-w29.tif,/kaggle/input/datasets/sagar100rathod/inria-aerial-image-labeling-dataset/AerialImageDataset/train/gt/tyrol-w29.tif
test_tyrol-w29_512_3584,test,tyrol-w29.tif,tyrol-w,3584,512,512,/kaggle/input/datasets/sagar100rathod/inria-aerial-image-labeling-dataset/AerialImageDataset/train/images/tyrol-w29.tif,/kaggle/input/datasets/sagar100rathod/inria-aerial-image-labeling-dataset/AerialImageDataset/train/gt/tyrol-w29.tif
test_tyrol-w29_1024_2048,test,tyrol-w29.tif,tyrol-w,2048,1024,512,/kaggle/input/datasets/sagar100rathod/inria-aerial-image-labeling-dataset/AerialImageDataset/train/images/tyrol-w29.tif,/kaggle/input/datasets/sagar100rathod/inria-aerial-image-labeling-dataset/AerialImageDataset/train/gt/tyrol-w29.tif
test_tyrol-w29_1536_2048,test,tyrol-w29.tif,tyrol-w,2048,1536,512,/kaggle/input/datasets/sagar100rathod/inria-aerial-image-labeling-dataset/AerialImageDataset/train/images/tyrol-w29.tif,/kaggle/input/datasets/sagar100rathod/inria-aerial-image-labeling-dataset/AerialImageDataset/train/gt/tyrol-w29.tif
test_tyrol-w29_2048_3072,test,tyrol-w29.tif,tyrol-w,3072,2048,512,/kaggle/input/datasets/sagar100rathod/inria-aerial-image-labeling-dataset/AerialImageDataset/train/images/tyrol-w29.tif,/kaggle/input/datasets/sagar100rathod/inria-aerial-image-labeling-dataset/AerialImageDataset/train/gt/tyrol-w29.tif
test_tyrol-w29_2048_3584,test,tyrol-w29.tif,tyrol-w,3584,2048,512,/kaggle/input/datasets/sagar100rathod/inria-aerial-image-labeling-dataset/AerialImageDataset/train/images/tyrol-w29.tif,/kaggle/input/datasets/sagar100rathod/inria-aerial-image-labeling-dataset/AerialImageDataset/train/gt/tyrol-w29.tif
test_tyrol-w29_3072_3584,test,tyrol-w29.tif,tyrol-w,3584,3072,512,/kaggle/input/datasets/sagar100rathod/inria-aerial-image-labeling-dataset/AerialImageDataset/train/images/tyrol-w29.tif,/kaggle/input/datasets/sagar100rathod/inria-aerial-image-labeling-dataset/AerialImageDataset/train/gt/tyrol-w29.tif
test_tyrol-w29_3584_2048,test,tyrol-w29.tif,tyrol-w,2048,3584,512,/kaggle/input/datasets/sagar100rathod/inria-aerial-image-labeling-dataset/AerialImageDataset/train/images/tyrol-w29.tif,/kaggle/input/datasets/sagar100rathod/inria-aerial-image-labeling-dataset/AerialImageDataset/train/gt/tyrol-w29.tif
test_tyrol-w29_3584_3072,test,tyrol-w29.tif,tyrol-w,3072,3584,512,/kaggle/input/datasets/sagar100rathod/inria-aerial-image-labeling-dataset/AerialImageDataset/train/images/tyrol-w29.tif,/kaggle/input/datasets/sagar100rathod/inria-aerial-image-labeling-dataset/AerialImageDataset/train/gt/tyrol-w29.tif
test_tyrol-w29_4096_2560,test,tyrol-w29.tif,tyrol-w,2560,4096,512,/kaggle/input/datasets/sagar100rathod/inria-aerial-image-labeling-dataset/AerialImageDataset/train/images/tyrol-w29.tif,/kaggle/input/datasets/sagar100rathod/inria-aerial-image-labeling-dataset/AerialImageDataset/train/gt/tyrol-w29.tif
test_tyrol-w5_0_4096,test,tyrol-w5.tif,tyrol-w,4096,0,512,/kaggle/input/datasets/sagar100rathod/inria-aerial-image-labeling-dataset/AerialImageDataset/train/images/tyrol-w5.tif,/kaggle/input/datasets/sagar100rathod/inria-aerial-image-labeling-dataset/AerialImageDataset/train/gt/tyrol-w5.tif
test_tyrol-w5_512_512,test,tyrol-w5.tif,tyrol-w,512,512,512,/kaggle/input/datasets/sagar100rathod/inria-aerial-image-labeling-dataset/AerialImageDataset/train/images/tyrol-w5.tif,/kaggle/input/datasets/sagar100rathod/inria-aerial-image-labeling-dataset/AerialImageDataset/train/gt/tyrol-w5.tif
test_tyrol-w5_512_3584,test,tyrol-w5.tif,tyrol-w,3584,512,512,/kaggle/input/datasets/sagar100rathod/inria-aerial-image-labeling-dataset/AerialImageDataset/train/images/tyrol-w5.tif,/kaggle/input/datasets/sagar100rathod/inria-aerial-image-labeling-dataset/AerialImageDataset/train/gt/tyrol-w5.tif
test_tyrol-w5_1024_512,test,tyrol-w5.tif,tyrol-w,512,1024,512,/kaggle/input/datasets/sagar100rathod/inria-aerial-image-labeling-dataset/AerialImageDataset/train/images/tyrol-w5.tif,/kaggle/input/datasets/sagar100rathod/inria-aerial-image-labeling-dataset/AerialImageDataset/train/gt/tyrol-w5.tif
test_tyrol-w5_1024_1024,test,tyrol-w5.tif,tyrol-w,1024,1024,512,/kaggle/input/datasets/sagar100rathod/inria-aerial-image-labeling-dataset/AerialImageDataset/train/images/tyrol-w5.tif,/kaggle/input/datasets/sagar100rathod/inria-aerial-image-labeling-dataset/AerialImageDataset/train/gt/tyrol-w5.tif
test_tyrol-w5_1024_4096,test,tyrol-w5.tif,tyrol-w,4096,1024,512,/kaggle/input/datasets/sagar100rathod/inria-aerial-image-labeling-dataset/AerialImageDataset/train/images/tyrol-w5.tif,/kaggle/input/datasets/sagar100rathod/inria-aerial-image-labeling-dataset/AerialImageDataset/train/gt/tyrol-w5.tif
test_tyrol-w5_1536_4096,test,tyrol-w5.tif,tyrol-w,4096,1536,512,/kaggle/input/datasets/sagar100rathod/inria-aerial-image-labeling-dataset/AerialImageDataset/train/images/tyrol-w5.tif,/kaggle/input/datasets/sagar100rathod/inria-aerial-image-labeling-dataset/AerialImageDataset/train/gt/tyrol-w5.tif
test_tyrol-w5_2560_1024,test,tyrol-w5.tif,tyrol-w,1024,2560,512,/kaggle/input/datasets/sagar100rathod/inria-aerial-image-labeling-dataset/AerialImageDataset/train/images/tyrol-w5.tif,/kaggle/input/datasets/sagar100rathod/inria-aerial-image-labeling-dataset/AerialImageDataset/train/gt/tyrol-w5.tif
test_tyrol-w5_2560_1536,test,tyrol-w5.tif,tyrol-w,1536,2560,512,/kaggle/input/datasets/sagar100rathod/inria-aerial-image-labeling-dataset/AerialImageDataset/train/images/tyrol-w5.tif,/kaggle/input/datasets/sagar100rathod/inria-aerial-image-labeling-dataset/AerialImageDataset/train/gt/tyrol-w5.tif
test_tyrol-w5_2560_3072,test,tyrol-w5.tif,tyrol-w,3072,2560,512,/kaggle/input/datasets/sagar100rathod/inria-aerial-image-labeling-dataset/AerialImageDataset/train/images/tyrol-w5.tif,/kaggle/input/datasets/sagar100rathod/inria-aerial-image-labeling-dataset/AerialImageDataset/train/gt/tyrol-w5.tif
test_tyrol-w5_3072_4096,test,tyrol-w5.tif,tyrol-w,4096,3072,512,/kaggle/input/datasets/sagar100rathod/inria-aerial-image-labeling-dataset/AerialImageDataset/train/images/tyrol-w5.tif,/kaggle/input/datasets/sagar100rathod/inria-aerial-image-labeling-dataset/AerialImageDataset/train/gt/tyrol-w5.tif
test_tyrol-w5_4096_0,test,tyrol-w5.tif,tyrol-w,0,4096,512,/kaggle/input/datasets/sagar100rathod/inria-aerial-image-labeling-dataset/AerialImageDataset/train/images/tyrol-w5.tif,/kaggle/input/datasets/sagar100rathod/inria-aerial-image-labeling-dataset/AerialImageDataset/train/gt/tyrol-w5.tif
test_tyrol-w5_4096_2560,test,tyrol-w5.tif,tyrol-w,2560,4096,512,/kaggle/input/datasets/sagar100rathod/inria-aerial-image-labeling-dataset/AerialImageDataset/train/images/tyrol-w5.tif,/kaggle/input/datasets/sagar100rathod/inria-aerial-image-labeling-dataset/AerialImageDataset/train/gt/tyrol-w5.tif
test_tyrol-w9_0_512,test,tyrol-w9.tif,tyrol-w,512,0,512,/kaggle/input/datasets/sagar100rathod/inria-aerial-image-labeling-dataset/AerialImageDataset/train/images/tyrol-w9.tif,/kaggle/input/datasets/sagar100rathod/inria-aerial-image-labeling-dataset/AerialImageDataset/train/gt/tyrol-w9.tif
test_tyrol-w9_0_2560,test,tyrol-w9.tif,tyrol-w,2560,0,512,/kaggle/input/datasets/sagar100rathod/inria-aerial-image-labeling-dataset/AerialImageDataset/train/images/tyrol-w9.tif,/kaggle/input/datasets/sagar100rathod/inria-aerial-image-labeling-dataset/AerialImageDataset/train/gt/tyrol-w9.tif
test_tyrol-w9_512_2048,test,tyrol-w9.tif,tyrol-w,2048,512,512,/kaggle/input/datasets/sagar100rathod/inria-aerial-image-labeling-dataset/AerialImageDataset/train/images/tyrol-w9.tif,/kaggle/input/datasets/sagar100rathod/inria-aerial-image-labeling-dataset/AerialImageDataset/train/gt/tyrol-w9.tif
test_tyrol-w9_512_3584,test,tyrol-w9.tif,tyrol-w,3584,512,512,/kaggle/input/datasets/sagar100rathod/inria-aerial-image-labeling-dataset/AerialImageDataset/train/images/tyrol-w9.tif,/kaggle/input/datasets/sagar100rathod/inria-aerial-image-labeling-dataset/AerialImageDataset/train/gt/tyrol-w9.tif
test_tyrol-w9_1024_1536,test,tyrol-w9.tif,tyrol-w,1536,1024,512,/kaggle/input/datasets/sagar100rathod/inria-aerial-image-labeling-dataset/AerialImageDataset/train/images/tyrol-w9.tif,/kaggle/input/datasets/sagar100rathod/inria-aerial-image-labeling-dataset/AerialImageDataset/train/gt/tyrol-w9.tif
test_tyrol-w9_1536_512,test,tyrol-w9.tif,tyrol-w,512,1536,512,/kaggle/input/datasets/sagar100rathod/inria-aerial-image-labeling-dataset/AerialImageDataset/train/images/tyrol-w9.tif,/kaggle/input/datasets/sagar100rathod/inria-aerial-image-labeling-dataset/AerialImageDataset/train/gt/tyrol-w9.tif
test_tyrol-w9_1536_1536,test,tyrol-w9.tif,tyrol-w,1536,1536,512,/kaggle/input/datasets/sagar100rathod/inria-aerial-image-labeling-dataset/AerialImageDataset/train/images/tyrol-w9.tif,/kaggle/input/datasets/sagar100rathod/inria-aerial-image-labeling-dataset/AerialImageDataset/train/gt/tyrol-w9.tif
test_tyrol-w9_1536_2560,test,tyrol-w9.tif,tyrol-w,2560,1536,512,/kaggle/input/datasets/sagar100rathod/inria-aerial-image-labeling-dataset/AerialImageDataset/train/images/tyrol-w9.tif,/kaggle/input/datasets/sagar100rathod/inria-aerial-image-labeling-dataset/AerialImageDataset/train/gt/tyrol-w9.tif
test_tyrol-w9_1536_3072,test,tyrol-w9.tif,tyrol-w,3072,1536,512,/kaggle/input/datasets/sagar100rathod/inria-aerial-image-labeling-dataset/AerialImageDataset/train/images/tyrol-w9.tif,/kaggle/input/datasets/sagar100rathod/inria-aerial-image-labeling-dataset/AerialImageDataset/train/gt/tyrol-w9.tif
test_tyrol-w9_2048_2048,test,tyrol-w9.tif,tyrol-w,2048,2048,512,/kaggle/input/datasets/sagar100rathod/inria-aerial-image-labeling-dataset/AerialImageDataset/train/images/tyrol-w9.tif,/kaggle/input/datasets/sagar100rathod/inria-aerial-image-labeling-dataset/AerialImageDataset/train/gt/tyrol-w9.tif
test_tyrol-w9_2560_512,test,tyrol-w9.tif,tyrol-w,512,2560,512,/kaggle/input/datasets/sagar100rathod/inria-aerial-image-labeling-dataset/AerialImageDataset/train/images/tyrol-w9.tif,/kaggle/input/datasets/sagar100rathod/inria-aerial-image-labeling-dataset/AerialImageDataset/train/gt/tyrol-w9.tif
test_tyrol-w9_3072_2560,test,tyrol-w9.tif,tyrol-w,2560,3072,512,/kaggle/input/datasets/sagar100rathod/inria-aerial-image-labeling-dataset/AerialImageDataset/train/images/tyrol-w9.tif,/kaggle/input/datasets/sagar100rathod/inria-aerial-image-labeling-dataset/AerialImageDataset/train/gt/tyrol-w9.tif
test_tyrol-w9_3584_1024,test,tyrol-w9.tif,tyrol-w,1024,3584,512,/kaggle/input/datasets/sagar100rathod/inria-aerial-image-labeling-dataset/AerialImageDataset/train/images/tyrol-w9.tif,/kaggle/input/datasets/sagar100rathod/inria-aerial-image-labeling-dataset/AerialImageDataset/train/gt/tyrol-w9.tif
test_tyrol-w9_4096_2560,test,tyrol-w9.tif,tyrol-w,2560,4096,512,/kaggle/input/datasets/sagar100rathod/inria-aerial-image-labeling-dataset/AerialImageDataset/train/images/tyrol-w9.tif,/kaggle/input/datasets/sagar100rathod/inria-aerial-image-labeling-dataset/AerialImageDataset/train/gt/tyrol-w9.tif
test_vienna15_512_512,test,vienna15.tif,vienna,512,512,512,/kaggle/input/datasets/sagar100rathod/inria-aerial-image-labeling-dataset/AerialImageDataset/train/images/vienna15.tif,/kaggle/input/datasets/sagar100rathod/inria-aerial-image-labeling-dataset/AerialImageDataset/train/gt/vienna15.tif
test_vienna15_1024_1024,test,vienna15.tif,vienna,1024,1024,512,/kaggle/input/datasets/sagar100rathod/inria-aerial-image-labeling-dataset/AerialImageDataset/train/images/vienna15.tif,/kaggle/input/datasets/sagar100rathod/inria-aerial-image-labeling-dataset/AerialImageDataset/train/gt/vienna15.tif
test_vienna15_1536_1536,test,vienna15.tif,vienna,1536,1536,512,/kaggle/input/datasets/sagar100rathod/inria-aerial-image-labeling-dataset/AerialImageDataset/train/images/vienna15.tif,/kaggle/input/datasets/sagar100rathod/inria-aerial-image-labeling-dataset/AerialImageDataset/train/gt/vienna15.tif
test_vienna15_2560_1536,test,vienna15.tif,vienna,1536,2560,512,/kaggle/input/datasets/sagar100rathod/inria-aerial-image-labeling-dataset/AerialImageDataset/train/images/vienna15.tif,/kaggle/input/datasets/sagar100rathod/inria-aerial-image-labeling-dataset/AerialImageDataset/train/gt/vienna15.tif
test_vienna15_3072_3072,test,vienna15.tif,vienna,3072,3072,512,/kaggle/input/datasets/sagar100rathod/inria-aerial-image-labeling-dataset/AerialImageDataset/train/images/vienna15.tif,/kaggle/input/datasets/sagar100rathod/inria-aerial-image-labeling-dataset/AerialImageDataset/train/gt/vienna15.tif
test_vienna15_3584_2560,test,vienna15.tif,vienna,2560,3584,512,/kaggle/input/datasets/sagar100rathod/inria-aerial-image-labeling-dataset/AerialImageDataset/train/images/vienna15.tif,/kaggle/input/datasets/sagar100rathod/inria-aerial-image-labeling-dataset/AerialImageDataset/train/gt/vienna15.tif
test_vienna15_4096_1024,test,vienna15.tif,vienna,1024,4096,512,/kaggle/input/datasets/sagar100rathod/inria-aerial-image-labeling-dataset/AerialImageDataset/train/images/vienna15.tif,/kaggle/input/datasets/sagar100rathod/inria-aerial-image-labeling-dataset/AerialImageDataset/train/gt/vienna15.tif
test_vienna16_0_1536,test,vienna16.tif,vienna,1536,0,512,/kaggle/input/datasets/sagar100rathod/inria-aerial-image-labeling-dataset/AerialImageDataset/train/images/vienna16.tif,/kaggle/input/datasets/sagar100rathod/inria-aerial-image-labeling-dataset/AerialImageDataset/train/gt/vienna16.tif
test_vienna16_0_2560,test,vienna16.tif,vienna,2560,0,512,/kaggle/input/datasets/sagar100rathod/inria-aerial-image-labeling-dataset/AerialImageDataset/train/images/vienna16.tif,/kaggle/input/datasets/sagar100rathod/inria-aerial-image-labeling-dataset/AerialImageDataset/train/gt/vienna16.tif
test_vienna16_0_3584,test,vienna16.tif,vienna,3584,0,512,/kaggle/input/datasets/sagar100rathod/inria-aerial-image-labeling-dataset/AerialImageDataset/train/images/vienna16.tif,/kaggle/input/datasets/sagar100rathod/inria-aerial-image-labeling-dataset/AerialImageDataset/train/gt/vienna16.tif
test_vienna16_512_2048,test,vienna16.tif,vienna,2048,512,512,/kaggle/input/datasets/sagar100rathod/inria-aerial-image-labeling-dataset/AerialImageDataset/train/images/vienna16.tif,/kaggle/input/datasets/sagar100rathod/inria-aerial-image-labeling-dataset/AerialImageDataset/train/gt/vienna16.tif
test_vienna16_512_4096,test,vienna16.tif,vienna,4096,512,512,/kaggle/input/datasets/sagar100rathod/inria-aerial-image-labeling-dataset/AerialImageDataset/train/images/vienna16.tif,/kaggle/input/datasets/sagar100rathod/inria-aerial-image-labeling-dataset/AerialImageDataset/train/gt/vienna16.tif
test_vienna16_1536_3072,test,vienna16.tif,vienna,3072,1536,512,/kaggle/input/datasets/sagar100rathod/inria-aerial-image-labeling-dataset/AerialImageDataset/train/images/vienna16.tif,/kaggle/input/datasets/sagar100rathod/inria-aerial-image-labeling-dataset/AerialImageDataset/train/gt/vienna16.tif
test_vienna16_2048_2560,test,vienna16.tif,vienna,2560,2048,512,/kaggle/input/datasets/sagar100rathod/inria-aerial-image-labeling-dataset/AerialImageDataset/train/images/vienna16.tif,/kaggle/input/datasets/sagar100rathod/inria-aerial-image-labeling-dataset/AerialImageDataset/train/gt/vienna16.tif
test_vienna16_2048_3072,test,vienna16.tif,vienna,3072,2048,512,/kaggle/input/datasets/sagar100rathod/inria-aerial-image-labeling-dataset/AerialImageDataset/train/images/vienna16.tif,/kaggle/input/datasets/sagar100rathod/inria-aerial-image-labeling-dataset/AerialImageDataset/train/gt/vienna16.tif
test_vienna16_2560_0,test,vienna16.tif,vienna,0,2560,512,/kaggle/input/datasets/sagar100rathod/inria-aerial-image-labeling-dataset/AerialImageDataset/train/images/vienna16.tif,/kaggle/input/datasets/sagar100rathod/inria-aerial-image-labeling-dataset/AerialImageDataset/train/gt/vienna16.tif
test_vienna16_2560_1536,test,vienna16.tif,vienna,1536,2560,512,/kaggle/input/datasets/sagar100rathod/inria-aerial-image-labeling-dataset/AerialImageDataset/train/images/vienna16.tif,/kaggle/input/datasets/sagar100rathod/inria-aerial-image-labeling-dataset/AerialImageDataset/train/gt/vienna16.tif
test_vienna16_3072_512,test,vienna16.tif,vienna,512,3072,512,/kaggle/input/datasets/sagar100rathod/inria-aerial-image-labeling-dataset/AerialImageDataset/train/images/vienna16.tif,/kaggle/input/datasets/sagar100rathod/inria-aerial-image-labeling-dataset/AerialImageDataset/train/gt/vienna16.tif
test_vienna16_3072_2048,test,vienna16.tif,vienna,2048,3072,512,/kaggle/input/datasets/sagar100rathod/inria-aerial-image-labeling-dataset/AerialImageDataset/train/images/vienna16.tif,/kaggle/input/datasets/sagar100rathod/inria-aerial-image-labeling-dataset/AerialImageDataset/train/gt/vienna16.tif
test_vienna16_3072_3072,test,vienna16.tif,vienna,3072,3072,512,/kaggle/input/datasets/sagar100rathod/inria-aerial-image-labeling-dataset/AerialImageDataset/train/images/vienna16.tif,/kaggle/input/datasets/sagar100rathod/inria-aerial-image-labeling-dataset/AerialImageDataset/train/gt/vienna16.tif
test_vienna16_3584_0,test,vienna16.tif,vienna,0,3584,512,/kaggle/input/datasets/sagar100rathod/inria-aerial-image-labeling-dataset/AerialImageDataset/train/images/vienna16.tif,/kaggle/input/datasets/sagar100rathod/inria-aerial-image-labeling-dataset/AerialImageDataset/train/gt/vienna16.tif
test_vienna16_3584_512,test,vienna16.tif,vienna,512,3584,512,/kaggle/input/datasets/sagar100rathod/inria-aerial-image-labeling-dataset/AerialImageDataset/train/images/vienna16.tif,/kaggle/input/datasets/sagar100rathod/inria-aerial-image-labeling-dataset/AerialImageDataset/train/gt/vienna16.tif
test_vienna16_3584_4096,test,vienna16.tif,vienna,4096,3584,512,/kaggle/input/datasets/sagar100rathod/inria-aerial-image-labeling-dataset/AerialImageDataset/train/images/vienna16.tif,/kaggle/input/datasets/sagar100rathod/inria-aerial-image-labeling-dataset/AerialImageDataset/train/gt/vienna16.tif
test_vienna16_4096_2048,test,vienna16.tif,vienna,2048,4096,512,/kaggle/input/datasets/sagar100rathod/inria-aerial-image-labeling-dataset/AerialImageDataset/train/images/vienna16.tif,/kaggle/input/datasets/sagar100rathod/inria-aerial-image-labeling-dataset/AerialImageDataset/train/gt/vienna16.tif
test_vienna16_4096_4096,test,vienna16.tif,vienna,4096,4096,512,/kaggle/input/datasets/sagar100rathod/inria-aerial-image-labeling-dataset/AerialImageDataset/train/images/vienna16.tif,/kaggle/input/datasets/sagar100rathod/inria-aerial-image-labeling-dataset/AerialImageDataset/train/gt/vienna16.tif
test_vienna19_1024_512,test,vienna19.tif,vienna,512,1024,512,/kaggle/input/datasets/sagar100rathod/inria-aerial-image-labeling-dataset/AerialImageDataset/train/images/vienna19.tif,/kaggle/input/datasets/sagar100rathod/inria-aerial-image-labeling-dataset/AerialImageDataset/train/gt/vienna19.tif
test_vienna19_1024_1024,test,vienna19.tif,vienna,1024,1024,512,/kaggle/input/datasets/sagar100rathod/inria-aerial-image-labeling-dataset/AerialImageDataset/train/images/vienna19.tif,/kaggle/input/datasets/sagar100rathod/inria-aerial-image-labeling-dataset/AerialImageDataset/train/gt/vienna19.tif
test_vienna19_2048_1536,test,vienna19.tif,vienna,1536,2048,512,/kaggle/input/datasets/sagar100rathod/inria-aerial-image-labeling-dataset/AerialImageDataset/train/images/vienna19.tif,/kaggle/input/datasets/sagar100rathod/inria-aerial-image-labeling-dataset/AerialImageDataset/train/gt/vienna19.tif
test_vienna19_2560_1536,test,vienna19.tif,vienna,1536,2560,512,/kaggle/input/datasets/sagar100rathod/inria-aerial-image-labeling-dataset/AerialImageDataset/train/images/vienna19.tif,/kaggle/input/datasets/sagar100rathod/inria-aerial-image-labeling-dataset/AerialImageDataset/train/gt/vienna19.tif
test_vienna19_2560_4096,test,vienna19.tif,vienna,4096,2560,512,/kaggle/input/datasets/sagar100rathod/inria-aerial-image-labeling-dataset/AerialImageDataset/train/images/vienna19.tif,/kaggle/input/datasets/sagar100rathod/inria-aerial-image-labeling-dataset/AerialImageDataset/train/gt/vienna19.tif
test_vienna19_3072_2560,test,vienna19.tif,vienna,2560,3072,512,/kaggle/input/datasets/sagar100rathod/inria-aerial-image-labeling-dataset/AerialImageDataset/train/images/vienna19.tif,/kaggle/input/datasets/sagar100rathod/inria-aerial-image-labeling-dataset/AerialImageDataset/train/gt/vienna19.tif
test_vienna19_3072_3584,test,vienna19.tif,vienna,3584,3072,512,/kaggle/input/datasets/sagar100rathod/inria-aerial-image-labeling-dataset/AerialImageDataset/train/images/vienna19.tif,/kaggle/input/datasets/sagar100rathod/inria-aerial-image-labeling-dataset/AerialImageDataset/train/gt/vienna19.tif
test_vienna19_4096_0,test,vienna19.tif,vienna,0,4096,512,/kaggle/input/datasets/sagar100rathod/inria-aerial-image-labeling-dataset/AerialImageDataset/train/images/vienna19.tif,/kaggle/input/datasets/sagar100rathod/inria-aerial-image-labeling-dataset/AerialImageDataset/train/gt/vienna19.tif
test_vienna19_4096_1024,test,vienna19.tif,vienna,1024,4096,512,/kaggle/input/datasets/sagar100rathod/inria-aerial-image-labeling-dataset/AerialImageDataset/train/images/vienna19.tif,/kaggle/input/datasets/sagar100rathod/inria-aerial-image-labeling-dataset/AerialImageDataset/train/gt/vienna19.tif
test_vienna19_4096_3072,test,vienna19.tif,vienna,3072,4096,512,/kaggle/input/datasets/sagar100rathod/inria-aerial-image-labeling-dataset/AerialImageDataset/train/images/vienna19.tif,/kaggle/input/datasets/sagar100rathod/inria-aerial-image-labeling-dataset/AerialImageDataset/train/gt/vienna19.tif
test_vienna27_0_3584,test,vienna27.tif,vienna,3584,0,512,/kaggle/input/datasets/sagar100rathod/inria-aerial-image-labeling-dataset/AerialImageDataset/train/images/vienna27.tif,/kaggle/input/datasets/sagar100rathod/inria-aerial-image-labeling-dataset/AerialImageDataset/train/gt/vienna27.tif
test_vienna27_512_2560,test,vienna27.tif,vienna,2560,512,512,/kaggle/input/datasets/sagar100rathod/inria-aerial-image-labeling-dataset/AerialImageDataset/train/images/vienna27.tif,/kaggle/input/datasets/sagar100rathod/inria-aerial-image-labeling-dataset/AerialImageDataset/train/gt/vienna27.tif
test_vienna27_512_4096,test,vienna27.tif,vienna,4096,512,512,/kaggle/input/datasets/sagar100rathod/inria-aerial-image-labeling-dataset/AerialImageDataset/train/images/vienna27.tif,/kaggle/input/datasets/sagar100rathod/inria-aerial-image-labeling-dataset/AerialImageDataset/train/gt/vienna27.tif
test_vienna27_1024_1536,test,vienna27.tif,vienna,1536,1024,512,/kaggle/input/datasets/sagar100rathod/inria-aerial-image-labeling-dataset/AerialImageDataset/train/images/vienna27.tif,/kaggle/input/datasets/sagar100rathod/inria-aerial-image-labeling-dataset/AerialImageDataset/train/gt/vienna27.tif
test_vienna27_3072_0,test,vienna27.tif,vienna,0,3072,512,/kaggle/input/datasets/sagar100rathod/inria-aerial-image-labeling-dataset/AerialImageDataset/train/images/vienna27.tif,/kaggle/input/datasets/sagar100rathod/inria-aerial-image-labeling-dataset/AerialImageDataset/train/gt/vienna27.tif
test_vienna27_3072_512,test,vienna27.tif,vienna,512,3072,512,/kaggle/input/datasets/sagar100rathod/inria-aerial-image-labeling-dataset/AerialImageDataset/train/images/vienna27.tif,/kaggle/input/datasets/sagar100rathod/inria-aerial-image-labeling-dataset/AerialImageDataset/train/gt/vienna27.tif
test_vienna27_3072_2560,test,vienna27.tif,vienna,2560,3072,512,/kaggle/input/datasets/sagar100rathod/inria-aerial-image-labeling-dataset/AerialImageDataset/train/images/vienna27.tif,/kaggle/input/datasets/sagar100rathod/inria-aerial-image-labeling-dataset/AerialImageDataset/train/gt/vienna27.tif
test_vienna27_3072_3072,test,vienna27.tif,vienna,3072,3072,512,/kaggle/input/datasets/sagar100rathod/inria-aerial-image-labeling-dataset/AerialImageDataset/train/images/vienna27.tif,/kaggle/input/datasets/sagar100rathod/inria-aerial-image-labeling-dataset/AerialImageDataset/train/gt/vienna27.tif
test_vienna27_3584_2048,test,vienna27.tif,vienna,2048,3584,512,/kaggle/input/datasets/sagar100rathod/inria-aerial-image-labeling-dataset/AerialImageDataset/train/images/vienna27.tif,/kaggle/input/datasets/sagar100rathod/inria-aerial-image-labeling-dataset/AerialImageDataset/train/gt/vienna27.tif
test_vienna34_0_2048,test,vienna34.tif,vienna,2048,0,512,/kaggle/input/datasets/sagar100rathod/inria-aerial-image-labeling-dataset/AerialImageDataset/train/images/vienna34.tif,/kaggle/input/datasets/sagar100rathod/inria-aerial-image-labeling-dataset/AerialImageDataset/train/gt/vienna34.tif
test_vienna34_1536_3584,test,vienna34.tif,vienna,3584,1536,512,/kaggle/input/datasets/sagar100rathod/inria-aerial-image-labeling-dataset/AerialImageDataset/train/images/vienna34.tif,/kaggle/input/datasets/sagar100rathod/inria-aerial-image-labeling-dataset/AerialImageDataset/train/gt/vienna34.tif
test_vienna34_1536_4096,test,vienna34.tif,vienna,4096,1536,512,/kaggle/input/datasets/sagar100rathod/inria-aerial-image-labeling-dataset/AerialImageDataset/train/images/vienna34.tif,/kaggle/input/datasets/sagar100rathod/inria-aerial-image-labeling-dataset/AerialImageDataset/train/gt/vienna34.tif
test_vienna34_2048_512,test,vienna34.tif,vienna,512,2048,512,/kaggle/input/datasets/sagar100rathod/inria-aerial-image-labeling-dataset/AerialImageDataset/train/images/vienna34.tif,/kaggle/input/datasets/sagar100rathod/inria-aerial-image-labeling-dataset/AerialImageDataset/train/gt/vienna34.tif
test_vienna34_2048_1536,test,vienna34.tif,vienna,1536,2048,512,/kaggle/input/datasets/sagar100rathod/inria-aerial-image-labeling-dataset/AerialImageDataset/train/images/vienna34.tif,/kaggle/input/datasets/sagar100rathod/inria-aerial-image-labeling-dataset/AerialImageDataset/train/gt/vienna34.tif
test_vienna34_2560_2560,test,vienna34.tif,vienna,2560,2560,512,/kaggle/input/datasets/sagar100rathod/inria-aerial-image-labeling-dataset/AerialImageDataset/train/images/vienna34.tif,/kaggle/input/datasets/sagar100rathod/inria-aerial-image-labeling-dataset/AerialImageDataset/train/gt/vienna34.tif
test_vienna34_2560_3584,test,vienna34.tif,vienna,3584,2560,512,/kaggle/input/datasets/sagar100rathod/inria-aerial-image-labeling-dataset/AerialImageDataset/train/images/vienna34.tif,/kaggle/input/datasets/sagar100rathod/inria-aerial-image-labeling-dataset/AerialImageDataset/train/gt/vienna34.tif
test_vienna34_3584_512,test,vienna34.tif,vienna,512,3584,512,/kaggle/input/datasets/sagar100rathod/inria-aerial-image-labeling-dataset/AerialImageDataset/train/images/vienna34.tif,/kaggle/input/datasets/sagar100rathod/inria-aerial-image-labeling-dataset/AerialImageDataset/train/gt/vienna34.tif
test_vienna34_4096_1536,test,vienna34.tif,vienna,1536,4096,512,/kaggle/input/datasets/sagar100rathod/inria-aerial-image-labeling-dataset/AerialImageDataset/train/images/vienna34.tif,/kaggle/input/datasets/sagar100rathod/inria-aerial-image-labeling-dataset/AerialImageDataset/train/gt/vienna34.tif
test_vienna7_0_1024,test,vienna7.tif,vienna,1024,0,512,/kaggle/input/datasets/sagar100rathod/inria-aerial-image-labeling-dataset/AerialImageDataset/train/images/vienna7.tif,/kaggle/input/datasets/sagar100rathod/inria-aerial-image-labeling-dataset/AerialImageDataset/train/gt/vienna7.tif
test_vienna7_512_0,test,vienna7.tif,vienna,0,512,512,/kaggle/input/datasets/sagar100rathod/inria-aerial-image-labeling-dataset/AerialImageDataset/train/images/vienna7.tif,/kaggle/input/datasets/sagar100rathod/inria-aerial-image-labeling-dataset/AerialImageDataset/train/gt/vienna7.tif
test_vienna7_512_2048,test,vienna7.tif,vienna,2048,512,512,/kaggle/input/datasets/sagar100rathod/inria-aerial-image-labeling-dataset/AerialImageDataset/train/images/vienna7.tif,/kaggle/input/datasets/sagar100rathod/inria-aerial-image-labeling-dataset/AerialImageDataset/train/gt/vienna7.tif
test_vienna7_1024_0,test,vienna7.tif,vienna,0,1024,512,/kaggle/input/datasets/sagar100rathod/inria-aerial-image-labeling-dataset/AerialImageDataset/train/images/vienna7.tif,/kaggle/input/datasets/sagar100rathod/inria-aerial-image-labeling-dataset/AerialImageDataset/train/gt/vienna7.tif
test_vienna7_1536_512,test,vienna7.tif,vienna,512,1536,512,/kaggle/input/datasets/sagar100rathod/inria-aerial-image-labeling-dataset/AerialImageDataset/train/images/vienna7.tif,/kaggle/input/datasets/sagar100rathod/inria-aerial-image-labeling-dataset/AerialImageDataset/train/gt/vienna7.tif
test_vienna7_1536_3584,test,vienna7.tif,vienna,3584,1536,512,/kaggle/input/datasets/sagar100rathod/inria-aerial-image-labeling-dataset/AerialImageDataset/train/images/vienna7.tif,/kaggle/input/datasets/sagar100rathod/inria-aerial-image-labeling-dataset/AerialImageDataset/train/gt/vienna7.tif
test_vienna7_2048_512,test,vienna7.tif,vienna,512,2048,512,/kaggle/input/datasets/sagar100rathod/inria-aerial-image-labeling-dataset/AerialImageDataset/train/images/vienna7.tif,/kaggle/input/datasets/sagar100rathod/inria-aerial-image-labeling-dataset/AerialImageDataset/train/gt/vienna7.tif
test_vienna7_2048_3072,test,vienna7.tif,vienna,3072,2048,512,/kaggle/input/datasets/sagar100rathod/inria-aerial-image-labeling-dataset/AerialImageDataset/train/images/vienna7.tif,/kaggle/input/datasets/sagar100rathod/inria-aerial-image-labeling-dataset/AerialImageDataset/train/gt/vienna7.tif
test_vienna7_2560_2560,test,vienna7.tif,vienna,2560,2560,512,/kaggle/input/datasets/sagar100rathod/inria-aerial-image-labeling-dataset/AerialImageDataset/train/images/vienna7.tif,/kaggle/input/datasets/sagar100rathod/inria-aerial-image-labeling-dataset/AerialImageDataset/train/gt/vienna7.tif
test_vienna7_2560_3584,test,vienna7.tif,vienna,3584,2560,512,/kaggle/input/datasets/sagar100rathod/inria-aerial-image-labeling-dataset/AerialImageDataset/train/images/vienna7.tif,/kaggle/input/datasets/sagar100rathod/inria-aerial-image-labeling-dataset/AerialImageDataset/train/gt/vienna7.tif
test_vienna7_2560_4096,test,vienna7.tif,vienna,4096,2560,512,/kaggle/input/datasets/sagar100rathod/inria-aerial-image-labeling-dataset/AerialImageDataset/train/images/vienna7.tif,/kaggle/input/datasets/sagar100rathod/inria-aerial-image-labeling-dataset/AerialImageDataset/train/gt/vienna7.tif
test_vienna7_3072_1024,test,vienna7.tif,vienna,1024,3072,512,/kaggle/input/datasets/sagar100rathod/inria-aerial-image-labeling-dataset/AerialImageDataset/train/images/vienna7.tif,/kaggle/input/datasets/sagar100rathod/inria-aerial-image-labeling-dataset/AerialImageDataset/train/gt/vienna7.tif
test_vienna7_3072_4096,test,vienna7.tif,vienna,4096,3072,512,/kaggle/input/datasets/sagar100rathod/inria-aerial-image-labeling-dataset/AerialImageDataset/train/images/vienna7.tif,/kaggle/input/datasets/sagar100rathod/inria-aerial-image-labeling-dataset/AerialImageDataset/train/gt/vienna7.tif
test_vienna7_3584_2048,test,vienna7.tif,vienna,2048,3584,512,/kaggle/input/datasets/sagar100rathod/inria-aerial-image-labeling-dataset/AerialImageDataset/train/images/vienna7.tif,/kaggle/input/datasets/sagar100rathod/inria-aerial-image-labeling-dataset/AerialImageDataset/train/gt/vienna7.tif
test_vienna7_4096_2048,test,vienna7.tif,vienna,2048,4096,512,/kaggle/input/datasets/sagar100rathod/inria-aerial-image-labeling-dataset/AerialImageDataset/train/images/vienna7.tif,/kaggle/input/datasets/sagar100rathod/inria-aerial-image-labeling-dataset/AerialImageDataset/train/gt/vienna7.tif
test_vienna7_4096_3584,test,vienna7.tif,vienna,3584,4096,512,/kaggle/input/datasets/sagar100rathod/inria-aerial-image-labeling-dataset/AerialImageDataset/train/images/vienna7.tif,/kaggle/input/datasets/sagar100rathod/inria-aerial-image-labeling-dataset/AerialImageDataset/train/gt/vienna7.tif
