method,patch_id,split,image_name,city,x,y,seconds,iou,dice,precision,recall,f1,n_pred,n_gt,count_err,area_ratio_pred,area_ratio_gt,area_abs_error,selected_c,threshold
K-Means,test_austin15_512_512,test,austin15.tif,austin,512,512,0.2185808919999772,0.1691702662626523,0.28938516680452164,0.18169354447821962,0.7105142021607863,0.28938516680452164,9.0,30.0,21.0,55.09147644042969,14.088058471679688,41.00341796875,,
K-Means,test_austin15_1536_0,test,austin15.tif,austin,0,1536,0.08120885099992847,0.2932034811438044,0.4534529722800833,0.31694951953588735,0.7964801020695349,0.4534529722800833,13.0,53.0,40.0,51.09138488769531,20.331192016601562,30.76019287109375,,
K-Means,test_austin15_1536_3584,test,austin15.tif,austin,3584,1536,0.0842675160000681,0.11370855283545088,0.20419804184129522,0.16799725298308868,0.26028551161553465,0.20419804184129522,43.0,19.0,24.0,13.331222534179688,8.60443115234375,4.7267913818359375,,
K-Means,test_austin15_2560_512,test,austin15.tif,austin,512,2560,0.08295872700000473,0.28721396012707767,0.446256751439711,0.3278395593769051,0.6985911707393554,0.446256751439711,31.0,34.0,3.0,36.292266845703125,17.031478881835938,19.260787963867188,,
K-Means,test_austin15_3072_2560,test,austin15.tif,austin,2560,3072,0.0807302459999164,0.3491685066002725,0.5176054805490995,0.5299926912312601,0.5057840835629954,0.5176054805490994,35.0,31.0,4.0,21.399307250976562,22.423553466796875,1.0242462158203125,,
K-Means,test_austin15_3072_4096,test,austin15.tif,austin,4096,3072,0.08449854799994228,0.25320724771855574,0.4040947707245,0.29627967439413166,0.635265620333809,0.40409477072450006,46.0,18.0,28.0,24.649810791015625,11.496353149414062,13.153457641601562,,
K-Means,test_austin15_3584_2048,test,austin15.tif,austin,2048,3584,0.08643127699997422,0.3889616856229362,0.5600754716981132,0.4518204326825506,0.7365513134387613,0.5600754716981132,21.0,30.0,9.0,37.59307861328125,23.06060791015625,14.532470703125,,
K-Means,test_austin15_3584_2560,test,austin15.tif,austin,2560,3584,0.08079791800003022,0.24708060642724888,0.396254428388728,0.2795820858369692,0.6800430556022738,0.39625442838872793,6.0,38.0,32.0,55.16929626464844,22.681427001953125,32.48786926269531,,
K-Means,test_austin15_3584_4096,test,austin15.tif,austin,4096,3584,0.08723091800004568,0.10566690583320482,0.1911369604638328,0.10706545002411996,0.8899807974697842,0.1911369604638328,9.0,6.0,3.0,56.14509582519531,6.754302978515625,49.39079284667969,,
K-Means,test_austin16_0_1024,test,austin16.tif,austin,1024,0,0.08227092900006028,0.40548703203424324,0.5770057251220002,0.55413029277273,0.6018511550906765,0.5770057251220002,11.0,3.0,8.0,38.541412353515625,35.48545837402344,3.0559539794921875,,
K-Means,test_austin16_512_512,test,austin16.tif,austin,512,512,0.08255499500000951,0.33724858808906094,0.5043917654398004,0.46323520986352856,0.553574607347766,0.5043917654398004,24.0,8.0,16.0,33.29124450683594,27.858352661132812,5.432891845703125,,
K-Means,test_austin16_1024_0,test,austin16.tif,austin,0,1024,0.08135199900004864,0.0001625619767536373,0.0003250711093051605,0.0001634766024112799,0.02823529411764706,0.00032507110930516054,11.0,3.0,8.0,28.001785278320312,0.1621246337890625,27.83966064453125,,
K-Means,test_austin16_1024_3072,test,austin16.tif,austin,3072,1024,0.07994200600001022,0.05104977988486285,0.09714055577929924,0.05487430326470254,0.42278702892199826,0.09714055577929924,9.0,6.0,3.0,33.535003662109375,4.352569580078125,29.18243408203125,,
K-Means,test_austin16_1536_0,test,austin16.tif,austin,0,1536,0.07897783300006722,0.0,0.0,0.0,0.0,0.0,13.0,0.0,13.0,17.821884155273438,0.0,17.821884155273438,,
K-Means,test_austin16_1536_2048,test,austin16.tif,austin,2048,1536,0.08085567199998422,0.18608694225990832,0.3137829709268158,0.18995638671008463,0.9013346043851287,0.3137829709268158,17.0,5.0,12.0,45.56999206542969,9.6038818359375,35.96611022949219,,
K-Means,test_austin16_1536_2560,test,austin16.tif,austin,2560,1536,0.08295027699989532,0.32992600657271315,0.4961569364643815,0.6048643453833075,0.4205710761006451,0.4961569364643816,28.0,5.0,23.0,20.64056396484375,29.685211181640625,9.044647216796875,,
K-Means,test_austin16_2048_3072,test,austin16.tif,austin,3072,2048,0.07956982500002141,0.3234915394607718,0.48884564776677225,0.4699774191953322,0.5092922527349855,0.4888456477667722,8.0,6.0,2.0,46.288299560546875,42.71507263183594,3.5732269287109375,,
K-Means,test_austin16_2048_3584,test,austin16.tif,austin,3584,2048,0.08161731500001679,0.16487887996672637,0.2830833021394224,0.7198968981576404,0.1761813281339603,0.28308330213942234,15.0,6.0,9.0,13.023757934570312,53.216552734375,40.19279479980469,,
K-Means,test_austin16_2560_0,test,austin16.tif,austin,0,2560,0.08354107899992869,0.45128609712725726,0.6219119690053585,0.5286730726912638,0.7550810878766291,0.6219119690053585,26.0,6.0,20.0,26.002883911132812,18.206024169921875,7.7968597412109375,,
K-Means,test_austin16_2560_3072,test,austin16.tif,austin,3072,2560,0.0790947899999992,0.039568756247322576,0.07612532794879191,0.03998210833116902,0.7928469241773963,0.07612532794879191,7.0,1.0,6.0,26.438140869140625,1.3332366943359375,25.104904174804688,,
K-Means,test_austin16_3072_1536,test,austin16.tif,austin,1536,3072,0.08074181999995744,0.0,0.0,0.0,0.0,0.0,14.0,0.0,14.0,37.902069091796875,0.0,37.902069091796875,,
K-Means,test_austin16_3072_3072,test,austin16.tif,austin,3072,3072,0.08060751999994409,0.0,0.0,0.0,0.0,0.0,3.0,0.0,3.0,13.4185791015625,0.0,13.4185791015625,,
K-Means,test_austin16_3072_3584,test,austin16.tif,austin,3584,3072,0.08078717199998664,0.0,0.0,0.0,0.0,0.0,3.0,0.0,3.0,5.9352874755859375,0.0,5.9352874755859375,,
K-Means,test_austin16_3584_0,test,austin16.tif,austin,0,3584,0.08214281699997628,0.07174161332306303,0.13387856257744735,0.07345995195140746,0.754118194509074,0.13387856257744735,21.0,6.0,15.0,42.07801818847656,4.0988922119140625,37.9791259765625,,
K-Means,test_austin16_4096_0,test,austin16.tif,austin,0,4096,0.08308429800001704,0.2333005709655395,0.37833530034432833,0.2568964235259127,0.7175162101668321,0.37833530034432833,14.0,9.0,5.0,46.17347717285156,16.531753540039062,29.6417236328125,,
K-Means,test_austin16_4096_2560,test,austin16.tif,austin,2560,4096,0.08989400100006151,0.18433454445051048,0.31128796388529767,0.1869685320026478,0.9290006325110689,0.31128796388529767,8.0,7.0,1.0,59.9334716796875,12.06207275390625,47.87139892578125,,
K-Means,test_austin17_0_3072,test,austin17.tif,austin,3072,0,0.08142685699999674,0.3458721421137722,0.5139747399341507,0.47732261415473554,0.5567238400269712,0.5139747399341507,18.0,20.0,2.0,42.23060607910156,36.20758056640625,6.0230255126953125,,
K-Means,test_austin17_1024_3584,test,austin17.tif,austin,3584,1024,0.08209229699991738,0.34675083346996777,0.5149443012803604,0.6229105814781178,0.4388759187202767,0.5149443012803604,33.0,20.0,13.0,15.541458129882812,22.058486938476562,6.51702880859375,,
K-Means,test_austin17_1536_1024,test,austin17.tif,austin,1024,1536,0.08379494300004353,0.14009625294290062,0.24576214961021728,0.16920951054062078,0.4488095959289998,0.2457621496102173,31.0,20.0,11.0,33.403778076171875,12.593841552734375,20.8099365234375,,
K-Means,test_austin17_2048_512,test,austin17.tif,austin,512,2048,0.08366006900007505,0.37795996574790797,0.5485790228205428,0.5165102537365311,0.5848935304845249,0.5485790228205428,44.0,47.0,3.0,32.924652099609375,29.075241088867188,3.8494110107421875,,
K-Means,test_austin17_2560_512,test,austin17.tif,austin,512,2560,0.0811539129999801,0.24282099434848925,0.39075779288035073,0.3175487144010146,0.5078367015784039,0.3907577928803507,39.0,43.0,4.0,33.084869384765625,20.6878662109375,12.397003173828125,,
K-Means,test_austin17_3072_512,test,austin17.tif,austin,512,3072,0.09161139200000434,0.2986652840297581,0.4599572926181561,0.42686637548701484,0.49860979960130103,0.45995729261815615,34.0,54.0,20.0,33.97483825683594,29.0863037109375,4.8885345458984375,,
K-Means,test_austin17_3584_4096,test,austin17.tif,austin,4096,3584,0.08099155000002156,0.2520213099341899,0.4025830997196636,0.5006536761501588,0.33664029469630374,0.4025830997196636,24.0,7.0,17.0,24.51019287109375,36.45172119140625,11.9415283203125,,
K-Means,test_austin17_4096_4096,test,austin17.tif,austin,4096,4096,0.08349649100000534,0.14328280017026293,0.25065154509264825,0.34106231245859475,0.1981300794603038,0.2506515450926483,37.0,10.0,27.0,9.788894653320312,16.850662231445312,7.061767578125,,
K-Means,test_austin3_0_2560,test,austin3.tif,austin,2560,0,0.08259891400007291,0.26916686065646145,0.42416307737067466,0.3025561901668336,0.7092216582064298,0.4241630773706747,26.0,21.0,5.0,42.27790832519531,18.035888671875,24.242019653320312,,
K-Means,test_austin3_1024_3072,test,austin3.tif,austin,3072,1024,0.08326460700004645,0.2554690907421436,0.4069699407591604,0.2996499730748519,0.6340587967183227,0.4069699407591604,48.0,23.0,25.0,28.3355712890625,13.39111328125,14.9444580078125,,
K-Means,test_austin3_1536_3072,test,austin3.tif,austin,3072,1536,0.08004787699996996,0.20005855576390874,0.33341465681490773,0.21731294912276716,0.7158821621891291,0.33341465681490773,20.0,17.0,3.0,50.37803649902344,15.292739868164062,35.085296630859375,,
K-Means,test_austin3_2048_1536,test,austin3.tif,austin,1536,2048,0.08278220399995462,0.18770345627989923,0.31607798274464943,0.2180478942479222,0.5742492801316331,0.31607798274464943,13.0,26.0,13.0,46.40312194824219,17.619705200195312,28.783416748046875,,
K-Means,test_austin3_2560_3072,test,austin3.tif,austin,3072,2560,0.08278196700007356,0.1413314405506677,0.2476606453292452,0.47765690376569037,0.16716779257292358,0.24766064532924517,29.0,40.0,11.0,6.8378448486328125,19.538116455078125,12.700271606445312,,
K-Means,test_austin3_3072_0,test,austin3.tif,austin,0,3072,0.08383300899993174,0.029937282577523972,0.058134185612939156,0.030798240100565682,0.5171225500753823,0.058134185612939156,50.0,6.0,44.0,29.738998413085938,1.7711639404296875,27.96783447265625,,
K-Means,test_austin3_3072_3072,test,austin3.tif,austin,3072,3072,0.08206833899998855,0.29852234976150066,0.4597877731042984,0.34358827178210033,0.6947470889962185,0.45978777310429847,29.0,51.0,22.0,41.20368957519531,20.377349853515625,20.826339721679688,,
K-Means,test_austin3_4096_1024,test,austin3.tif,austin,1024,4096,0.07929816299997583,0.21365533009431267,0.3520856783576431,0.2317933771549051,0.7319313086216688,0.3520856783576431,5.0,32.0,27.0,61.51580810546875,19.481277465820312,42.03453063964844,,
K-Means,test_austin3_4096_4096,test,austin3.tif,austin,4096,4096,0.08277017099999284,0.2957660709936004,0.45651152258803224,0.40461368352493904,0.5236816310527348,0.45651152258803224,42.0,33.0,9.0,25.185012817382812,19.458770751953125,5.7262420654296875,,
K-Means,test_austin30_512_1024,test,austin30.tif,austin,1024,512,0.08300657799998135,0.28663119856940394,0.44555300522497376,0.346417361671599,0.624175930713547,0.44555300522497376,26.0,64.0,38.0,42.537689208984375,23.6083984375,18.929290771484375,,
K-Means,test_austin30_512_2560,test,austin30.tif,austin,2560,512,0.08166764899999635,0.17262721442861548,0.2944281222617391,0.3595699412068336,0.24926906326639262,0.29442812226173903,26.0,1.0,25.0,30.300521850585938,43.70841979980469,13.40789794921875,,
K-Means,test_austin30_512_3072,test,austin30.tif,austin,3072,512,0.079678629,0.1679261426528573,0.2875629485806792,0.17415207436180644,0.8244763667342323,0.2875629485806792,4.0,34.0,30.0,61.476898193359375,12.985610961914062,48.49128723144531,,
K-Means,test_austin30_1536_1536,test,austin30.tif,austin,1536,1536,0.08112791300004574,0.10265054065509457,0.18618870960532785,0.10745055149145162,0.6967750568714037,0.18618870960532782,19.0,16.0,3.0,36.97166442871094,5.701446533203125,31.270217895507812,,
K-Means,test_austin30_1536_3584,test,austin30.tif,austin,3584,1536,0.08188098300001911,0.5740961625467856,0.729429594209715,0.7544864864864865,0.7059835112032775,0.7294295942097151,26.0,19.0,7.0,21.17156982421875,22.626113891601562,1.4545440673828125,,
K-Means,test_austin30_1536_4096,test,austin30.tif,austin,4096,1536,0.08360462699999971,0.2658199228620827,0.4199964277083749,0.316781310425714,0.622977901069102,0.4199964277083749,48.0,22.0,26.0,24.068450927734375,12.238693237304688,11.829757690429688,,
K-Means,test_austin30_2048_2048,test,austin30.tif,austin,2048,2048,0.0833461269999134,0.3275431436677066,0.4934576254339692,0.41539068383117583,0.6076586815876902,0.49345762543396915,46.0,57.0,11.0,31.914138793945312,21.816253662109375,10.097885131835938,,
K-Means,test_austin30_2048_4096,test,austin30.tif,austin,4096,2048,0.08232940799996413,0.2884253159183962,0.44771755468465807,0.326630347700689,0.7114717623192199,0.44771755468465807,31.0,39.0,8.0,38.092041015625,17.487716674804688,20.604324340820312,,
K-Means,test_austin30_3072_512,test,austin30.tif,austin,512,3072,0.08188757299990357,0.2493424600705248,0.39915790592188716,0.40728593500121973,0.39134794442057014,0.39915790592188716,21.0,5.0,16.0,28.147125244140625,29.293441772460938,1.1463165283203125,,
K-Means,test_austin30_3072_1024,test,austin30.tif,austin,1024,3072,0.10435279300008915,0.21939776813213574,0.35984610414402773,0.2923865523758615,0.4677702609837668,0.35984610414402773,28.0,30.0,2.0,39.963531494140625,24.979782104492188,14.983749389648438,,
K-Means,test_austin30_3072_2560,test,austin30.tif,austin,2560,3072,0.08195321100004094,0.3000638272553198,0.4616139930434204,0.4041114850590789,0.5381958592855618,0.4616139930434203,44.0,41.0,3.0,26.182937622070312,19.659805297851562,6.52313232421875,,
K-Means,test_austin30_3584_512,test,austin30.tif,austin,512,3584,0.0839832069999602,0.2605681907257478,0.41341387581060673,0.33916364219394524,0.5292859904920046,0.41341387581060673,26.0,9.0,17.0,26.171493530273438,16.770553588867188,9.40093994140625,,
K-Means,test_austin30_3584_3072,test,austin30.tif,austin,3072,3584,0.08228928600010477,0.34315190666730944,0.5109651484153476,0.42123826770348805,0.6492629889083479,0.5109651484153476,36.0,42.0,6.0,32.22999572753906,20.91064453125,11.319351196289062,,
K-Means,test_austin30_4096_3584,test,austin30.tif,austin,3584,4096,0.08346686499999123,0.29778504908129877,0.458912744128314,0.5095944694506063,0.41740020109721465,0.45891274412831407,45.0,41.0,4.0,17.712783813476562,21.625137329101562,3.912353515625,,
K-Means,test_austin33_0_0,test,austin33.tif,austin,0,0,0.0819698679999874,0.3514134866002807,0.5200680473958025,0.37242805640745963,0.8616468660385088,0.5200680473958025,10.0,10.0,0.0,53.85856628417969,23.279190063476562,30.579376220703125,,
K-Means,test_austin33_0_512,test,austin33.tif,austin,512,0,0.08164930800001002,0.26142671680544366,0.4144937051396936,0.3001863393947182,0.6693890417239798,0.4144937051396936,25.0,6.0,19.0,29.684066772460938,13.311767578125,16.372299194335938,,
K-Means,test_austin33_1024_0,test,austin33.tif,austin,0,1024,0.08399092000001929,0.25288196474814134,0.4036804293834281,0.3687327760775895,0.44594619478151987,0.403680429383428,39.0,47.0,8.0,25.054550170898438,20.716476440429688,4.33807373046875,,
K-Means,test_austin33_1024_4096,test,austin33.tif,austin,4096,1024,0.08173341799999889,0.28432430231848066,0.4427609160789286,0.41401387159879066,0.47579793575637835,0.44276091607892853,30.0,12.0,18.0,12.870025634765625,11.198806762695312,1.6712188720703125,,
K-Means,test_austin33_1536_1536,test,austin33.tif,austin,1536,1536,0.08210340899995572,0.3326457990727579,0.499226124907623,0.5196145305719635,0.4803772926701641,0.499226124907623,33.0,15.0,18.0,26.284408569335938,28.431320190429688,2.14691162109375,,
K-Means,test_austin33_3584_0,test,austin33.tif,austin,0,3584,0.08076328700008162,0.0,0.0,0.0,0.0,0.0,11.0,0.0,11.0,55.216217041015625,0.0,55.216217041015625,,
K-Means,test_austin33_3584_1024,test,austin33.tif,austin,1024,3584,0.08118959299997641,0.0,0.0,0.0,0.0,0.0,3.0,0.0,3.0,74.70741271972656,0.0,74.70741271972656,,
K-Means,test_austin35_0_0,test,austin35.tif,austin,0,0,0.08250427999996646,0.2181926785561908,0.35822359204258897,0.278146415751115,0.5030493802872319,0.35822359204258897,40.0,16.0,24.0,31.561660766601562,17.451095581054688,14.110565185546875,,
K-Means,test_austin35_0_4096,test,austin35.tif,austin,4096,0,0.0825323120000121,0.32763693979176095,0.4935640610348649,0.48061758114053293,0.507227332457293,0.4935640610348649,24.0,12.0,12.0,18.38226318359375,17.41790771484375,0.96435546875,,
K-Means,test_austin35_1536_0,test,austin35.tif,austin,0,1536,0.08116517200005546,0.00612565053910705,0.012176710803118426,0.006339171441087795,0.15387823185988322,0.012176710803118426,12.0,4.0,8.0,44.41032409667969,1.82952880859375,42.58079528808594,,
K-Means,test_austin35_2048_2560,test,austin35.tif,austin,2560,2048,0.08285692100002962,0.31367349103638487,0.4775516795865633,0.4190700245177931,0.5550029092137615,0.4775516795865633,32.0,49.0,17.0,26.916885375976562,20.324325561523438,6.592559814453125,,
K-Means,test_austin35_2560_0,test,austin35.tif,austin,0,2560,0.0830732579998994,0.014766229397914565,0.029102721336471214,0.015007007828256931,0.47925764192139736,0.029102721336471214,25.0,5.0,20.0,22.318267822265625,0.6988525390625,21.619415283203125,,
K-Means,test_austin35_2560_3072,test,austin35.tif,austin,3072,2560,0.08674497100003009,0.13455911154120873,0.23720070672813307,0.15149746423336835,0.5461772270282909,0.23720070672813307,33.0,24.0,9.0,29.410171508789062,8.157730102539062,21.25244140625,,
K-Means,test_austin35_3584_3072,test,austin35.tif,austin,3072,3584,0.08085949500002698,0.12997582368154728,0.2300506275578112,0.13343626892162946,0.8336639019112874,0.2300506275578112,8.0,3.0,5.0,52.870941162109375,8.4625244140625,44.408416748046875,,
K-Means,test_austin9_0_1024,test,austin9.tif,austin,1024,0,0.08469066700001804,0.26883980840872806,0.423756894490699,0.38495440343434856,0.4712586488377517,0.423756894490699,46.0,51.0,5.0,30.034637451171875,24.534225463867188,5.5004119873046875,,
K-Means,test_austin9_0_2048,test,austin9.tif,austin,2048,0,0.08123527200007175,0.2561614088842351,0.40784791997672704,0.3028145612839982,0.624438962551821,0.407847919976727,27.0,49.0,22.0,45.919036865234375,22.267913818359375,23.651123046875,,
K-Means,test_austin9_0_4096,test,austin9.tif,austin,4096,0,0.08172061499999472,0.03344475562381426,0.06472480593048464,0.03654996741899177,0.28246604608576226,0.06472480593048466,29.0,5.0,24.0,19.318771362304688,2.4997711181640625,16.819000244140625,,
K-Means,test_austin9_1024_512,test,austin9.tif,austin,512,1024,0.08310818300003575,0.2836453832613218,0.4419372935236552,0.4723675005829641,0.41519046643047464,0.44193729352365513,44.0,64.0,20.0,22.902679443359375,26.056671142578125,3.15399169921875,,
K-Means,test_austin9_1024_4096,test,austin9.tif,austin,4096,1024,0.08330638699999326,0.10777549092381403,0.19458002421399692,0.11382019669327252,0.6698998584386305,0.19458002421399692,30.0,20.0,10.0,42.822265625,7.2757720947265625,35.54649353027344,,
K-Means,test_austin9_1536_0,test,austin9.tif,austin,0,1536,0.0805807699999832,0.22135262263330566,0.3624712773876177,0.323339636531605,0.4123787256760986,0.36247127738761775,39.0,45.0,6.0,26.427078247070312,20.721054077148438,5.706024169921875,,
K-Means,test_austin9_1536_2048,test,austin9.tif,austin,2048,1536,0.08265640700005861,0.24650210698378897,0.3955101328793739,0.39628009016502125,0.3947431617876612,0.39551013287937387,25.0,22.0,3.0,31.646347045898438,31.769561767578125,0.1232147216796875,,
K-Means,test_austin9_2048_512,test,austin9.tif,austin,512,2048,0.0822372060000589,0.2538102623921654,0.40486231450668875,0.2783118982359969,0.7424677053452575,0.40486231450668875,9.0,49.0,40.0,54.279327392578125,20.346450805664062,33.93287658691406,,
K-Means,test_austin9_2560_0,test,austin9.tif,austin,0,2560,0.08191432000000987,0.27682886339321944,0.4336193695645893,0.3494499097735607,0.5712002131344079,0.43361936956458924,42.0,37.0,5.0,32.76634216308594,20.045852661132812,12.720489501953125,,
K-Means,test_austin9_2560_1024,test,austin9.tif,austin,1024,2560,0.09065223900006458,0.2888043891574773,0.4481741241528138,0.398366551775813,0.5122162703765077,0.4481741241528139,50.0,47.0,3.0,25.455474853515625,19.797515869140625,5.657958984375,,
K-Means,test_austin9_3072_2560,test,austin9.tif,austin,2560,3072,0.08363026300003185,0.09803168223194231,0.17855893198395822,0.10392689295039165,0.633458526959068,0.17855893198395822,31.0,25.0,6.0,36.525726318359375,5.9925079345703125,30.533218383789062,,
K-Means,test_austin9_3072_3584,test,austin9.tif,austin,3584,3072,0.07994209200001023,0.21678824617281414,0.3563286329477328,0.23526001248773526,0.7341173196019762,0.3563286329477328,5.0,39.0,34.0,51.31988525390625,16.446304321289062,34.87358093261719,,
K-Means,test_austin9_4096_1536,test,austin9.tif,austin,1536,4096,0.08302117999994607,0.5207808564231738,0.6848861283643892,0.6166498530637309,0.7701029798422436,0.6848861283643892,28.0,9.0,19.0,26.091384887695312,20.892333984375,5.1990509033203125,,
K-Means,test_chicago22_512_0,test,chicago22.tif,chicago,0,512,0.080482939000035,0.6436177302548761,0.783172045917356,1.0,0.6436177302548761,0.783172045917356,5.0,1.0,4.0,16.578292846679688,25.757980346679688,9.1796875,,
K-Means,test_chicago22_512_4096,test,chicago22.tif,chicago,4096,512,0.0822135650000746,0.28474417172065325,0.44326984000136993,0.3269423463931762,0.6880981073226058,0.44326984000137,12.0,3.0,9.0,45.30372619628906,21.52557373046875,23.778152465820312,,
K-Means,test_chicago22_1024_1024,test,chicago22.tif,chicago,1024,1024,0.0808889630000067,0.31106645889718143,0.4745243184069228,0.49138452237001207,0.4587827349152269,0.4745243184069228,21.0,3.0,18.0,35.333251953125,37.844085693359375,2.510833740234375,,
K-Means,test_chicago22_1024_2048,test,chicago22.tif,chicago,2048,1024,0.08194589000004271,0.23291588828155632,0.3778293239552546,0.25466297943161664,0.7317232218331119,0.3778293239552546,16.0,4.0,12.0,45.38307189941406,15.794754028320312,29.58831787109375,,
K-Means,test_chicago22_1024_3072,test,chicago22.tif,chicago,3072,1024,0.08177382400003808,0.3457347504057203,0.5138230253792379,0.3604513592937016,0.8943813131313131,0.5138230253792377,20.0,6.0,14.0,29.986190795898438,12.0849609375,17.901229858398438,,
K-Means,test_chicago22_1536_1536,test,chicago22.tif,chicago,1536,1536,0.08002495299990642,0.5198933900749669,0.6841182328575346,0.8082133387895684,0.5930585357614279,0.6841182328575346,15.0,3.0,12.0,44.74525451660156,60.97831726074219,16.233062744140625,,
K-Means,test_chicago22_1536_3072,test,chicago22.tif,chicago,3072,1536,0.08301352900002712,0.38926090204192254,0.5603855999543218,0.4604935954581711,0.7156207466459265,0.5603855999543218,10.0,55.0,45.0,48.781585693359375,31.390380859375,17.391204833984375,,
K-Means,test_chicago22_2048_1024,test,chicago22.tif,chicago,1024,2048,0.08042145599995365,0.30537206466526523,0.4678697712802233,0.42829113724831863,0.5155081834714084,0.4678697712802233,15.0,9.0,6.0,36.35749816894531,30.206298828125,6.1511993408203125,,
K-Means,test_chicago22_2560_0,test,chicago22.tif,chicago,0,2560,0.07949258899998313,0.2234398988913676,0.3652650188927791,0.9361051883439944,0.22690038330677462,0.3652650188927791,18.0,5.0,13.0,10.73455810546875,44.28672790527344,33.55216979980469,,
K-Means,test_chicago22_3584_0,test,chicago22.tif,chicago,0,3584,0.08421515300005922,0.1922112619519225,0.3224449694213234,0.22738702269277178,0.5540717415634425,0.3224449694213234,10.0,6.0,4.0,49.00169372558594,20.109939575195312,28.891754150390625,,
K-Means,test_chicago22_3584_2048,test,chicago22.tif,chicago,2048,3584,0.08282069599999886,0.35583916990920883,0.5248987900726263,0.45436358095843765,0.6213581678504131,0.5248987900726263,20.0,8.0,12.0,28.792190551757812,21.0540771484375,7.7381134033203125,,
K-Means,test_chicago27_0_3072,test,chicago27.tif,chicago,3072,0,0.08146273199997722,0.23367991297837173,0.37883394309990437,0.24244800445571402,0.8659791115880952,0.3788339430999044,6.0,4.0,2.0,52.053070068359375,14.573287963867188,37.47978210449219,,
K-Means,test_chicago27_0_4096,test,chicago27.tif,chicago,4096,0,0.0810380879999002,0.2885071621324159,0.44781615595360874,0.9997174981637381,0.28853068512584695,0.44781615595360874,7.0,5.0,2.0,13.503265380859375,46.78688049316406,33.28361511230469,,
K-Means,test_chicago27_512_1024,test,chicago27.tif,chicago,1024,512,0.08539362900000924,0.4598557804140498,0.6300016571275606,0.5172691687773429,0.805564610770635,0.6300016571275606,32.0,16.0,16.0,36.447906494140625,23.4039306640625,13.043975830078125,,
K-Means,test_chicago27_512_3584,test,chicago27.tif,chicago,3584,512,0.08761470299998564,0.2018906301906366,0.33595507797346574,0.6010306058713304,0.23313457345142272,0.33595507797346574,15.0,3.0,12.0,21.98638916015625,56.68182373046875,34.6954345703125,,
K-Means,test_chicago27_1024_1536,test,chicago27.tif,chicago,1536,1024,0.08657946099992841,0.48525669654448955,0.6534314205395729,0.5733411871540944,0.7595305057467527,0.6534314205395728,31.0,27.0,4.0,31.085586547851562,23.465347290039062,7.6202392578125,,
K-Means,test_chicago27_1024_2048,test,chicago27.tif,chicago,2048,1024,0.08863696799994614,0.5795644891122278,0.7338282078472959,0.7702714273482318,0.7006776228678246,0.7338282078472959,33.0,28.0,5.0,26.731109619140625,29.386138916015625,2.655029296875,,
K-Means,test_chicago27_1024_4096,test,chicago27.tif,chicago,4096,1024,0.07897701800004597,0.17977641762355204,0.3047635381383184,0.18386523102790442,0.889918307302263,0.3047635381383184,4.0,2.0,2.0,58.98857116699219,12.187576293945312,46.800994873046875,,
K-Means,test_chicago27_1536_1536,test,chicago27.tif,chicago,1536,1536,0.08054939500004821,0.23295044713145588,0.37787479241105126,0.24949536064062203,0.7784112997278735,0.3778747924110513,21.0,5.0,16.0,45.92247009277344,14.719009399414062,31.203460693359375,,
K-Means,test_chicago27_2048_512,test,chicago27.tif,chicago,512,2048,0.08378410300008454,0.28452017475492125,0.44299837456302465,0.42746033280694407,0.4597086313065379,0.4429983745630247,27.0,77.0,50.0,35.50987243652344,33.01887512207031,2.490997314453125,,
K-Means,test_chicago27_2560_2560,test,chicago27.tif,chicago,2560,2560,0.08144854099998611,0.3046144014661908,0.4669799768021109,0.4855937415907431,0.44974053601787317,0.4669799768021109,15.0,38.0,23.0,39.69268798828125,42.85697937011719,3.1642913818359375,,
K-Means,test_chicago27_2560_3584,test,chicago27.tif,chicago,3584,2560,0.0818029879999358,0.23314415437003405,0.37812960235640647,0.34171203871748335,0.4232354263449723,0.3781296023564064,18.0,59.0,41.0,37.83416748046875,30.54656982421875,7.28759765625,,
K-Means,test_chicago27_4096_1024,test,chicago27.tif,chicago,1024,4096,0.08180642300010277,0.28486446008686533,0.4434155802980287,0.3957471599184387,0.504140117259147,0.4434155802980287,12.0,6.0,6.0,45.83549499511719,35.98060607910156,9.854888916015625,,
K-Means,test_chicago27_4096_2048,test,chicago27.tif,chicago,2048,4096,0.08129238100002567,0.24549794537104183,0.3942165401130492,0.45717983344586993,0.3464966523092669,0.3942165401130492,27.0,9.0,18.0,27.117919921875,35.78033447265625,8.66241455078125,,
K-Means,test_chicago28_0_3072,test,chicago28.tif,chicago,3072,0,0.08064176799996403,0.44164885858688646,0.6126996264815741,0.5859830329215329,0.6419687650227421,0.612699626481574,19.0,3.0,16.0,33.904266357421875,30.947494506835938,2.9567718505859375,,
K-Means,test_chicago28_1536_1024,test,chicago28.tif,chicago,1024,1536,0.08127171299997826,0.2460794666154692,0.394965928270781,0.3628199024691517,0.43336202127005596,0.39496592827078103,19.0,1.0,18.0,29.647445678710938,24.82147216796875,4.8259735107421875,,
K-Means,test_chicago28_1536_3584,test,chicago28.tif,chicago,3584,1536,0.0820420230000991,0.1655540269288888,0.2840778258303583,0.5762565501540635,0.1885019099284178,0.2840778258303583,32.0,4.0,28.0,19.437026977539062,59.41963195800781,39.98260498046875,,
K-Means,test_chicago28_2560_2048,test,chicago28.tif,chicago,2048,2560,0.08123900099997172,0.6978579748017902,0.8220451712202358,0.8171792138020797,0.8269694252164896,0.8220451712202358,11.0,7.0,4.0,55.100250244140625,54.44793701171875,0.652313232421875,,
K-Means,test_chicago28_4096_1024,test,chicago28.tif,chicago,1024,4096,0.08227184299994406,0.2681276456492595,0.4228716983959178,0.3833730793612461,0.47144421552796184,0.42287169839591776,21.0,5.0,16.0,25.273895263671875,20.552444458007812,4.7214508056640625,,
K-Means,test_chicago28_4096_1536,test,chicago28.tif,chicago,1536,4096,0.08185741099998722,0.16098049967442338,0.2773181801409542,0.303567389407697,0.255247177731589,0.27731818014095416,29.0,1.0,28.0,23.610687255859375,28.080368041992188,4.4696807861328125,,
K-Means,test_chicago28_4096_2048,test,chicago28.tif,chicago,2048,4096,0.08682293199990454,0.3604625527163593,0.5299117597858816,0.4837093449381585,0.5858724801183651,0.5299117597858816,21.0,5.0,16.0,39.971923828125,33.001708984375,6.97021484375,,
K-Means,test_chicago29_512_2560,test,chicago29.tif,chicago,2560,512,0.0793686389999948,0.13312783529138073,0.23497407996715086,0.2487682944500797,0.22262927540930458,0.23497407996715083,5.0,6.0,1.0,42.120361328125,47.06573486328125,4.94537353515625,,
K-Means,test_chicago29_1536_2560,test,chicago29.tif,chicago,2560,1536,0.08061201099997106,0.2991578590402984,0.46054119899068996,0.33217858442846204,0.750588502226382,0.46054119899069,19.0,4.0,15.0,30.392074584960938,13.450241088867188,16.94183349609375,,
K-Means,test_chicago29_2048_2560,test,chicago29.tif,chicago,2560,2048,0.0799334739999722,0.1435525395986428,0.2510641787372988,0.1778197830976694,0.4269090355947673,0.2510641787372988,11.0,5.0,6.0,36.12403869628906,15.04669189453125,21.077346801757812,,
K-Means,test_chicago29_2048_3072,test,chicago29.tif,chicago,3072,2048,0.08332020099999227,0.46576928643797944,0.6355287844376419,0.7712505325948019,0.5404265641618928,0.6355287844376419,23.0,8.0,15.0,28.64990234375,40.886688232421875,12.236785888671875,,
K-Means,test_chicago29_2560_2048,test,chicago29.tif,chicago,2048,2560,0.0829355260000284,0.39855990255628077,0.569957571109818,0.48290408525754885,0.6952997922092575,0.5699575711098179,15.0,13.0,2.0,58.416748046875,40.57197570800781,17.844772338867188,,
K-Means,test_chicago29_2560_2560,test,chicago29.tif,chicago,2560,2560,0.08083882899995842,0.2860546613448813,0.44485614794279726,0.38123051605650776,0.5339739635749765,0.44485614794279726,23.0,10.0,13.0,32.91664123535156,23.500823974609375,9.415817260742188,,
K-Means,test_chicago29_3584_512,test,chicago29.tif,chicago,512,3584,0.08235949300001266,0.3252783014808846,0.4908830109380257,0.6264973104913438,0.40353260869565216,0.4908830109380258,36.0,19.0,17.0,25.317764282226562,39.306640625,13.988876342773438,,
K-Means,test_chicago29_4096_1024,test,chicago29.tif,chicago,1024,4096,0.08172240600003988,0.4239356649238958,0.5954421612812874,0.7580162074554295,0.49028849379402883,0.5954421612812875,24.0,15.0,9.0,29.420852661132812,45.4864501953125,16.065597534179688,,
K-Means,test_chicago29_4096_2560,test,chicago29.tif,chicago,2560,4096,0.08375088299999334,0.21175182134184087,0.3494970135177617,0.24572907361189136,0.6049654234213808,0.34949701351776175,17.0,3.0,14.0,41.42112731933594,16.824722290039062,24.596405029296875,,
K-Means,test_chicago30_0_3584,test,chicago30.tif,chicago,3584,0,0.08011016600005405,0.05081200639507627,0.09670998444220738,0.06848116646415553,0.16453232649565996,0.09670998444220738,9.0,6.0,3.0,23.546218872070312,9.800338745117188,13.745880126953125,,
K-Means,test_chicago30_512_1024,test,chicago30.tif,chicago,1024,512,0.08164234399998804,0.14775646204679307,0.2574700590808247,0.20985407236238168,0.33303610675039247,0.25747005908082465,10.0,5.0,5.0,48.20404052734375,30.374526977539062,17.829513549804688,,
K-Means,test_chicago30_1024_512,test,chicago30.tif,chicago,512,1024,0.07890866299999288,0.3056637792992145,0.4682120836089558,0.337674548177038,0.7632788640156166,0.4682120836089558,11.0,7.0,4.0,54.77333068847656,24.231719970703125,30.541610717773438,,
K-Means,test_chicago30_1024_2560,test,chicago30.tif,chicago,2560,1024,0.08085643500010065,0.007742697922715649,0.015366418310300556,0.007742697922715649,1.0,0.015366418310300552,3.0,2.0,1.0,74.88784790039062,0.579833984375,74.30801391601562,,
K-Means,test_chicago30_1536_512,test,chicago30.tif,chicago,512,1536,0.07896839900001851,0.0,0.0,0.0,0.0,0.0,6.0,0.0,6.0,50.4913330078125,0.0,50.4913330078125,,
K-Means,test_chicago30_1536_4096,test,chicago30.tif,chicago,4096,1536,0.0804996360000132,0.09407071924211576,0.1719646044586229,0.09718490028245434,0.7459146020031628,0.1719646044586229,5.0,7.0,2.0,44.43321228027344,5.7891845703125,38.64402770996094,,
K-Means,test_chicago30_2048_1536,test,chicago30.tif,chicago,1536,2048,0.08119702299995879,0.010755739705423277,0.021282569631626235,0.014402705732580897,0.04074611621781433,0.02128256963162624,22.0,2.0,20.0,20.076370239257812,7.0964813232421875,12.979888916015625,,
K-Means,test_chicago30_2048_3072,test,chicago30.tif,chicago,3072,2048,0.08222952699998132,0.4808978202931658,0.6494679291214905,0.6586786825937454,0.64051122362468,0.6494679291214905,8.0,9.0,1.0,46.816253662109375,48.14414978027344,1.3278961181640625,,
K-Means,test_chicago30_2560_512,test,chicago30.tif,chicago,512,2560,0.07991333000006762,0.315530349837731,0.47970060117070085,0.35158599598518725,0.7547096432960503,0.47970060117070085,14.0,28.0,14.0,52.63862609863281,24.522018432617188,28.116607666015625,,
K-Means,test_chicago30_3072_0,test,chicago30.tif,chicago,0,3072,0.08422473000007358,0.26257022971339167,0.4159297020221934,0.42318217637366573,0.40892162427833695,0.41592970202219337,33.0,24.0,9.0,26.624679565429688,27.553176879882812,0.928497314453125,,
K-Means,test_chicago30_3072_3072,test,chicago30.tif,chicago,3072,3072,0.08004349999998794,0.012541708016534737,0.024772723764836625,0.013255589233653504,0.18889019653995529,0.024772723764836625,4.0,4.0,0.0,46.18873596191406,3.2413482666015625,42.9473876953125,,
K-Means,test_chicago30_3584_0,test,chicago30.tif,chicago,0,3584,0.08061267100003988,0.10886729149192224,0.19635765673175745,0.1214997964997965,0.5115013921610623,0.19635765673175745,21.0,13.0,8.0,37.4908447265625,8.905410766601562,28.585433959960938,,
K-Means,test_chicago33_512_512,test,chicago33.tif,chicago,512,512,0.08281323800008522,0.3900263151462813,0.5611783185633235,0.4930836655027861,0.6510941558883131,0.5611783185633236,25.0,5.0,20.0,37.03651428222656,28.048324584960938,8.988189697265625,,
K-Means,test_chicago33_512_1536,test,chicago33.tif,chicago,1536,512,0.08042484999998578,0.0,0.0,0.0,0.0,0.0,7.0,0.0,7.0,54.41932678222656,0.0,54.41932678222656,,
K-Means,test_chicago33_512_2560,test,chicago33.tif,chicago,2560,512,0.08207736899998963,0.2586704223826226,0.4110216904802892,0.30927784974093264,0.6125256541816316,0.4110216904802892,19.0,14.0,5.0,47.119140625,23.79150390625,23.32763671875,,
K-Means,test_chicago33_512_4096,test,chicago33.tif,chicago,4096,512,0.08215597900004923,0.3482243235600433,0.5165673359764675,0.44690719824381264,0.6119535047210405,0.5165673359764675,15.0,14.0,1.0,43.09539794921875,31.472396850585938,11.623001098632812,,
K-Means,test_chicago33_1536_512,test,chicago33.tif,chicago,512,1536,0.08111521000000721,0.42756562144197924,0.5990136145336655,0.45387017534690466,0.880631258714666,0.5990136145336656,12.0,4.0,8.0,58.39080810546875,30.094146728515625,28.296661376953125,,
K-Means,test_chicago33_1536_3072,test,chicago33.tif,chicago,3072,1536,0.08084004900001673,0.29157447053076235,0.4515023750987307,0.438838730604963,0.4649186111779328,0.4515023750987307,19.0,11.0,8.0,35.28022766113281,33.30116271972656,1.97906494140625,,
K-Means,test_chicago33_2048_3072,test,chicago33.tif,chicago,3072,2048,0.081809370999963,0.246076572119613,0.394962199956989,0.3614882256159724,0.4352682369527699,0.39496219995698906,20.0,8.0,12.0,37.79258728027344,31.386566162109375,6.4060211181640625,,
K-Means,test_chicago33_2560_2560,test,chicago33.tif,chicago,2560,2560,0.08284283699993011,0.25384657291172147,0.4049085085780967,0.34762914726038346,0.48478768151484075,0.4049085085780967,31.0,14.0,17.0,35.79216003417969,25.665664672851562,10.126495361328125,,
K-Means,test_chicago33_3584_2560,test,chicago33.tif,chicago,2560,3584,0.08016411800008427,0.21185204256779952,0.3496335115612053,0.21926954564969578,0.8623078714485328,0.3496335115612053,18.0,2.0,16.0,25.767135620117188,6.5521240234375,19.215011596679688,,
K-Means,test_chicago33_3584_3584,test,chicago33.tif,chicago,3584,3584,0.08188238900004308,0.36294129012669407,0.5325853619020616,0.7004954451014863,0.429607606103179,0.5325853619020617,21.0,5.0,16.0,28.64227294921875,46.70257568359375,18.060302734375,,
K-Means,test_chicago33_4096_1024,test,chicago33.tif,chicago,1024,4096,0.07991347100005441,0.32957850246229015,0.4957638858509413,0.39706157152200316,0.6597710071802834,0.4957638858509412,13.0,10.0,3.0,48.99444580078125,29.485702514648438,19.508743286132812,,
K-Means,test_chicago8_0_1536,test,chicago8.tif,chicago,1536,0,0.08164303299997755,0.14192168817331596,0.24856641159052179,0.26352233228461125,0.23521693277413974,0.24856641159052179,16.0,34.0,18.0,27.766036987304688,31.107330322265625,3.3412933349609375,,
K-Means,test_chicago8_0_4096,test,chicago8.tif,chicago,4096,0,0.0821701929999108,0.3357561547479484,0.5027207302088819,0.5184224970512327,0.4879421398579876,0.5027207302088819,32.0,74.0,42.0,32.66487121582031,34.705352783203125,2.0404815673828125,,
K-Means,test_chicago8_512_1024,test,chicago8.tif,chicago,1024,512,0.08290395999995326,0.23615982557588397,0.3820862330093365,0.40126439558669563,0.3646576645808175,0.3820862330093365,32.0,75.0,43.0,37.8936767578125,41.69769287109375,3.80401611328125,,
K-Means,test_chicago8_1024_1024,test,chicago8.tif,chicago,1024,1024,0.08130197799994221,0.29629656812377064,0.4571431806729588,0.45732183921066644,0.45696466167115657,0.4571431806729587,23.0,64.0,41.0,33.67500305175781,33.701324462890625,0.0263214111328125,,
K-Means,test_chicago8_1024_2048,test,chicago8.tif,chicago,2048,1024,0.08264847399993869,0.22917592279941,0.37289360871545374,0.5230485306941938,0.28972141091889464,0.37289360871545374,33.0,63.0,30.0,18.809890747070312,33.95843505859375,15.148544311523438,,
K-Means,test_chicago8_2048_1536,test,chicago8.tif,chicago,1536,2048,0.08183248900002127,0.1809530547988821,0.3064525792343179,0.6402019274896742,0.20143875447969858,0.30645257923431785,22.0,52.0,30.0,9.143447875976562,29.059219360351562,19.915771484375,,
K-Means,test_chicago8_2048_4096,test,chicago8.tif,chicago,4096,2048,0.08329730699995253,0.1611466532805007,0.27756468629561154,0.17845273155211772,0.6242965905329361,0.27756468629561154,32.0,13.0,19.0,32.25288391113281,9.2193603515625,23.033523559570312,,
K-Means,test_chicago8_2560_1024,test,chicago8.tif,chicago,1024,2560,0.08215135099999316,0.3682490051165435,0.5382777604653578,0.5256353509645532,0.5515432994678278,0.5382777604653579,26.0,95.0,69.0,41.36810302734375,39.424896240234375,1.943206787109375,,
K-Means,test_chicago8_3072_1024,test,chicago8.tif,chicago,1024,3072,0.08178723300000001,0.3445307700184313,0.512492205758457,0.44402929677834413,0.6059156546500242,0.512492205758457,20.0,61.0,41.0,46.250152587890625,33.89320373535156,12.356948852539062,,
K-Means,test_chicago8_3072_3072,test,chicago8.tif,chicago,3072,3072,0.08033932599994387,0.5417665675649755,0.7027867628763373,0.8872846337868207,0.5818082426201454,0.7027867628763375,15.0,4.0,11.0,31.572723388671875,48.149871826171875,16.5771484375,,
K-Means,test_chicago8_3072_4096,test,chicago8.tif,chicago,4096,3072,0.08176443100001052,0.3510001759840441,0.5196152927639435,0.3711157973081933,0.8662323561346362,0.5196152927639436,28.0,4.0,24.0,24.60174560546875,10.540008544921875,14.061737060546875,,
K-Means,test_chicago8_3584_2048,test,chicago8.tif,chicago,2048,3584,0.07815060999996604,0.10768416470448565,0.19443117115105504,0.1125635364258272,0.7129896502030656,0.19443117115105502,7.0,8.0,1.0,73.77357482910156,11.64703369140625,62.12654113769531,,
K-Means,test_chicago8_4096_0,test,chicago8.tif,chicago,0,4096,0.08110345599993707,0.2852999237020261,0.44394295594491584,0.4047019816353001,0.4916108432980655,0.4439429559449158,19.0,114.0,95.0,44.41032409667969,36.559295654296875,7.8510284423828125,,
K-Means,test_chicago8_4096_1536,test,chicago8.tif,chicago,1536,4096,0.08230436199994529,0.20090753582513035,0.33459284721215277,0.25950966512747914,0.47081132981277,0.3345928472121527,31.0,31.0,0.0,28.831863403320312,15.89202880859375,12.939834594726562,,
K-Means,test_chicago8_4096_4096,test,chicago8.tif,chicago,4096,4096,0.08121491299993977,0.06402534055584105,0.12034551831706293,0.07476635514018691,0.30827891128868695,0.12034551831706292,17.0,2.0,15.0,38.776397705078125,9.404373168945312,29.372024536132812,,
K-Means,test_kitsap9_0_3584,test,kitsap9.tif,kitsap,3584,0,0.08096989199998461,0.008767341873143921,0.017382287291069828,0.008866535775440861,0.43936028431808083,0.017382287291069828,17.0,1.0,16.0,42.55027770996094,0.8586883544921875,41.69158935546875,,
K-Means,test_kitsap9_512_1024,test,kitsap9.tif,kitsap,1024,512,0.08132660299997951,0.24962621931540505,0.3995214176158375,0.28313586038936783,0.6783726216685461,0.3995214176158375,9.0,33.0,24.0,51.062774658203125,21.312332153320312,29.750442504882812,,
K-Means,test_kitsap9_512_4096,test,kitsap9.tif,kitsap,4096,512,0.08115398699999332,0.04592353004951032,0.08781431668782987,0.046775930135183635,0.7159154929577465,0.08781431668782987,25.0,6.0,19.0,41.45317077636719,2.70843505859375,38.74473571777344,,
K-Means,test_kitsap9_1536_0,test,kitsap9.tif,kitsap,0,1536,0.08199385900002198,0.08709769201158178,0.16023894200421843,0.08881051254337562,0.818710996905973,0.16023894200421843,12.0,10.0,2.0,67.05856323242188,7.2742462158203125,59.78431701660156,,
K-Means,test_kitsap9_1536_1536,test,kitsap9.tif,kitsap,1536,1536,0.08081110800003444,0.183528790423054,0.3101382778486553,0.19579727523585247,0.7454825490250007,0.3101382778486553,8.0,14.0,6.0,52.808380126953125,13.869857788085938,38.93852233886719,,
K-Means,test_kitsap9_2048_0,test,kitsap9.tif,kitsap,0,2048,0.07943072299997311,0.024331386156739396,0.04750686444946303,0.02626001365089629,0.24885106382978722,0.047506864449463025,12.0,2.0,10.0,42.47589111328125,4.482269287109375,37.993621826171875,,
K-Means,test_kitsap9_2048_2048,test,kitsap9.tif,kitsap,2048,2048,0.08087642999998934,0.0,0.0,0.0,0.0,0.0,26.0,0.0,26.0,42.40913391113281,0.0,42.40913391113281,,
K-Means,test_kitsap9_2048_4096,test,kitsap9.tif,kitsap,4096,2048,0.08572363600001154,0.0015533588864232398,0.003101899409833424,0.0015710438260017954,0.12125984251968504,0.0031018994098334237,57.0,2.0,55.0,18.69659423828125,0.2422332763671875,18.454360961914062,,
K-Means,test_kitsap9_2560_0,test,kitsap9.tif,kitsap,0,2560,0.08450418199993237,0.0,0.0,0.0,0.0,0.0,49.0,0.0,49.0,30.237960815429688,0.0,30.237960815429688,,
K-Means,test_kitsap9_3584_1536,test,kitsap9.tif,kitsap,1536,3584,0.08240898899998683,0.0,0.0,0.0,0.0,0.0,17.0,0.0,17.0,40.35491943359375,0.0,40.35491943359375,,
K-Means,test_kitsap9_3584_3072,test,kitsap9.tif,kitsap,3072,3584,0.08134606200007966,0.0,0.0,0.0,0.0,0.0,29.0,0.0,29.0,43.01872253417969,0.0,43.01872253417969,,
K-Means,test_kitsap9_4096_512,test,kitsap9.tif,kitsap,512,4096,0.08104226000000381,0.08935677495774386,0.1640541960391443,0.09355730977446752,0.6655762081784387,0.16405419603914428,12.0,9.0,3.0,54.75120544433594,7.6961517333984375,47.0550537109375,,
K-Means,test_kitsap9_4096_3584,test,kitsap9.tif,kitsap,3584,4096,0.082845763000023,0.008618015098762453,0.01708875901432038,0.008646330497336931,0.7246376811594203,0.01708875901432038,16.0,1.0,15.0,55.149078369140625,0.6580352783203125,54.49104309082031,,
K-Means,test_tyrol-w1_512_512,test,tyrol-w1.tif,tyrol-w,512,512,0.08385353200003465,0.0,0.0,0.0,0.0,0.0,62.0,0.0,62.0,28.744888305664062,0.0,28.744888305664062,,
K-Means,test_tyrol-w1_1024_1024,test,tyrol-w1.tif,tyrol-w,1024,1024,0.08486077000009118,0.0,0.0,0.0,0.0,0.0,64.0,0.0,64.0,22.22442626953125,0.0,22.22442626953125,,
K-Means,test_tyrol-w1_2560_1536,test,tyrol-w1.tif,tyrol-w,1536,2560,0.0836859269999195,0.0,0.0,0.0,0.0,0.0,53.0,0.0,53.0,28.479385375976562,0.0,28.479385375976562,,
K-Means,test_tyrol-w1_2560_2560,test,tyrol-w1.tif,tyrol-w,2560,2560,0.08014639199996054,0.019501078184611168,0.03825612076710313,0.019709604058545688,0.6482857827859027,0.03825612076710313,7.0,3.0,4.0,52.3345947265625,1.5911102294921875,50.74348449707031,,
K-Means,test_tyrol-w1_2560_3072,test,tyrol-w1.tif,tyrol-w,3072,2560,0.08052364399998169,0.23355844483716234,0.3786743073498938,0.26403539023201056,0.6692488545936822,0.3786743073498938,27.0,16.0,11.0,32.07817077636719,12.6556396484375,19.422531127929688,,
K-Means,test_tyrol-w1_2560_3584,test,tyrol-w1.tif,tyrol-w,3584,2560,0.08367413799999213,0.307978764930908,0.47092318803383093,0.40468814115716045,0.5630825447123139,0.47092318803383093,26.0,38.0,12.0,37.1856689453125,26.725387573242188,10.460281372070312,,
K-Means,test_tyrol-w1_3072_4096,test,tyrol-w1.tif,tyrol-w,4096,3072,0.08339632000001984,0.2159615518840175,0.3552111521115211,0.503381597601506,0.27443204135676547,0.3552111521115211,32.0,22.0,10.0,16.413497924804688,30.106735229492188,13.6932373046875,,
K-Means,test_tyrol-w1_3584_3584,test,tyrol-w1.tif,tyrol-w,3584,3584,0.08107479199998124,0.1839940679132203,0.31080234757849473,0.21201497467518168,0.5819672131147541,0.31080234757849473,14.0,18.0,4.0,43.30635070800781,15.776824951171875,27.529525756835938,,
K-Means,test_tyrol-w1_4096_1024,test,tyrol-w1.tif,tyrol-w,1024,4096,0.08554703699996935,0.0,0.0,0.0,0.0,0.0,56.0,0.0,56.0,25.8056640625,0.0,25.8056640625,,
K-Means,test_tyrol-w1_4096_1536,test,tyrol-w1.tif,tyrol-w,1536,4096,0.0830566679999265,0.0,0.0,0.0,0.0,0.0,57.0,0.0,57.0,15.834426879882812,0.0,15.834426879882812,,
K-Means,test_tyrol-w15_0_3584,test,tyrol-w15.tif,tyrol-w,3584,0,0.08197622799991677,0.0,0.0,0.0,0.0,0.0,25.0,0.0,25.0,39.29595947265625,0.0,39.29595947265625,,
K-Means,test_tyrol-w15_512_1024,test,tyrol-w15.tif,tyrol-w,1024,512,0.08139767299996947,0.140844571873562,0.24691281414830904,0.16520793197369296,0.48850856946422433,0.24691281414830907,13.0,11.0,2.0,45.9381103515625,15.535736083984375,30.402374267578125,,
K-Means,test_tyrol-w15_512_3584,test,tyrol-w15.tif,tyrol-w,3584,512,0.0812121039999738,0.0,0.0,0.0,0.0,0.0,32.0,0.0,32.0,34.262847900390625,0.0,34.262847900390625,,
K-Means,test_tyrol-w15_1024_1024,test,tyrol-w15.tif,tyrol-w,1024,1024,0.07991892200004713,0.30490962680698436,0.46732681029118506,0.3546410458527299,0.6849747928127199,0.46732681029118506,9.0,27.0,18.0,51.297760009765625,26.559066772460938,24.738693237304688,,
K-Means,test_tyrol-w15_1536_1024,test,tyrol-w15.tif,tyrol-w,1024,1536,0.07616452199999912,0.19860196468812216,0.3313893528278984,0.21845594782566843,0.6860522238597286,0.33138935282789844,9.0,14.0,5.0,31.702423095703125,10.094833374023438,21.607589721679688,,
K-Means,test_tyrol-w15_2048_2048,test,tyrol-w15.tif,tyrol-w,2048,2048,0.08312847199999851,0.004064532266133066,0.008096157439123125,0.004105781782962058,0.2880354505169867,0.008096157439123125,36.0,1.0,35.0,18.117523193359375,0.2582550048828125,17.859268188476562,,
K-Means,test_tyrol-w15_2560_4096,test,tyrol-w15.tif,tyrol-w,4096,2560,0.08203188799996042,0.0,0.0,0.0,0.0,0.0,28.0,0.0,28.0,15.839004516601562,0.0,15.839004516601562,,
K-Means,test_tyrol-w15_3072_4096,test,tyrol-w15.tif,tyrol-w,4096,3072,0.08205809900005079,0.0,0.0,0.0,0.0,0.0,36.0,0.0,36.0,14.952468872070312,0.0,14.952468872070312,,
K-Means,test_tyrol-w15_3584_512,test,tyrol-w15.tif,tyrol-w,512,3584,0.08007846900000004,0.0,0.0,0.0,0.0,0.0,19.0,0.0,19.0,28.1158447265625,0.0,28.1158447265625,,
K-Means,test_tyrol-w29_0_2048,test,tyrol-w29.tif,tyrol-w,2048,0,0.08397437899998295,0.0,0.0,0.0,0.0,0.0,18.0,0.0,18.0,44.12727355957031,0.0,44.12727355957031,,
K-Means,test_tyrol-w29_512_3584,test,tyrol-w29.tif,tyrol-w,3584,512,0.08122176599999875,0.29613846702584995,0.4569549852268119,0.4209922339942889,0.4996357647356919,0.4569549852268119,19.0,20.0,1.0,28.588104248046875,24.088287353515625,4.49981689453125,,
K-Means,test_tyrol-w29_1024_2048,test,tyrol-w29.tif,tyrol-w,2048,1024,0.08244407699999101,0.0,0.0,0.0,0.0,0.0,12.0,0.0,12.0,57.89642333984375,0.0,57.89642333984375,,
K-Means,test_tyrol-w29_1536_2048,test,tyrol-w29.tif,tyrol-w,2048,1536,0.08161007000001064,0.20973366663580534,0.3467435393760045,0.36924748709589783,0.32682504568625564,0.34674353937600444,10.0,10.0,0.0,7.0209503173828125,7.932281494140625,0.9113311767578125,,
K-Means,test_tyrol-w29_2048_3072,test,tyrol-w29.tif,tyrol-w,3072,2048,0.08070221600007699,0.28406207557300933,0.44244290206335607,0.4541445391730279,0.43132913416037855,0.44244290206335607,7.0,21.0,14.0,45.32585144042969,47.723388671875,2.3975372314453125,,
K-Means,test_tyrol-w29_2048_3584,test,tyrol-w29.tif,tyrol-w,3584,2048,0.08105726099995536,0.18271192944309111,0.3089711448655557,0.22997329040283926,0.47064020965930364,0.3089711448655557,10.0,18.0,8.0,52.12974548339844,25.472640991210938,26.6571044921875,,
K-Means,test_tyrol-w29_3072_3584,test,tyrol-w29.tif,tyrol-w,3584,3072,0.08063035399993623,0.28867963206655073,0.4480238918708115,0.45432312047289986,0.44189695313290817,0.4480238918708115,23.0,31.0,8.0,36.6546630859375,37.685394287109375,1.030731201171875,,
K-Means,test_tyrol-w29_3584_2048,test,tyrol-w29.tif,tyrol-w,2048,3584,0.0786572279999973,0.37290936580677675,0.5432395977394184,0.391622765988873,0.8864155569175907,0.5432395977394184,8.0,3.0,5.0,30.99212646484375,13.692474365234375,17.299652099609375,,
K-Means,test_tyrol-w29_3584_3072,test,tyrol-w29.tif,tyrol-w,3072,3584,0.08088506799992956,0.08932702947389598,0.16400406316372704,0.17045236419476614,0.1580258630917072,0.16400406316372704,15.0,31.0,16.0,23.84796142578125,25.7232666015625,1.87530517578125,,
K-Means,test_tyrol-w29_4096_2560,test,tyrol-w29.tif,tyrol-w,2560,4096,0.0841960629999221,0.17562539742670435,0.29877782125348123,0.3557705484145038,0.2575237566211042,0.29877782125348123,34.0,34.0,0.0,13.918685913085938,19.228744506835938,5.31005859375,,
K-Means,test_tyrol-w5_0_4096,test,tyrol-w5.tif,tyrol-w,4096,0,0.08023994200004836,0.005498570371703357,0.010937002863506204,0.005516328331862313,0.6307339449541285,0.010937002863506205,20.0,2.0,18.0,38.0340576171875,0.3326416015625,37.701416015625,,
K-Means,test_tyrol-w5_512_512,test,tyrol-w5.tif,tyrol-w,512,512,0.07961888699992414,0.30196030183727035,0.463854852427001,0.4183760440934144,0.5204269154650834,0.463854852427001,23.0,12.0,11.0,6.7134857177734375,5.39703369140625,1.3164520263671875,,
K-Means,test_tyrol-w5_512_3584,test,tyrol-w5.tif,tyrol-w,3584,512,0.08279987899993557,0.16021700785718104,0.27618455301407413,0.16846039284008205,0.7660362892921032,0.27618455301407413,15.0,3.0,12.0,13.575363159179688,2.985382080078125,10.589981079101562,,
K-Means,test_tyrol-w5_1024_512,test,tyrol-w5.tif,tyrol-w,512,1024,0.0830203599999777,0.009459108048368223,0.018740943487361134,0.009466185224943887,0.9267515923566879,0.018740943487361134,39.0,1.0,38.0,23.453521728515625,0.23956298828125,23.213958740234375,,
K-Means,test_tyrol-w5_1024_1024,test,tyrol-w5.tif,tyrol-w,1024,1024,0.07970094099994185,0.011677592120705195,0.02308560002050914,0.011780096150701507,0.5730194082087178,0.023085600020509137,12.0,6.0,6.0,58.32099914550781,1.1989593505859375,57.122039794921875,,
K-Means,test_tyrol-w5_1024_4096,test,tyrol-w5.tif,tyrol-w,4096,1024,0.08116158999996514,0.0020652105888979287,0.00412190856857357,0.0020694325992073447,0.5030487804878049,0.004121908568573571,14.0,1.0,13.0,30.41534423828125,0.1251220703125,30.29022216796875,,
K-Means,test_tyrol-w5_1536_4096,test,tyrol-w5.tif,tyrol-w,4096,1536,0.08204727399993317,0.0007995579679526766,0.0015978383715039167,0.0008004581484036392,0.4155405405405405,0.001597838371503917,7.0,2.0,5.0,58.617401123046875,0.1129150390625,58.504486083984375,,
K-Means,test_tyrol-w5_2560_1024,test,tyrol-w5.tif,tyrol-w,1024,2560,0.08026302600001145,0.20136739873004314,0.3352303366029529,0.2624505432393393,0.4638637428775807,0.33523033660295287,8.0,8.0,0.0,54.66728210449219,30.930328369140625,23.736953735351562,,
K-Means,test_tyrol-w5_2560_1536,test,tyrol-w5.tif,tyrol-w,1536,2560,0.08152516400002696,0.16083542326193315,0.2771028864884009,0.22579652147144835,0.35858107488771424,0.27710288648840087,21.0,6.0,15.0,39.654541015625,24.970245361328125,14.684295654296875,,
K-Means,test_tyrol-w5_2560_3072,test,tyrol-w5.tif,tyrol-w,3072,2560,0.08232246099998974,0.3674943049908989,0.5374710573194594,0.5435558887303622,0.5315209509096068,0.5374710573194594,21.0,8.0,13.0,47.32475280761719,48.39630126953125,1.0715484619140625,,
K-Means,test_tyrol-w5_3072_4096,test,tyrol-w5.tif,tyrol-w,4096,3072,0.08188270799996644,0.31488278303255385,0.47895186870776446,0.3213439729961804,0.9399779139510209,0.4789518687077644,13.0,4.0,9.0,51.53350830078125,17.617416381835938,33.91609191894531,,
K-Means,test_tyrol-w5_4096_0,test,tyrol-w5.tif,tyrol-w,0,4096,0.08067056300001241,0.06214455886873655,0.11701713923936147,0.0647884784873007,0.6036204161612392,0.11701713923936145,16.0,6.0,10.0,38.0889892578125,4.0882110595703125,34.00077819824219,,
K-Means,test_tyrol-w5_4096_2560,test,tyrol-w5.tif,tyrol-w,2560,4096,0.08870042700004888,0.0,0.0,0.0,0.0,0.0,46.0,0.0,46.0,13.083648681640625,0.0,13.083648681640625,,
K-Means,test_tyrol-w9_0_512,test,tyrol-w9.tif,tyrol-w,512,0,0.08286148100000901,0.0,0.0,0.0,0.0,0.0,51.0,0.0,51.0,33.20770263671875,0.0,33.20770263671875,,
K-Means,test_tyrol-w9_0_2560,test,tyrol-w9.tif,tyrol-w,2560,0,0.08195746900003087,0.0018990146224125925,0.003790830402459828,0.0019030501665168896,0.47244094488188976,0.003790830402459828,31.0,2.0,29.0,36.08131408691406,0.1453399658203125,35.93597412109375,,
K-Means,test_tyrol-w9_512_2048,test,tyrol-w9.tif,tyrol-w,2048,512,0.08217342200009625,0.0,0.0,0.0,0.0,0.0,22.0,0.0,22.0,49.59602355957031,0.0,49.59602355957031,,
K-Means,test_tyrol-w9_512_3584,test,tyrol-w9.tif,tyrol-w,3584,512,0.08291751500007649,0.0,0.0,0.0,0.0,0.0,26.0,0.0,26.0,21.022415161132812,0.0,21.022415161132812,,
K-Means,test_tyrol-w9_1024_1536,test,tyrol-w9.tif,tyrol-w,1536,1024,0.08064729599993825,0.0,0.0,0.0,0.0,0.0,15.0,1.0,14.0,47.78633117675781,0.251007080078125,47.53532409667969,,
K-Means,test_tyrol-w9_1536_512,test,tyrol-w9.tif,tyrol-w,512,1536,0.08051520300000448,0.0,0.0,0.0,0.0,0.0,2.0,1.0,1.0,45.220947265625,0.1415252685546875,45.07942199707031,,
K-Means,test_tyrol-w9_1536_1536,test,tyrol-w9.tif,tyrol-w,1536,1536,0.08766083099999378,0.0,0.0,0.0,0.0,0.0,16.0,0.0,16.0,48.13423156738281,0.0,48.13423156738281,,
K-Means,test_tyrol-w9_1536_2560,test,tyrol-w9.tif,tyrol-w,2560,1536,0.07866576599997188,0.0,0.0,0.0,0.0,0.0,12.0,0.0,12.0,37.078094482421875,0.0,37.078094482421875,,
K-Means,test_tyrol-w9_1536_3072,test,tyrol-w9.tif,tyrol-w,3072,1536,0.083153091999975,0.0,0.0,0.0,0.0,0.0,15.0,0.0,15.0,10.899734497070312,0.0,10.899734497070312,,
K-Means,test_tyrol-w9_2048_2048,test,tyrol-w9.tif,tyrol-w,2048,2048,0.07706820600003539,0.0,0.0,0.0,0.0,0.0,8.0,0.0,8.0,11.85455322265625,0.0,11.85455322265625,,
K-Means,test_tyrol-w9_2560_512,test,tyrol-w9.tif,tyrol-w,512,2560,0.09265478800000437,0.0,0.0,0.0,0.0,0.0,28.0,0.0,28.0,23.694992065429688,0.0,23.694992065429688,,
K-Means,test_tyrol-w9_3072_2560,test,tyrol-w9.tif,tyrol-w,2560,3072,0.08218414400005258,0.18316319861198588,0.30961611859946564,0.2044245792272902,0.6378232981584937,0.30961611859946564,28.0,11.0,17.0,28.761672973632812,9.218215942382812,19.54345703125,,
K-Means,test_tyrol-w9_3584_1024,test,tyrol-w9.tif,tyrol-w,1024,3584,0.08330174100001386,0.0,0.0,0.0,0.0,0.0,51.0,0.0,51.0,17.201614379882812,0.0,17.201614379882812,,
K-Means,test_tyrol-w9_4096_2560,test,tyrol-w9.tif,tyrol-w,2560,4096,0.08230274499999268,0.01801992384322474,0.03540190800037782,0.01804525758305248,0.9277227722772278,0.03540190800037782,30.0,3.0,27.0,19.807815551757812,0.385284423828125,19.422531127929688,,
K-Means,test_vienna15_512_512,test,vienna15.tif,vienna,512,512,0.08123451099993417,0.4849700950377764,0.6531715307377138,0.7120892029898538,0.6032584269662922,0.6531715307377138,25.0,22.0,3.0,40.26679992675781,47.5311279296875,7.2643280029296875,,
K-Means,test_vienna15_1024_1024,test,vienna15.tif,vienna,1024,1024,0.08235339499992733,0.41189755245006726,0.5834666286308111,0.7843241984743279,0.46451021583434043,0.5834666286308111,33.0,3.0,30.0,27.853775024414062,47.03102111816406,19.17724609375,,
K-Means,test_vienna15_1536_1536,test,vienna15.tif,vienna,1536,1536,0.08289842700003192,0.41392991089012826,0.5855027292400117,0.7826927020929806,0.4676771259956787,0.5855027292400116,29.0,7.0,22.0,35.34049987792969,59.14497375488281,23.804473876953125,,
K-Means,test_vienna15_2560_1536,test,vienna15.tif,vienna,1536,2560,0.0808764449999444,0.5078453161462385,0.6736039973174345,0.8445865405050775,0.560195144673053,0.6736039973174344,21.0,5.0,16.0,41.28303527832031,62.24098205566406,20.95794677734375,,
K-Means,test_vienna15_3072_3072,test,vienna15.tif,vienna,3072,3072,0.0825906270000587,0.262195627703063,0.4154595721111873,0.45884438730547117,0.37957030747459153,0.4154595721111872,19.0,8.0,11.0,36.79313659667969,44.47746276855469,7.684326171875,,
K-Means,test_vienna15_3584_2560,test,vienna15.tif,vienna,2560,3584,0.08188040900006399,0.34320045088780377,0.5110189631948999,0.8986432858772757,0.3570203876511337,0.5110189631948998,29.0,5.0,24.0,30.76019287109375,77.42538452148438,46.665191650390625,,
K-Means,test_vienna15_4096_1024,test,vienna15.tif,vienna,1024,4096,0.0834275989999469,0.4251519247865746,0.5966408456421146,0.7450275299842076,0.4975450898233462,0.5966408456421146,19.0,14.0,5.0,35.74981689453125,53.53202819824219,17.782211303710938,,
K-Means,test_vienna16_0_1536,test,vienna16.tif,vienna,1536,0,0.08153030699997998,0.2784745629850278,0.43563567246083573,0.855994630133214,0.29216182716426503,0.4356356724608358,36.0,14.0,22.0,22.164154052734375,64.93797302246094,42.77381896972656,,
K-Means,test_vienna16_0_2560,test,vienna16.tif,vienna,2560,0,0.08378981100008787,0.3825420277123348,0.5533893654507119,0.7611531178410159,0.43472670755780096,0.5533893654507119,33.0,18.0,15.0,28.807449340820312,50.43830871582031,21.630859375,,
K-Means,test_vienna16_0_3584,test,vienna16.tif,vienna,3584,0,0.08207042899994121,0.3679233538400888,0.5379297791900982,0.8108024691358025,0.4024774301910561,0.5379297791900983,30.0,9.0,21.0,33.3709716796875,67.22679138183594,33.85581970214844,,
K-Means,test_vienna16_512_2048,test,vienna16.tif,vienna,2048,512,0.08191651000004185,0.46197135165028835,0.6319841372114581,0.7805479114469955,0.5309306792386939,0.6319841372114581,24.0,19.0,5.0,37.15057373046875,54.61692810058594,17.466354370117188,,
K-Means,test_vienna16_512_4096,test,vienna16.tif,vienna,4096,512,0.08078974499994729,0.4118231334030136,0.5833919613009431,0.7180404319380617,0.491268286260813,0.5833919613009431,22.0,9.0,13.0,33.701324462890625,49.25804138183594,15.556716918945312,,
K-Means,test_vienna16_1536_3072,test,vienna16.tif,vienna,3072,1536,0.0815322760000754,0.2322762453314134,0.37698729681986864,0.8209578338402815,0.2446705139295406,0.37698729681986864,34.0,9.0,25.0,19.188308715820312,64.38369750976562,45.19538879394531,,
K-Means,test_vienna16_2048_2560,test,vienna16.tif,vienna,2560,2048,0.08314079500007665,0.2686563733630602,0.42352898547442513,0.7874490517735035,0.2896616669454615,0.42352898547442513,41.0,8.0,33.0,22.649383544921875,61.57264709472656,38.92326354980469,,
K-Means,test_vienna16_2048_3072,test,vienna16.tif,vienna,3072,2048,0.08024126300006174,0.421056838092896,0.5925967587024427,0.849820076932622,0.4549059461182847,0.5925967587024428,26.0,20.0,6.0,30.742645263671875,57.4310302734375,26.688385009765625,,
K-Means,test_vienna16_2560_0,test,vienna16.tif,vienna,0,2560,0.08192332500004795,0.3170678262060465,0.48147531948964845,0.37299618166878795,0.6789296187683285,0.48147531948964845,10.0,4.0,6.0,47.354888916015625,26.0162353515625,21.338653564453125,,
K-Means,test_vienna16_2560_1536,test,vienna16.tif,vienna,1536,2560,0.08105325299993638,0.31851086579586174,0.4831372634970384,0.8572400785549009,0.3363519843752384,0.4831372634970384,29.0,30.0,1.0,19.618606567382812,50.000762939453125,30.382156372070312,,
K-Means,test_vienna16_3072_512,test,vienna16.tif,vienna,512,3072,0.0863978769999676,0.32148746893363994,0.4865539424192358,0.4905430789041549,0.48262916255012495,0.4865539424192357,23.0,7.0,16.0,32.29026794433594,32.81974792480469,0.52947998046875,,
K-Means,test_vienna16_3072_2048,test,vienna16.tif,vienna,2048,3072,0.08839707599997837,0.32669706455797476,0.4924968529523698,0.7868220679849588,0.3584223892553391,0.4924968529523697,20.0,26.0,6.0,20.390701293945312,44.762420654296875,24.371719360351562,,
K-Means,test_vienna16_3072_3072,test,vienna16.tif,vienna,3072,3072,0.08067588300002626,0.41528758871444144,0.5868596489165324,0.6761721554655432,0.5183881186062211,0.5868596489165324,30.0,8.0,22.0,28.158950805664062,36.72981262207031,8.57086181640625,,
K-Means,test_vienna16_3584_0,test,vienna16.tif,vienna,0,3584,0.08262539800000468,0.405533040134218,0.5770523047903485,0.6535264861978036,0.5166008496116941,0.5770523047903486,23.0,15.0,8.0,34.28535461425781,43.37272644042969,9.087371826171875,,
K-Means,test_vienna16_3584_512,test,vienna16.tif,vienna,512,3584,0.08022505899998578,0.5592503383180275,0.7173323289720034,0.6558601002136027,0.7915196048906824,0.7173323289720035,18.0,26.0,8.0,38.217926025390625,31.667709350585938,6.5502166748046875,,
K-Means,test_vienna16_3584_4096,test,vienna16.tif,vienna,4096,3584,0.08373794499993892,0.31298453747563976,0.4767528155013732,0.8095702406358084,0.3378580696676315,0.4767528155013732,33.0,14.0,19.0,20.73516845703125,49.68528747558594,28.950119018554688,,
K-Means,test_vienna16_4096_2048,test,vienna16.tif,vienna,2048,4096,0.07923625000000811,0.16318349834318693,0.2805808345383543,0.1665159301130524,0.8907581505305404,0.28058083453835436,12.0,6.0,6.0,37.11700439453125,6.9385528564453125,30.178451538085938,,
K-Means,test_vienna16_4096_4096,test,vienna16.tif,vienna,4096,4096,0.09891785499996786,0.32465889905082357,0.490177357028977,0.6480689761941623,0.39414921740893916,0.4901773570289771,32.0,19.0,13.0,32.03239440917969,52.66838073730469,20.635986328125,,
K-Means,test_vienna19_1024_512,test,vienna19.tif,vienna,512,1024,0.08677688800003125,0.23597055094641783,0.381838468183127,0.6231302372934451,0.275253398830733,0.38183846818312694,34.0,17.0,17.0,19.48394775390625,44.10858154296875,24.6246337890625,,
K-Means,test_vienna19_1024_1024,test,vienna19.tif,vienna,1024,1024,0.09394091199999366,0.3899706044995489,0.561120649943465,0.5494658711119312,0.5732805647662852,0.5611206499434649,24.0,9.0,15.0,37.209320068359375,35.663604736328125,1.54571533203125,,
K-Means,test_vienna19_2048_1536,test,vienna19.tif,vienna,1536,2048,0.08216576299992084,0.43544193467373804,0.6067008691267052,0.5806264158376835,0.6352273094619786,0.6067008691267052,26.0,25.0,1.0,38.730621337890625,35.40153503417969,3.3290863037109375,,
K-Means,test_vienna19_2560_1536,test,vienna19.tif,vienna,1536,2560,0.08265551300007701,0.3848377387728343,0.5557874803640981,0.6542626625967347,0.48307787264684704,0.555787480364098,31.0,20.0,11.0,30.118179321289062,40.79093933105469,10.672760009765625,,
K-Means,test_vienna19_2560_4096,test,vienna19.tif,vienna,4096,2560,0.08159748100001707,0.19510328997704668,0.3265044814340589,0.23961160993944455,0.5122767857142857,0.3265044814340589,24.0,2.0,22.0,14.6148681640625,6.8359375,7.7789306640625,,
K-Means,test_vienna19_3072_2560,test,vienna19.tif,vienna,2560,3072,0.08069102800004657,0.028591020559965596,0.05559259217409973,0.03956383286693042,0.09345439349618205,0.055592592174099724,14.0,7.0,7.0,23.719024658203125,10.041427612304688,13.677597045898438,,
K-Means,test_vienna19_3072_3584,test,vienna19.tif,vienna,3584,3072,0.08040940000000774,0.0,0.0,0.0,0.0,0.0,20.0,0.0,20.0,21.901321411132812,0.0,21.901321411132812,,
K-Means,test_vienna19_4096_0,test,vienna19.tif,vienna,0,4096,0.08152376900000036,0.10546314063870074,0.1908035406368548,0.14201375817105308,0.29066265060240964,0.1908035406368548,21.0,10.0,11.0,22.292327880859375,10.8917236328125,11.400604248046875,,
K-Means,test_vienna19_4096_1024,test,vienna19.tif,vienna,1024,4096,0.08219613799997205,0.0,0.0,0.0,0.0,0.0,31.0,1.0,30.0,23.118209838867188,0.0598907470703125,23.058319091796875,,
K-Means,test_vienna19_4096_3072,test,vienna19.tif,vienna,3072,4096,0.08224804100007077,0.15423056927475956,0.26724395173776694,0.24209935733958993,0.2982169558825377,0.26724395173776694,14.0,6.0,8.0,37.395477294921875,30.358505249023438,7.0369720458984375,,
K-Means,test_vienna27_0_3584,test,vienna27.tif,vienna,3584,0,0.08289415000001554,0.4234148582172062,0.5949282540826129,0.7387358003522537,0.4979866446380672,0.5949282540826129,28.0,8.0,20.0,40.93513488769531,60.72502136230469,19.789886474609375,,
K-Means,test_vienna27_512_2560,test,vienna27.tif,vienna,2560,512,0.0837045199999693,0.3348153646902739,0.5016654341073805,0.7221304355231558,0.38433018474536323,0.5016654341073806,38.0,17.0,21.0,22.396469116210938,42.081451416015625,19.684982299804688,,
K-Means,test_vienna27_512_4096,test,vienna27.tif,vienna,4096,512,0.08167413700005,0.4022066329018458,0.5736766942394006,0.6765567925807651,0.4979554711270667,0.5736766942394005,23.0,20.0,3.0,34.880828857421875,47.391510009765625,12.51068115234375,,
K-Means,test_vienna27_1024_1536,test,vienna27.tif,vienna,1536,1024,0.07999375600002168,0.29732664283110616,0.458368205839451,0.31184772440720704,0.8645948445005751,0.4583682058394509,6.0,25.0,19.0,46.89598083496094,16.914749145507812,29.981231689453125,,
K-Means,test_vienna27_3072_0,test,vienna27.tif,vienna,0,3072,0.08185683799990784,0.42453723429437107,0.5960352935311809,0.45766561192201693,0.8543323965131234,0.5960352935311809,22.0,2.0,20.0,29.8980712890625,16.016387939453125,13.881683349609375,,
K-Means,test_vienna27_3072_512,test,vienna27.tif,vienna,512,3072,0.08015902600004665,0.4611983978921495,0.6312604757265692,0.5412680294697519,0.7571451381127255,0.6312604757265692,12.0,2.0,10.0,36.762237548828125,26.280593872070312,10.481643676757812,,
K-Means,test_vienna27_3072_2560,test,vienna27.tif,vienna,2560,3072,0.08289377500000228,0.18602231402404476,0.31369108628806697,0.20940507943871042,0.6248961794019934,0.313691086288067,28.0,7.0,21.0,32.894134521484375,11.02294921875,21.871185302734375,,
K-Means,test_vienna27_3072_3072,test,vienna27.tif,vienna,3072,3072,0.07967451299998629,0.38255376248322703,0.5534016439203291,0.5552615930850835,0.5515541136287762,0.5534016439203292,10.0,9.0,1.0,44.26536560058594,44.56291198730469,0.29754638671875,,
K-Means,test_vienna27_3584_2048,test,vienna27.tif,vienna,2048,3584,0.08241902999998274,0.3147928865520201,0.4788478699144,0.4589143603753415,0.5005916853097926,0.4788478699144,15.0,11.0,4.0,48.17390441894531,44.16313171386719,4.010772705078125,,
K-Means,test_vienna34_0_2048,test,vienna34.tif,vienna,2048,0,0.08106174900001406,0.3371149397681738,0.5042422752775795,0.6058702590956075,0.4318108221884006,0.5042422752775796,25.0,18.0,7.0,33.58345031738281,47.12066650390625,13.537216186523438,,
K-Means,test_vienna34_1536_3584,test,vienna34.tif,vienna,3584,1536,0.08196697300002143,0.436863863344885,0.608079685890223,0.6655961252637378,0.5597129721887182,0.608079685890223,20.0,10.0,10.0,36.70234680175781,43.645477294921875,6.9431304931640625,,
K-Means,test_vienna34_1536_4096,test,vienna34.tif,vienna,4096,1536,0.0814449900000227,0.3444185034228958,0.5123679903928794,0.4399902941087262,0.613245966321426,0.5123679903928795,22.0,26.0,4.0,37.73078918457031,27.070999145507812,10.6597900390625,,
K-Means,test_vienna34_2048_512,test,vienna34.tif,vienna,512,2048,0.07853989700004149,0.04456316372402111,0.08532401921037859,0.0787988172497216,0.09302747302565963,0.0853240192103786,7.0,4.0,3.0,19.867706298828125,16.82891845703125,3.038787841796875,,
K-Means,test_vienna34_2048_1536,test,vienna34.tif,vienna,1536,2048,0.08132288000001608,0.13043370487577152,0.23076754401993962,0.2336970199410798,0.22791060291060292,0.23076754401993962,32.0,69.0,37.0,25.767898559570312,26.422119140625,0.6542205810546875,,
K-Means,test_vienna34_2560_2560,test,vienna34.tif,vienna,2560,2560,0.0796260939999911,0.40261010864109303,0.5740869913324074,0.47821825200335494,0.7180311949990896,0.5740869913324074,18.0,31.0,13.0,37.74986267089844,25.14190673828125,12.607955932617188,,
K-Means,test_vienna34_2560_3584,test,vienna34.tif,vienna,3584,2560,0.10435876199994709,0.32559959801325783,0.4912487880974771,0.5554914438326354,0.4403251310063641,0.491248788097477,35.0,24.0,11.0,23.139190673828125,29.191207885742188,6.0520172119140625,,
K-Means,test_vienna34_3584_512,test,vienna34.tif,vienna,512,3584,0.08265519100007168,0.38634247971984575,0.5573550336536156,0.4241222414170661,0.8126340326340327,0.5573550336536155,31.0,23.0,8.0,31.356048583984375,16.36505126953125,14.990997314453125,,
K-Means,test_vienna34_4096_1536,test,vienna34.tif,vienna,1536,4096,0.07939337699997395,0.043618815592203895,0.08359147025813693,0.05432055545831145,0.18126947040498442,0.08359147025813693,17.0,22.0,5.0,6.5380096435546875,1.959228515625,4.5787811279296875,,
K-Means,test_vienna7_0_1024,test,vienna7.tif,vienna,1024,0,0.07963851600004546,0.4489380987750683,0.6196787829025966,0.5138622707033446,0.7803770529471623,0.6196787829025966,9.0,21.0,12.0,52.945709228515625,34.86366271972656,18.082046508789062,,
K-Means,test_vienna7_512_0,test,vienna7.tif,vienna,0,512,0.08153413200000159,0.18368487218885318,0.31036110455510973,0.34475827594644665,0.28220499027126017,0.31036110455510973,28.0,15.0,13.0,21.825408935546875,26.6632080078125,4.837799072265625,,
K-Means,test_vienna7_512_2048,test,vienna7.tif,vienna,2048,512,0.08190147799996339,0.2870967741935484,0.44611528822055135,0.3231729146422544,0.720031905195989,0.44611528822055146,19.0,22.0,3.0,29.83551025390625,13.39111328125,16.44439697265625,,
K-Means,test_vienna7_1024_0,test,vienna7.tif,vienna,0,1024,0.08404066600007809,0.20046463210277762,0.3339784059304379,0.3710029838122313,0.30367307692307693,0.3339784059304379,32.0,16.0,16.0,16.236495971679688,19.83642578125,3.5999298095703125,,
K-Means,test_vienna7_1536_512,test,vienna7.tif,vienna,512,1536,0.08122915000001285,0.6407883945048185,0.7810737772779106,0.8333111125924938,0.7349992650301338,0.7810737772779105,27.0,7.0,20.0,34.334564208984375,38.92707824707031,4.5925140380859375,,
K-Means,test_vienna7_1536_3584,test,vienna7.tif,vienna,3584,1536,0.07989709599996786,0.45067104104782474,0.6213276866991203,0.6220691343346214,0.6205880044305288,0.6213276866991202,15.0,21.0,6.0,43.634796142578125,43.73893737792969,0.1041412353515625,,
K-Means,test_vienna7_2048_512,test,vienna7.tif,vienna,512,2048,0.08231046699995659,0.35847682507261786,0.5277628862803093,0.4813686588806583,0.5840538992389733,0.5277628862803093,29.0,29.0,0.0,33.93669128417969,27.970123291015625,5.9665679931640625,,
K-Means,test_vienna7_2048_3072,test,vienna7.tif,vienna,3072,2048,0.0818765159999657,0.23123159877336488,0.37561024100377743,0.7207316039335367,0.2539882890688017,0.37561024100377743,38.0,12.0,26.0,17.999267578125,51.07574462890625,33.07647705078125,,
K-Means,test_vienna7_2560_2560,test,vienna7.tif,vienna,2560,2560,0.08219195700007731,0.2899418256266853,0.4495424830275962,0.6546174551501571,0.3423065585851142,0.44954248302759625,36.0,12.0,24.0,27.068710327148438,51.76544189453125,24.696731567382812,,
K-Means,test_vienna7_2560_3584,test,vienna7.tif,vienna,3584,2560,0.08311148500001764,0.49130136482811004,0.6588894457086992,0.7733518470305766,0.573941419360379,0.6588894457086992,15.0,6.0,9.0,39.56108093261719,53.30619812011719,13.7451171875,,
K-Means,test_vienna7_2560_4096,test,vienna7.tif,vienna,4096,2560,0.086539743000003,0.425529375660654,0.5970124262973461,0.8802017209761602,0.451689378721248,0.5970124262973461,33.0,6.0,27.0,32.45086669921875,63.23661804199219,30.785751342773438,,
K-Means,test_vienna7_3072_1024,test,vienna7.tif,vienna,1024,3072,0.08142241899997771,0.32860555074087383,0.4946623180335693,0.571733294104667,0.43590174966352624,0.4946623180335694,28.0,16.0,12.0,20.745086669921875,27.20947265625,6.464385986328125,,
K-Means,test_vienna7_3072_4096,test,vienna7.tif,vienna,4096,3072,0.08274699100002181,0.5595033567690437,0.7175404327801058,0.7420426262838714,0.6946046381900066,0.7175404327801058,15.0,16.0,1.0,43.52874755859375,46.50154113769531,2.9727935791015625,,
K-Means,test_vienna7_3584_2048,test,vienna7.tif,vienna,2048,3584,0.08216021999999157,0.48250485106991803,0.6509319018034864,0.7011942354424129,0.6073933158481264,0.6509319018034865,23.0,17.0,6.0,29.355239868164062,33.88862609863281,4.53338623046875,,
K-Means,test_vienna7_4096_2048,test,vienna7.tif,vienna,2048,4096,0.08186924100004944,0.23805080792230374,0.38455741298986024,0.6162172843843317,0.2794873326959847,0.38455741298986024,29.0,16.0,13.0,17.3736572265625,38.3056640625,20.9320068359375,,
K-Means,test_vienna7_4096_3584,test,vienna7.tif,vienna,3584,4096,0.07885585799999717,0.43701852488207177,0.6082294936565769,0.6289801900959472,0.5888042426028032,0.608229493656577,14.0,11.0,3.0,42.42210388183594,45.31669616699219,2.89459228515625,,
Otsu,test_austin15_512_512,test,austin15.tif,austin,512,512,0.010994603999961328,0.13277392707937713,0.23442263969070545,0.13456803983993457,0.9087487476645636,0.23442263969070545,1.0,30.0,29.0,95.13778686523438,14.088058471679688,81.04972839355469,,
Otsu,test_austin15_1536_0,test,austin15.tif,austin,0,1536,0.0070780839999997625,0.2064880947620152,0.34229611656921627,0.207870528794863,0.9687974932923054,0.34229611656921627,1.0,53.0,52.0,94.75517272949219,20.331192016601562,74.42398071289062,,
Otsu,test_austin15_1536_3584,test,austin15.tif,austin,3584,1536,0.007491293000043697,0.08753668855317141,0.16098158245976563,0.08777008415760205,0.97051782230892,0.16098158245976565,1.0,19.0,18.0,95.14350891113281,8.60443115234375,86.53907775878906,,
Otsu,test_austin15_2560_512,test,austin15.tif,austin,512,2560,0.007308320000106505,0.16771288043058172,0.2872502020680621,0.17008065680632053,0.9233543127197796,0.2872502020680621,1.0,34.0,33.0,92.46253967285156,17.031478881835938,75.43106079101562,,
Otsu,test_austin15_3072_2560,test,austin15.tif,austin,2560,3072,0.007305167999902551,0.22752753698498554,0.3707086482863456,0.22841323600896313,0.9832431696777926,0.3707086482863456,1.0,31.0,30.0,96.52595520019531,22.423553466796875,74.10240173339844,,
Otsu,test_austin15_3072_4096,test,austin15.tif,austin,4096,3072,0.007217874999923879,0.11663209763815476,0.20889977618384648,0.11686345029931619,0.9833095530411122,0.20889977618384648,1.0,18.0,17.0,96.73233032226562,11.496353149414062,85.23597717285156,,
Otsu,test_austin15_3584_2048,test,austin15.tif,austin,2048,3584,0.007519485999978315,0.23373351177183943,0.3789043736619597,0.2345583225354165,0.9851783232978231,0.3789043736619597,1.0,30.0,29.0,96.85783386230469,23.06060791015625,73.79722595214844,,
Otsu,test_austin15_3584_2560,test,austin15.tif,austin,2560,3584,0.007079814999997325,0.2201152390780874,0.36081057268722466,0.2228585450414973,0.9470382454842073,0.3608105726872246,1.0,38.0,37.0,96.38481140136719,22.681427001953125,73.70338439941406,,
Otsu,test_austin15_3584_4096,test,austin15.tif,austin,4096,3584,0.007739117000028273,0.07104893864120265,0.1326716942203213,0.07107387342323626,0.9950864113859709,0.1326716942203213,1.0,6.0,5.0,94.56520080566406,6.754302978515625,87.81089782714844,,
Otsu,test_austin16_0_1024,test,austin16.tif,austin,1024,0,0.007603206999988288,0.3409599704245312,0.5085311686322561,0.35559296910811516,0.8923062038420606,0.5085311686322561,1.0,3.0,2.0,89.04533386230469,35.48545837402344,53.55987548828125,,
Otsu,test_austin16_512_512,test,austin16.tif,austin,512,512,0.007022456000072452,0.2647507196680222,0.41866071400618016,0.2713775468788051,0.9155540949485821,0.41866071400618016,1.0,8.0,7.0,93.98651123046875,27.858352661132812,66.12815856933594,,
Otsu,test_austin16_1024_0,test,austin16.tif,austin,0,1024,0.007614961000058429,0.0019418451641201842,0.0038761634190497473,0.0019418451641201842,1.0,0.003876163419049747,3.0,3.0,0.0,83.489990234375,0.1621246337890625,83.32786560058594,,
Otsu,test_austin16_1024_3072,test,austin16.tif,austin,3072,1024,0.007197227999995448,0.04217025148426821,0.08092775901866123,0.0423921714397885,0.8895705521472392,0.08092775901866123,1.0,6.0,5.0,91.33567810058594,4.352569580078125,86.98310852050781,,
Otsu,test_austin16_1536_0,test,austin16.tif,austin,0,1536,0.00758358699999917,0.0,0.0,0.0,0.0,0.0,4.0,0.0,4.0,76.8341064453125,0.0,76.8341064453125,,
Otsu,test_austin16_1536_2048,test,austin16.tif,austin,2048,1536,0.007239692999974068,0.09601814128680145,0.17521268612227436,0.09608978945020116,0.992294248490626,0.17521268612227434,1.0,5.0,4.0,99.17678833007812,9.6038818359375,89.57290649414062,,
Otsu,test_austin16_1536_2560,test,austin16.tif,austin,2560,1536,0.007092801999988296,0.2947402620278781,0.4552886330517647,0.297677783576071,0.9676038962707857,0.45528863305176476,1.0,5.0,4.0,96.49200439453125,29.685211181640625,66.80679321289062,,
Otsu,test_austin16_2048_3072,test,austin16.tif,austin,3072,2048,0.007101637999994637,0.4481857448790698,0.6189616856316942,0.44972016171132345,0.9924447421299397,0.6189616856316942,1.0,6.0,5.0,94.26383972167969,42.71507263183594,51.54876708984375,,
Otsu,test_austin16_2048_3584,test,austin16.tif,austin,3584,2048,0.007360421000043971,0.4868574040365972,0.6548810971581426,0.5248913959670621,0.8704481591925679,0.6548810971581424,2.0,6.0,4.0,88.25111389160156,53.216552734375,35.03456115722656,,
Otsu,test_austin16_2560_0,test,austin16.tif,austin,0,2560,0.00700886000004175,0.1922363822796995,0.3224803153752453,0.19369067348117786,0.9624104261827935,0.3224803153752453,1.0,6.0,5.0,90.46211242675781,18.206024169921875,72.25608825683594,,
Otsu,test_austin16_2560_3072,test,austin16.tif,austin,3072,2560,0.00721145800002887,0.01585703845676544,0.03121903546753899,0.01586031886136702,0.9871244635193133,0.031219035467538986,2.0,1.0,1.0,82.97882080078125,1.3332366943359375,81.64558410644531,,
Otsu,test_austin16_3072_1536,test,austin16.tif,austin,1536,3072,0.008991186999992351,0.0,0.0,0.0,0.0,0.0,1.0,0.0,1.0,92.11502075195312,0.0,92.11502075195312,,
Otsu,test_austin16_3072_3072,test,austin16.tif,austin,3072,3072,0.007131889999982377,0.0,0.0,0.0,0.0,0.0,1.0,0.0,1.0,87.04147338867188,0.0,87.04147338867188,,
Otsu,test_austin16_3072_3584,test,austin16.tif,austin,3584,3072,0.00738318599997001,0.0,0.0,0.0,0.0,0.0,1.0,0.0,1.0,94.37675476074219,0.0,94.37675476074219,,
Otsu,test_austin16_3584_0,test,austin16.tif,austin,0,3584,0.007200201000046036,0.03558813938229551,0.06873029543100603,0.03582559445648563,0.8429967426710098,0.06873029543100603,1.0,6.0,5.0,96.44927978515625,4.0988922119140625,92.35038757324219,,
Otsu,test_austin16_4096_0,test,austin16.tif,austin,0,4096,0.007176794999963931,0.16032292999901546,0.27634191457226737,0.16199890170236134,0.9393820522878833,0.27634191457226737,1.0,9.0,8.0,95.86257934570312,16.531753540039062,79.33082580566406,,
Otsu,test_austin16_4096_2560,test,austin16.tif,austin,2560,4096,0.007368777000010596,0.12214200456583964,0.2176943810477833,0.12214200456583964,1.0,0.2176943810477833,1.0,7.0,6.0,98.75450134277344,12.06207275390625,86.69242858886719,,
Otsu,test_austin17_0_3072,test,austin17.tif,austin,3072,0,0.0071442180000076405,0.3646764052380277,0.5344511033359892,0.36808118081180813,0.9752623372244932,0.5344511033359892,1.0,20.0,19.0,95.93505859375,36.20758056640625,59.72747802734375,,
Otsu,test_austin17_1024_3584,test,austin17.tif,austin,3584,1024,0.00720101000001705,0.22240743918482747,0.36388430249269704,0.22553020479017605,0.941392131431042,0.3638843024926971,1.0,20.0,19.0,92.07496643066406,22.058486938476562,70.0164794921875,,
Otsu,test_austin17_1536_1024,test,austin17.tif,austin,1024,1536,0.007227791999980582,0.1235712029033643,0.21996149880675142,0.12483836647843523,0.9240928091112861,0.21996149880675142,2.0,20.0,18.0,93.22357177734375,12.593841552734375,80.62973022460938,,
Otsu,test_austin17_2048_512,test,austin17.tif,austin,512,2048,0.007168180999997276,0.2922350534590821,0.45229395794026966,0.29516388650869285,0.9671604193180178,0.45229395794026966,1.0,47.0,46.0,95.27053833007812,29.075241088867188,66.19529724121094,,
Otsu,test_austin17_2560_512,test,austin17.tif,austin,512,2560,0.007116890000020248,0.209044317634269,0.34580091827122594,0.21050035688221283,0.9679709396666175,0.34580091827122594,1.0,43.0,42.0,95.13168334960938,20.6878662109375,74.44381713867188,,
Otsu,test_austin17_3072_512,test,austin17.tif,austin,512,3072,0.007002254999974866,0.2944204084736469,0.45490693216251316,0.2976186623080284,0.9647859615989928,0.45490693216251316,1.0,54.0,53.0,94.28863525390625,29.0863037109375,65.20233154296875,,
Otsu,test_austin17_3584_4096,test,austin17.tif,austin,4096,3584,0.007306882999955633,0.3610081905267673,0.5305011285597656,0.3719214517785297,0.9248294193980493,0.5305011285597657,1.0,7.0,6.0,90.64178466796875,36.45172119140625,54.1900634765625,,
Otsu,test_austin17_4096_4096,test,austin17.tif,austin,4096,4096,0.007904665999944882,0.14373908680381334,0.25134943530782566,0.14873256050606204,0.810653566658366,0.2513494353078257,1.0,10.0,9.0,91.84303283691406,16.850662231445312,74.99237060546875,,
Otsu,test_austin3_0_2560,test,austin3.tif,austin,2560,0,0.0075660039999547735,0.1634047366443884,0.2809078070555173,0.16876721440083226,0.8372038917089678,0.2809078070555173,1.0,21.0,20.0,89.47067260742188,18.035888671875,71.43478393554688,,
Otsu,test_austin3_1024_3072,test,austin3.tif,austin,3072,1024,0.00711254899999858,0.13182157195677358,0.23293701979698278,0.13281000191852657,0.9465587967183227,0.23293701979698278,1.0,23.0,22.0,95.440673828125,13.39111328125,82.049560546875,,
Otsu,test_austin3_1536_3072,test,austin3.tif,austin,3072,1536,0.00732918099993185,0.15220408245837633,0.2641963950234046,0.15374115185300224,0.9383621442290903,0.26419639502340464,1.0,17.0,16.0,93.33953857421875,15.292739868164062,78.04679870605469,,
Otsu,test_austin3_2048_1536,test,austin3.tif,austin,1536,2048,0.007262063999974089,0.1772819026524345,0.3011715414175918,0.17801385717722124,0.9773322652579619,0.30117154141759184,1.0,26.0,25.0,96.73576354980469,17.619705200195312,79.11605834960938,,
Otsu,test_austin3_2560_3072,test,austin3.tif,austin,3072,2560,0.007295633000012458,0.19654687894060519,0.3285234910555669,0.19822918811545404,0.9586083017689093,0.3285234910555669,1.0,40.0,39.0,94.48356628417969,19.538116455078125,74.94544982910156,,
Otsu,test_austin3_3072_0,test,austin3.tif,austin,0,3072,0.007093722000035996,0.018183455914029027,0.035717445237225226,0.018183455914029027,1.0,0.035717445237225226,1.0,6.0,5.0,97.40524291992188,1.7711639404296875,95.63407897949219,,
Otsu,test_austin3_3072_3072,test,austin3.tif,austin,3072,3072,0.007059308000066267,0.2065491085545193,0.3423799447367229,0.20696035173363375,0.9904713766895054,0.3423799447367229,1.0,51.0,50.0,97.52197265625,20.377349853515625,77.14462280273438,,
Otsu,test_austin3_4096_1024,test,austin3.tif,austin,1024,4096,0.00728412599994499,0.1898772547259686,0.3191543564209029,0.19202105212870144,0.9444672893536196,0.31915435642090284,1.0,32.0,31.0,95.81985473632812,19.481277465820312,76.33857727050781,,
Otsu,test_austin3_4096_4096,test,austin3.tif,austin,4096,4096,0.007310292000056506,0.19015053918794722,0.31954031515658354,0.1929616642434461,0.9288374828465007,0.3195403151565835,1.0,33.0,32.0,93.66645812988281,19.458770751953125,74.20768737792969,,
Otsu,test_austin30_512_1024,test,austin30.tif,austin,1024,512,0.007123024999941663,0.23099463377894935,0.37529754791835956,0.23374628364565925,0.9515091778697001,0.3752975479183595,1.0,64.0,63.0,96.10252380371094,23.6083984375,72.49412536621094,,
Otsu,test_austin30_512_2560,test,austin30.tif,austin,2560,512,0.007473526000012498,0.4421184917804304,0.6131514078771623,0.4449930450750068,0.985599455397586,0.6131514078771624,1.0,1.0,0.0,96.80824279785156,43.70841979980469,53.099822998046875,,
Otsu,test_austin30_512_3072,test,austin30.tif,austin,3072,512,0.007634127999949669,0.13130357838680348,0.23212792904630863,0.13221157775997647,0.95029523221997,0.23212792904630863,1.0,34.0,33.0,93.33648681640625,12.985610961914062,80.35087585449219,,
Otsu,test_austin30_1536_1536,test,austin30.tif,austin,1536,1536,0.00724682700001722,0.06298076516234948,0.11849840980467864,0.06299702472903027,0.9959186404389134,0.11849840980467863,1.0,16.0,15.0,90.13404846191406,5.701446533203125,84.43260192871094,,
Otsu,test_austin30_1536_3584,test,austin30.tif,austin,3584,1536,0.007307604999937212,0.23886364691042403,0.3856173316670015,0.2416085616993676,0.9545968000269756,0.3856173316670016,1.0,19.0,18.0,89.39590454101562,22.626113891601562,66.76979064941406,,
Otsu,test_austin30_1536_4096,test,austin30.tif,austin,4096,1536,0.00760261800007811,0.12115357738883088,0.21612307150818325,0.12246695669155562,0.9186796745940218,0.21612307150818325,1.0,22.0,21.0,91.80793762207031,12.238693237304688,79.56924438476562,,
Otsu,test_austin30_2048_2048,test,austin30.tif,austin,2048,2048,0.007234072999949603,0.2147659332655691,0.35359228866128817,0.21783709404415436,0.9383983213848575,0.35359228866128817,1.0,57.0,56.0,93.98002624511719,21.816253662109375,72.16377258300781,,
Otsu,test_austin30_2048_4096,test,austin30.tif,austin,4096,2048,0.007027318000041305,0.18326524007928482,0.3097618925525187,0.18366494778491277,0.9882642933490391,0.3097618925525187,1.0,39.0,38.0,94.097900390625,17.487716674804688,76.61018371582031,,
Otsu,test_austin30_3072_512,test,austin30.tif,austin,512,3072,0.007254299000010178,0.2941158551180006,0.45454331458010366,0.306392238643576,0.8801031370863773,0.45454331458010366,2.0,5.0,3.0,84.14459228515625,29.293441772460938,54.85115051269531,,
Otsu,test_austin30_3072_1024,test,austin30.tif,austin,1024,3072,0.007194215000026816,0.2571107125126119,0.4090502291539934,0.25842059091018843,0.9806667379319823,0.4090502291539934,2.0,30.0,28.0,94.79446411132812,24.979782104492188,69.81468200683594,,
Otsu,test_austin30_3072_2560,test,austin30.tif,austin,2560,3072,0.007235272000002624,0.17901989774162824,0.30367578712544996,0.1838669275288763,0.8716456138308399,0.30367578712544996,1.0,41.0,40.0,93.19992065429688,19.659805297851562,73.54011535644531,,
Otsu,test_austin30_3584_512,test,austin30.tif,austin,512,3584,0.007288645999892651,0.16702382555951492,0.2862389300054563,0.16912521440823328,0.9307599572367673,0.28623893000545625,1.0,9.0,8.0,92.29469299316406,16.770553588867188,75.52413940429688,,
Otsu,test_austin30_3584_3072,test,austin30.tif,austin,3072,3584,0.007064173000003393,0.18549871773227536,0.3129462983934953,0.19219524384657033,0.8418709865732633,0.3129462983934953,1.0,42.0,41.0,91.59469604492188,20.91064453125,70.68405151367188,,
Otsu,test_austin30_4096_3584,test,austin30.tif,austin,3584,4096,0.0076278230000070835,0.20727520108847894,0.3433768885529988,0.2114148336510243,0.9136869586692303,0.3433768885529988,1.0,41.0,40.0,93.45893859863281,21.625137329101562,71.83380126953125,,
Otsu,test_austin33_0_0,test,austin33.tif,austin,0,0,0.007069759000046361,0.24877195869502614,0.39842656133149285,0.24934230601119936,0.9908889799262597,0.3984265613314928,1.0,10.0,9.0,92.51174926757812,23.279190063476562,69.23255920410156,,
Otsu,test_austin33_0_512,test,austin33.tif,austin,512,0,0.007103619999952571,0.13556003589450744,0.23875450281714714,0.13556003589450744,1.0,0.2387545028171471,1.0,6.0,5.0,98.19831848144531,13.311767578125,84.88655090332031,,
Otsu,test_austin33_1024_0,test,austin33.tif,austin,0,1024,0.00738611100007347,0.20533051245138353,0.3407040812959847,0.20753829642700666,0.9507429981402029,0.3407040812959847,1.0,47.0,46.0,94.90318298339844,20.716476440429688,74.18670654296875,,
Otsu,test_austin33_1024_4096,test,austin33.tif,austin,4096,1024,0.007122025000057874,0.08545677044336562,0.15745771323248545,0.08834741354197012,0.7231324726641005,0.15745771323248542,1.0,12.0,11.0,91.66336059570312,11.198806762695312,80.46455383300781,,
Otsu,test_austin33_1536_1536,test,austin33.tif,austin,1536,1536,0.007054827000047226,0.29674671675869996,0.45767876320587425,0.2982329797665401,0.9834833827534851,0.45767876320587425,1.0,15.0,14.0,93.75801086425781,28.431320190429688,65.32669067382812,,
Otsu,test_austin33_3584_0,test,austin33.tif,austin,0,3584,0.007249678999983189,0.0,0.0,0.0,0.0,0.0,2.0,0.0,2.0,91.14646911621094,0.0,91.14646911621094,,
Otsu,test_austin33_3584_1024,test,austin33.tif,austin,1024,3584,0.006997627999908218,0.0,0.0,0.0,0.0,0.0,1.0,0.0,1.0,98.59580993652344,0.0,98.59580993652344,,
Otsu,test_austin35_0_0,test,austin35.tif,austin,0,0,0.0070404589999952805,0.18279535274919415,0.30909041420279404,0.183034005327058,0.9929175683651387,0.30909041420279404,1.0,16.0,15.0,94.66819763183594,17.451095581054688,77.21710205078125,,
Otsu,test_austin35_0_4096,test,austin35.tif,austin,4096,0,0.007315734999906454,0.17833911764830518,0.30269574348720457,0.18108240680183127,0.9217038983793254,0.30269574348720457,1.0,12.0,11.0,88.6566162109375,17.41790771484375,71.23870849609375,,
Otsu,test_austin35_1536_0,test,austin35.tif,austin,0,1536,0.00710436800000025,0.016508492876311485,0.0324807770756525,0.016545775338168988,0.8798999165971643,0.0324807770756525,1.0,4.0,3.0,97.29385375976562,1.82952880859375,95.46432495117188,,
Otsu,test_austin35_2048_2560,test,austin35.tif,austin,2560,2048,0.007335936999993464,0.19615617484316925,0.32797753164445725,0.20177760477488,0.8756358039752998,0.32797753164445725,1.0,49.0,48.0,88.19961547851562,20.324325561523438,67.87528991699219,,
Otsu,test_austin35_2560_0,test,austin35.tif,austin,0,2560,0.0074749829999518624,0.0035432714482152173,0.007061522007121656,0.003558765082539971,0.44868995633187775,0.007061522007121656,1.0,5.0,4.0,88.11149597167969,0.6988525390625,87.41264343261719,,
Otsu,test_austin35_2560_3072,test,austin35.tif,austin,3072,2560,0.007293980999975247,0.07946917361835246,0.14723750443372802,0.08008077856084456,0.9123217208323592,0.14723750443372802,1.0,24.0,23.0,92.93708801269531,8.157730102539062,84.77935791015625,,
Otsu,test_austin35_3584_3072,test,austin35.tif,austin,3072,3584,0.007195318999947631,0.08899370680891172,0.16344209567508117,0.08920003795395196,0.9746664262531555,0.16344209567508117,2.0,3.0,1.0,92.46788024902344,8.4625244140625,84.00535583496094,,
Otsu,test_austin9_0_1024,test,austin9.tif,austin,1024,0,0.007195099999989907,0.2310279170161428,0.3753414749132993,0.23686173182649947,0.90366166524139,0.37534147491329933,1.0,51.0,50.0,93.60160827636719,24.534225463867188,69.0673828125,,
Otsu,test_austin9_0_2048,test,austin9.tif,austin,2048,0,0.007241844999953173,0.2200788956177355,0.36076174484816054,0.22188498969250964,0.96433343611882,0.36076174484816054,1.0,49.0,48.0,96.77848815917969,22.267913818359375,74.51057434082031,,
Otsu,test_austin9_0_4096,test,austin9.tif,austin,4096,0,0.00703334700006053,0.02603593997004311,0.05075054187829575,0.026066006189378363,0.9575766824355257,0.05075054187829575,1.0,5.0,4.0,91.83311462402344,2.4997711181640625,89.33334350585938,,
Otsu,test_austin9_1024_512,test,austin9.tif,austin,512,1024,0.0069282539999449,0.26355116414018964,0.41715946551246885,0.2656586780766488,0.9707785553245688,0.4171594655124689,1.0,64.0,63.0,95.21713256835938,26.056671142578125,69.16046142578125,,
Otsu,test_austin9_1024_4096,test,austin9.tif,austin,4096,1024,0.007188157999962641,0.07064503032812255,0.1319672315790264,0.07107298983747234,0.9214596550096996,0.1319672315790264,1.0,20.0,19.0,94.33021545410156,7.2757720947265625,87.054443359375,,
Otsu,test_austin9_1536_0,test,austin9.tif,austin,0,1536,0.007404085999951349,0.2058416378923855,0.3414074144133273,0.2074554102259215,0.9635854857416374,0.3414074144133273,1.0,45.0,44.0,96.24481201171875,20.721054077148438,75.52375793457031,,
Otsu,test_austin9_1536_2048,test,austin9.tif,austin,2048,1536,0.0071810039999036235,0.3201472535279491,0.4850174897874318,0.32536120705922894,0.9523306356715737,0.48501748978743187,1.0,22.0,21.0,92.98934936523438,31.769561767578125,61.21978759765625,,
Otsu,test_austin9_2048_512,test,austin9.tif,austin,512,2048,0.007901302999925974,0.18374401494803222,0.3104455230653881,0.18823951665968774,0.8849766578547725,0.31044552306538814,1.0,49.0,48.0,95.65544128417969,20.346450805664062,75.30899047851562,,
Otsu,test_austin9_2560_0,test,austin9.tif,austin,0,2560,0.00734362500008956,0.1923845574617905,0.32268877730405426,0.1966123409954992,0.8994652609945004,0.32268877730405426,1.0,37.0,36.0,91.70608520507812,20.045852661132812,71.66023254394531,,
Otsu,test_austin9_2560_1024,test,austin9.tif,austin,1024,2560,0.007097337999994124,0.19771612334182828,0.3301552337630176,0.19867526294736346,0.976164784770126,0.33015523376301764,1.0,47.0,46.0,97.27249145507812,19.797515869140625,77.4749755859375,,
Otsu,test_austin9_3072_2560,test,austin9.tif,austin,2560,3072,0.0070299720000548405,0.050326497699495626,0.09583019720006021,0.05092575926659227,0.8104908014513973,0.09583019720006021,1.0,25.0,24.0,95.37162780761719,5.9925079345703125,89.37911987304688,,
Otsu,test_austin9_3072_3584,test,austin9.tif,austin,3584,3072,0.007525861999965855,0.16939471302998965,0.289713492189605,0.17020533905906898,0.9726532600375757,0.289713492189605,1.0,39.0,38.0,93.98384094238281,16.446304321289062,77.53753662109375,,
Otsu,test_austin9_4096_1536,test,austin9.tif,austin,1536,4096,0.007092840999916916,0.225850622406639,0.36847984294079816,0.22616782042865097,0.9938285130002922,0.36847984294079816,1.0,9.0,8.0,91.80526733398438,20.892333984375,70.91293334960938,,
Otsu,test_chicago22_512_0,test,chicago22.tif,chicago,0,512,0.007347015000050305,0.2990149771373577,0.46037187007080965,0.2991503050471436,0.9984894036106216,0.4603718700708096,2.0,1.0,1.0,85.97373962402344,25.757980346679688,60.21575927734375,,
Otsu,test_chicago22_512_4096,test,chicago22.tif,chicago,4096,512,0.007638014999997722,0.2443861735870819,0.39278188519663715,0.24681706906436846,0.9612603671935919,0.39278188519663715,1.0,3.0,2.0,83.83407592773438,21.52557373046875,62.308502197265625,,
Otsu,test_chicago22_1024_1024,test,chicago22.tif,chicago,1024,1024,0.007149626000000353,0.37624843529443097,0.5467740062700778,0.4020243030193798,0.8544039675019656,0.5467740062700778,1.0,3.0,2.0,80.42831420898438,37.844085693359375,42.584228515625,,
Otsu,test_chicago22_1024_2048,test,chicago22.tif,chicago,2048,1024,0.007413395000071432,0.1803645568733248,0.3056082221768733,0.1805400903073079,0.9946383287042627,0.3056082221768733,1.0,4.0,3.0,87.01705932617188,15.794754028320312,71.22230529785156,,
Otsu,test_chicago22_1024_3072,test,chicago22.tif,chicago,3072,1024,0.007112897999945744,0.14454510911612958,0.2525808864409966,0.14461528596488818,0.9966540404040404,0.2525808864409966,1.0,6.0,5.0,83.28666687011719,12.0849609375,71.20170593261719,,
Otsu,test_chicago22_1536_1536,test,chicago22.tif,chicago,1536,1536,0.007404351999980463,0.6627827067602928,0.7971970168629373,0.6914073270711936,0.9412077497169239,0.7971970168629372,2.0,3.0,1.0,83.00933837890625,60.97831726074219,22.031021118164062,,
Otsu,test_chicago22_1536_3072,test,chicago22.tif,chicago,3072,1536,0.00744013200005611,0.36933281752733926,0.5394346981243885,0.37644015310342177,0.9513659342796034,0.5394346981243885,2.0,55.0,53.0,79.33197021484375,31.390380859375,47.94158935546875,,
Otsu,test_chicago22_2048_1024,test,chicago22.tif,chicago,1024,2048,0.007121312999970542,0.33537914993367374,0.5022980176833396,0.3437478173817894,0.9323221863002626,0.5022980176833396,1.0,9.0,8.0,81.92634582519531,30.206298828125,51.72004699707031,,
Otsu,test_chicago22_2560_0,test,chicago22.tif,chicago,0,2560,0.008149035999963417,0.4561798673110001,0.6265432966785724,0.46514249921703726,0.9594728455144493,0.6265432966785724,1.0,5.0,4.0,91.35246276855469,44.28672790527344,47.06573486328125,,
Otsu,test_chicago22_3584_0,test,chicago22.tif,chicago,0,3584,0.007138309999959347,0.2084172493971009,0.34494252626910726,0.21254446006637606,0.9147713261376785,0.34494252626910726,1.0,6.0,5.0,86.55128479003906,20.109939575195312,66.44134521484375,,
Otsu,test_chicago22_3584_2048,test,chicago22.tif,chicago,2048,3584,0.007060089999981756,0.24522750375364874,0.3938677920531438,0.24823819840741632,0.9528736048702711,0.3938677920531438,1.0,8.0,7.0,80.81703186035156,21.0540771484375,59.76295471191406,,
Otsu,test_chicago27_0_3072,test,chicago27.tif,chicago,3072,0,0.007614832999934151,0.15931058427168568,0.2748367632160789,0.16002118288319706,0.9728817108604036,0.2748367632160789,1.0,4.0,3.0,88.60130310058594,14.573287963867188,74.02801513671875,,
Otsu,test_chicago27_0_4096,test,chicago27.tif,chicago,4096,0,0.007553260000008777,0.48126570893994264,0.6498033486299457,0.48670608012083905,0.9773010786879632,0.6498033486299458,1.0,5.0,4.0,93.94760131835938,46.78688049316406,47.16072082519531,,
Otsu,test_chicago27_512_1024,test,chicago27.tif,chicago,1024,512,0.00820746199997302,0.29138363215399626,0.4512735408733275,0.2919982358919292,0.992828269657061,0.4512735408733275,1.0,16.0,15.0,79.57611083984375,23.4039306640625,56.17218017578125,,
Otsu,test_chicago27_512_3584,test,chicago27.tif,chicago,3584,512,0.0072300100000575185,0.5821574533007644,0.7359033098586272,0.5851665269506279,0.9912442458341185,0.7359033098586271,1.0,3.0,2.0,96.01631164550781,56.68182373046875,39.33448791503906,,
Otsu,test_chicago27_1024_1536,test,chicago27.tif,chicago,1536,1024,0.007047596999996131,0.30076269317885707,0.4624405277858037,0.30303137401419755,0.9757124510266123,0.4624405277858037,1.0,27.0,26.0,75.55465698242188,23.465347290039062,52.08930969238281,,
Otsu,test_chicago27_1024_2048,test,chicago27.tif,chicago,2048,1024,0.007578343999966819,0.397873577974921,0.5692554523440019,0.4001907954377754,0.9856556845029467,0.5692554523440019,2.0,28.0,26.0,72.37701416015625,29.386138916015625,42.990875244140625,,
Otsu,test_chicago27_1024_4096,test,chicago27.tif,chicago,4096,1024,0.0073545310000326936,0.12683719333540902,0.22512070791695155,0.12692535071741284,0.9945538201508655,0.22512070791695155,1.0,2.0,1.0,95.4986572265625,12.187576293945312,83.31108093261719,,
Otsu,test_chicago27_1536_1536,test,chicago27.tif,chicago,1536,1536,0.008759482999948887,0.1530952102706222,0.26553784788455065,0.15432155899230937,0.9506543993779967,0.26553784788455065,1.0,5.0,4.0,90.67230224609375,14.719009399414062,75.95329284667969,,
Otsu,test_chicago27_2048_512,test,chicago27.tif,chicago,512,2048,0.007226488000014797,0.350505635341799,0.5190731918021055,0.35997388998922514,0.9301962868398859,0.5190731918021055,1.0,77.0,76.0,85.32295227050781,33.01887512207031,52.3040771484375,,
Otsu,test_chicago27_2560_2560,test,chicago27.tif,chicago,2560,2560,0.007381774999998925,0.47548668876061717,0.6445150503662186,0.4840364447185097,0.9641823991739877,0.6445150503662186,1.0,38.0,37.0,85.36949157714844,42.85697937011719,42.51251220703125,,
Otsu,test_chicago27_2560_3584,test,chicago27.tif,chicago,3584,2560,0.0073837500000308864,0.327143738433066,0.49300423000046484,0.33577560084303454,0.9271442129976523,0.49300423000046484,1.0,59.0,58.0,84.34524536132812,30.54656982421875,53.798675537109375,,
Otsu,test_chicago27_4096_1024,test,chicago27.tif,chicago,1024,4096,0.0072966110000152185,0.3474958974171034,0.515765425457974,0.36069114470842334,0.9047507978074872,0.5157654254579739,2.0,6.0,4.0,90.25306701660156,35.98060607910156,54.2724609375,,
Otsu,test_chicago27_4096_2048,test,chicago27.tif,chicago,2048,4096,0.007192384000063612,0.3876678468835594,0.5587329096861159,0.38920840389677896,0.9898929591880251,0.5587329096861159,1.0,9.0,8.0,91.00189208984375,35.78033447265625,55.2215576171875,,
Otsu,test_chicago28_0_3072,test,chicago28.tif,chicago,3072,0,0.007148381999968478,0.31738276883807326,0.4818383484976104,0.3213547882628915,0.9625155620200426,0.4818383484976105,1.0,3.0,2.0,92.69332885742188,30.947494506835938,61.74583435058594,,
Otsu,test_chicago28_1536_1024,test,chicago28.tif,chicago,1024,1536,0.007736573000101998,0.26868207554958784,0.42356092314648,0.2725153157917934,0.9502520440154915,0.42356092314648003,2.0,1.0,1.0,86.55166625976562,24.82147216796875,61.730194091796875,,
Otsu,test_chicago28_1536_3584,test,chicago28.tif,chicago,3584,1536,0.0070089550000602685,0.565706248808086,0.7226211803634777,0.5974647213585267,0.9141077905819665,0.7226211803634777,1.0,4.0,3.0,90.91072082519531,59.41963195800781,31.4910888671875,,
Otsu,test_chicago28_2560_2048,test,chicago28.tif,chicago,2048,2560,0.007290564999948401,0.6583639064205826,0.7939920832473942,0.6652904105567682,0.9844323627497688,0.7939920832473942,2.0,7.0,5.0,80.56678771972656,54.44793701171875,26.118850708007812,,
Otsu,test_chicago28_4096_1024,test,chicago28.tif,chicago,1024,4096,0.0074658789999375585,0.27063972446400913,0.4259897109358397,0.2716889839090807,0.9859309167177088,0.42598971093583965,2.0,5.0,3.0,74.58267211914062,20.552444458007812,54.03022766113281,,
Otsu,test_chicago28_4096_1536,test,chicago28.tif,chicago,1536,4096,0.0075978260000511,0.3366737481597436,0.5037485753322481,0.3387983009685979,0.9817146893806632,0.5037485753322481,1.0,1.0,0.0,81.36672973632812,28.080368041992188,53.28636169433594,,
Otsu,test_chicago28_4096_2048,test,chicago28.tif,chicago,2048,4096,0.0070851409999477255,0.3980125200809398,0.5693976475373717,0.4028288041132289,0.9708364157573516,0.5693976475373715,1.0,5.0,4.0,79.53567504882812,33.001708984375,46.533966064453125,,
Otsu,test_chicago29_512_2560,test,chicago29.tif,chicago,2560,512,0.007245254999929784,0.48042079740325766,0.6490327591262471,0.48142618087478595,0.9956719079267304,0.6490327591262472,1.0,6.0,5.0,97.34001159667969,47.06573486328125,50.27427673339844,,
Otsu,test_chicago29_1536_2560,test,chicago29.tif,chicago,2560,1536,0.007521381999936239,0.1439816319728759,0.25172018142383906,0.14413998780708837,0.9924274653280014,0.25172018142383906,2.0,4.0,2.0,92.60711669921875,13.450241088867188,79.15687561035156,,
Otsu,test_chicago29_2048_2560,test,chicago29.tif,chicago,2560,2048,0.008203623999975207,0.16220217289392955,0.27912901331106565,0.16220217289392955,1.0,0.27912901331106565,1.0,5.0,4.0,92.76504516601562,15.04669189453125,77.71835327148438,,
Otsu,test_chicago29_2048_3072,test,chicago29.tif,chicago,3072,2048,0.007132329999990361,0.44037814466409536,0.6114757382226098,0.4468146477126941,0.9683249053012633,0.6114757382226098,1.0,8.0,7.0,88.60855102539062,40.886688232421875,47.72186279296875,,
Otsu,test_chicago29_2560_2048,test,chicago29.tif,chicago,2048,2560,0.007138117999943461,0.4095754283628136,0.5811330420799476,0.41670544249340813,0.9598992073864437,0.5811330420799476,1.0,13.0,12.0,93.45932006835938,40.57197570800781,52.88734436035156,,
Otsu,test_chicago29_2560_2560,test,chicago29.tif,chicago,2560,2560,0.007132569000077638,0.2468836237564312,0.3960010686685511,0.24849425644209872,0.9744180761614128,0.39600106866855106,1.0,10.0,9.0,92.15354919433594,23.500823974609375,68.65272521972656,,
Otsu,test_chicago29_3584_512,test,chicago29.tif,chicago,512,3584,0.007358895000038501,0.4000864792149609,0.5715168100748925,0.40513092868349676,0.9698175465838509,0.5715168100748925,1.0,19.0,18.0,94.09370422363281,39.306640625,54.78706359863281,,
Otsu,test_chicago29_4096_1024,test,chicago29.tif,chicago,1024,4096,0.0069853310000098645,0.4655503256227982,0.6353249253654372,0.48249736720715075,0.9298473666554847,0.635324925365437,1.0,15.0,14.0,87.65945434570312,45.4864501953125,42.173004150390625,,
Otsu,test_chicago29_4096_2560,test,chicago29.tif,chicago,2560,4096,0.006989957999962826,0.18197660253630818,0.30791912825654805,0.18200441092654238,0.999161092846616,0.30791912825654805,1.0,3.0,2.0,92.36373901367188,16.824722290039062,75.53901672363281,,
Otsu,test_chicago30_0_3584,test,chicago30.tif,chicago,3584,0,0.007463472999916121,0.11718660906930387,0.20978878213896363,0.11718714362609592,0.9999610758631428,0.20978878213896365,2.0,6.0,4.0,83.62655639648438,9.800338745117188,73.82621765136719,,
Otsu,test_chicago30_512_1024,test,chicago30.tif,chicago,1024,512,0.007472398000004432,0.3197776680446786,0.4845932398878159,0.3214397059547446,0.9840879120879121,0.48459323988781594,1.0,5.0,4.0,92.99163818359375,30.374526977539062,62.61711120605469,,
Otsu,test_chicago30_1024_512,test,chicago30.tif,chicago,512,1024,0.007003450999945926,0.24549552271271646,0.3942134166456445,0.2480706296097299,0.9594313781052234,0.3942134166456446,1.0,7.0,6.0,93.71795654296875,24.231719970703125,69.48623657226562,,
Otsu,test_chicago30_1024_2560,test,chicago30.tif,chicago,2560,1024,0.007170558000098026,0.006038335485152448,0.012004185670003357,0.006038335485152448,1.0,0.012004185670003355,1.0,2.0,1.0,96.02546691894531,0.579833984375,95.44563293457031,,
Otsu,test_chicago30_1536_512,test,chicago30.tif,chicago,512,1536,0.00748483600000327,0.0,0.0,0.0,0.0,0.0,2.0,0.0,2.0,82.69767761230469,0.0,82.69767761230469,,
Otsu,test_chicago30_1536_4096,test,chicago30.tif,chicago,4096,1536,0.007330735000095956,0.06732172435960602,0.1261507618989,0.06758462799483705,0.9453742751713231,0.12615076189890004,3.0,7.0,4.0,80.97915649414062,5.7891845703125,75.18997192382812,,
Otsu,test_chicago30_2048_1536,test,chicago30.tif,chicago,1536,2048,0.0070339840000315235,0.06964176277229929,0.13021511537059222,0.07035119315623593,0.8735150244584207,0.13021511537059222,1.0,2.0,1.0,88.1134033203125,7.0964813232421875,81.01692199707031,,
Otsu,test_chicago30_2048_3072,test,chicago30.tif,chicago,3072,2048,0.006976804999908381,0.5187507753115148,0.6831282442705091,0.5299376862638852,0.9608975730347762,0.6831282442705091,1.0,9.0,8.0,87.29629516601562,48.14414978027344,39.15214538574219,,
Otsu,test_chicago30_2560_512,test,chicago30.tif,chicago,512,2560,0.007054772999936176,0.2749491274056701,0.4313099581708806,0.27555261747982235,0.992097444114307,0.4313099581708806,1.0,28.0,27.0,88.28887939453125,24.522018432617188,63.76686096191406,,
Otsu,test_chicago30_3072_0,test,chicago30.tif,chicago,0,3072,0.006997693000016625,0.27310737625310705,0.4290405999482803,0.27986218588037837,0.9187999280067563,0.4290405999482804,1.0,24.0,23.0,90.45829772949219,27.553176879882812,62.905120849609375,,
Otsu,test_chicago30_3072_3072,test,chicago30.tif,chicago,3072,3072,0.006971432000000277,0.03895651376567407,0.07499161562494484,0.03895651376567407,1.0,0.07499161562494484,1.0,4.0,3.0,83.20426940917969,3.2413482666015625,79.96292114257812,,
Otsu,test_chicago30_3584_0,test,chicago30.tif,chicago,0,3584,0.007231580000052418,0.09292523155285065,0.17004865268014824,0.09345532392068913,0.9424716213321911,0.1700486526801482,2.0,13.0,11.0,89.80865478515625,8.905410766601562,80.90324401855469,,
Otsu,test_chicago33_512_512,test,chicago33.tif,chicago,512,512,0.007077064999975846,0.28141415496820993,0.43922435830309897,0.28390382188175617,0.969779808777728,0.439224358303099,1.0,5.0,4.0,95.80955505371094,28.048324584960938,67.76123046875,,
Otsu,test_chicago33_512_1536,test,chicago33.tif,chicago,1536,512,0.007065347000093425,0.0,0.0,0.0,0.0,0.0,1.0,0.0,1.0,99.46861267089844,0.0,99.46861267089844,,
Otsu,test_chicago33_512_2560,test,chicago33.tif,chicago,2560,512,0.007103268999912871,0.23747595567446084,0.3838069815991365,0.2403449978548937,0.9521389173935352,0.38380698159913657,1.0,14.0,13.0,94.25125122070312,23.79150390625,70.45974731445312,,
Otsu,test_chicago33_512_4096,test,chicago33.tif,chicago,4096,512,0.007148311000037211,0.319102076773741,0.4838171092175074,0.3247483656739649,0.9483291516672121,0.4838171092175075,2.0,14.0,12.0,91.90559387207031,31.472396850585938,60.433197021484375,,
Otsu,test_chicago33_1536_512,test,chicago33.tif,chicago,512,1536,0.007197012999995422,0.30846132124311687,0.4714871066269809,0.3087531552893052,0.9969451134491063,0.47148710662698085,1.0,4.0,3.0,97.17216491699219,30.094146728515625,67.07801818847656,,
Otsu,test_chicago33_1536_3072,test,chicago33.tif,chicago,3072,1536,0.007337908000067728,0.34260702431618306,0.5103608399347974,0.3460288330172713,0.9719463440897167,0.5103608399347975,1.0,11.0,10.0,93.53828430175781,33.30116271972656,60.23712158203125,,
Otsu,test_chicago33_2048_3072,test,chicago33.tif,chicago,3072,2048,0.0070026559999405436,0.3072607701554925,0.47008336388606736,0.31224848291280743,0.95058217263424,0.47008336388606736,1.0,8.0,7.0,95.550537109375,31.386566162109375,64.16397094726562,,
Otsu,test_chicago33_2560_2560,test,chicago33.tif,chicago,2560,2560,0.007352631999992809,0.2832264093756314,0.4414285854877917,0.2832264093756314,1.0,0.4414285854877917,2.0,14.0,12.0,90.618896484375,25.665664672851562,64.95323181152344,,
Otsu,test_chicago33_3584_2560,test,chicago33.tif,chicago,2560,3584,0.007122087999960058,0.07322586092672217,0.13645936720811447,0.07330998187950304,0.9845714951094551,0.13645936720811444,1.0,2.0,1.0,87.99667358398438,6.5521240234375,81.44454956054688,,
Otsu,test_chicago33_3584_3584,test,chicago33.tif,chicago,3584,3584,0.0071564029999535705,0.42517627702914446,0.5966648250915978,0.44963979601559295,0.8865537295389944,0.5966648250915977,1.0,5.0,4.0,92.08335876464844,46.70257568359375,45.38078308105469,,
Otsu,test_chicago33_4096_1024,test,chicago33.tif,chicago,1024,4096,0.00730879700006426,0.3048127918628923,0.46721306499104515,0.3052214091657247,0.9956271427647325,0.46721306499104515,1.0,10.0,9.0,96.18186950683594,29.485702514648438,66.6961669921875,,
Otsu,test_chicago8_0_1536,test,chicago8.tif,chicago,1536,0,0.00702217599996402,0.3025868676807549,0.46459376366891875,0.31248280328653005,0.9052559291688127,0.4645937636689187,1.0,34.0,33.0,90.11726379394531,31.107330322265625,59.00993347167969,,
Otsu,test_chicago8_0_4096,test,chicago8.tif,chicago,4096,0,0.0070859080000218455,0.33252606215578284,0.49909126973144025,0.3464844300408623,0.8919409087911363,0.49909126973144025,1.0,74.0,73.0,89.34059143066406,34.705352783203125,54.63523864746094,,
Otsu,test_chicago8_512_1024,test,chicago8.tif,chicago,1024,512,0.0071356529999775375,0.37843707659201403,0.5490813951807577,0.40137871570645445,0.8687836205950159,0.5490813951807578,1.0,75.0,74.0,90.25459289550781,41.69769287109375,48.55690002441406,,
Otsu,test_chicago8_1024_1024,test,chicago8.tif,chicago,1024,1024,0.0069692979999445015,0.31384073114437355,0.47774547356438535,0.32803383342698644,0.878840015394019,0.4777454735643854,1.0,64.0,63.0,90.28968811035156,33.701324462890625,56.58836364746094,,
Otsu,test_chicago8_1024_2048,test,chicago8.tif,chicago,2048,1024,0.007378988000027675,0.2948199293064951,0.45538367557317483,0.3176640832378974,0.803909233880027,0.4553836755731749,1.0,63.0,62.0,85.93826293945312,33.95843505859375,51.979827880859375,,
Otsu,test_chicago8_2048_1536,test,chicago8.tif,chicago,1536,2048,0.007236138000052961,0.2792250952419551,0.4365534983335234,0.2877152247357585,0.9044199692820668,0.4365534983335234,1.0,52.0,51.0,91.34635925292969,29.059219360351562,62.287139892578125,,
Otsu,test_chicago8_2048_4096,test,chicago8.tif,chicago,4096,2048,0.007331118000024617,0.10334377433283783,0.1873283318163045,0.10371498470404887,0.9665259847732539,0.1873283318163045,3.0,13.0,10.0,85.91575622558594,9.2193603515625,76.69639587402344,,
Otsu,test_chicago8_2560_1024,test,chicago8.tif,chicago,1024,2560,0.007323530999997274,0.40143137354368524,0.5728876648859637,0.41619077254817743,0.9188292210933721,0.5728876648859637,1.0,95.0,94.0,87.03880310058594,39.424896240234375,47.61390686035156,,
Otsu,test_chicago8_3072_1024,test,chicago8.tif,chicago,1024,3072,0.007455919999983962,0.33303588318022187,0.49966529390896613,0.34416274286491355,0.9115127913651251,0.4996652939089662,1.0,61.0,60.0,89.76593017578125,33.89320373535156,55.87272644042969,,
Otsu,test_chicago8_3072_3072,test,chicago8.tif,chicago,3072,3072,0.007164287000023251,0.5256181850812647,0.6890560039480216,0.5401449347074091,0.9513238579645387,0.6890560039480215,1.0,4.0,3.0,84.80339050292969,48.149871826171875,36.65351867675781,,
Otsu,test_chicago8_3072_4096,test,chicago8.tif,chicago,4096,3072,0.007277838999925734,0.1234113712374582,0.2197082465019351,0.12380444624202007,0.9749185667752444,0.2197082465019351,1.0,4.0,3.0,82.99903869628906,10.540008544921875,72.45903015136719,,
Otsu,test_chicago8_3584_2048,test,chicago8.tif,chicago,2048,3584,0.007687786000019514,0.12818657295264177,0.22724357127767855,0.12871644700486898,0.9688851041530198,0.22724357127767858,4.0,8.0,4.0,87.67051696777344,11.64703369140625,76.02348327636719,,
Otsu,test_chicago8_4096_0,test,chicago8.tif,chicago,0,4096,0.007087270000056378,0.3326509552596727,0.49923193158234636,0.356823396551106,0.830808238903149,0.49923193158234636,1.0,114.0,113.0,85.1226806640625,36.559295654296875,48.563385009765625,,
Otsu,test_chicago8_4096_1536,test,chicago8.tif,chicago,1536,4096,0.0073937099999739075,0.1577014347166204,0.27243886893035113,0.16042274425507957,0.9028804608737397,0.2724388689303511,1.0,31.0,30.0,89.44244384765625,15.89202880859375,73.5504150390625,,
Otsu,test_chicago8_4096_4096,test,chicago8.tif,chicago,4096,4096,0.007713819999935367,0.10301055353648308,0.18678072155558195,0.10349473573337664,0.956557011317081,0.18678072155558198,3.0,2.0,1.0,86.92054748535156,9.404373168945312,77.51617431640625,,
Otsu,test_kitsap9_0_3584,test,kitsap9.tif,kitsap,3584,0,0.007152781000058894,0.008640244575324214,0.017132460501736342,0.008645085305808646,0.9391381608174145,0.017132460501736342,1.0,1.0,0.0,93.28155517578125,0.8586883544921875,92.42286682128906,,
Otsu,test_kitsap9_512_1024,test,kitsap9.tif,kitsap,1024,512,0.007128421999937018,0.22613921779691423,0.3688638525129856,0.22651511748056966,0.992715101397913,0.36886385251298554,1.0,33.0,32.0,93.40248107910156,21.312332153320312,72.09014892578125,,
Otsu,test_kitsap9_512_4096,test,kitsap9.tif,kitsap,4096,512,0.007130468000013934,0.02719452860380301,0.05294913056199144,0.027239221875991572,0.9430985915492958,0.05294913056199144,1.0,6.0,5.0,93.77365112304688,2.70843505859375,91.06521606445312,,
Otsu,test_kitsap9_1536_0,test,kitsap9.tif,kitsap,0,1536,0.01108825699998306,0.0716857194561773,0.13378123484290513,0.07181041864340099,0.976349048193403,0.13378123484290513,1.0,10.0,9.0,98.90213012695312,7.2742462158203125,91.62788391113281,,
Otsu,test_kitsap9_1536_1536,test,kitsap9.tif,kitsap,1536,1536,0.007183188999988488,0.1459882158736279,0.25478135612823183,0.14599466598117028,0.9996974614263319,0.2547813561282318,1.0,14.0,13.0,94.9737548828125,13.869857788085938,81.10389709472656,,
Otsu,test_kitsap9_2048_0,test,kitsap9.tif,kitsap,0,2048,0.0073733520000587305,0.044323576789804885,0.08488475751175359,0.044370883975977694,0.9765106382978723,0.08488475751175358,1.0,2.0,1.0,98.64540100097656,4.482269287109375,94.16313171386719,,
Otsu,test_kitsap9_2048_2048,test,kitsap9.tif,kitsap,2048,2048,0.0071004620000394425,0.0,0.0,0.0,0.0,0.0,1.0,0.0,1.0,99.88899230957031,0.0,99.88899230957031,,
Otsu,test_kitsap9_2048_4096,test,kitsap9.tif,kitsap,4096,2048,0.006985004999933153,0.0024357031894286646,0.004859569908930894,0.0024357031894286646,1.0,0.004859569908930894,1.0,2.0,1.0,99.45106506347656,0.2422332763671875,99.20883178710938,,
Otsu,test_kitsap9_2560_0,test,kitsap9.tif,kitsap,0,2560,0.00718491499992524,0.0,0.0,0.0,0.0,0.0,1.0,0.0,1.0,99.94697570800781,0.0,99.94697570800781,,
Otsu,test_kitsap9_3584_1536,test,kitsap9.tif,kitsap,1536,3584,0.007609699999989061,0.0,0.0,0.0,0.0,0.0,1.0,0.0,1.0,100.0,0.0,100.0,,
Otsu,test_kitsap9_3584_3072,test,kitsap9.tif,kitsap,3072,3584,0.006944873000065854,0.0,0.0,0.0,0.0,0.0,1.0,0.0,1.0,100.0,0.0,100.0,,
Otsu,test_kitsap9_4096_512,test,kitsap9.tif,kitsap,512,4096,0.007295038999927783,0.07374354705060825,0.13735783978058685,0.0740949209252875,0.9395786864931847,0.13735783978058685,2.0,9.0,7.0,97.59292602539062,7.6961517333984375,89.89677429199219,,
Otsu,test_kitsap9_4096_3584,test,kitsap9.tif,kitsap,3584,4096,0.007266211999990446,0.00659056002567453,0.01309481786816365,0.00659056002567453,1.0,0.01309481786816365,1.0,1.0,0.0,99.84512329101562,0.6580352783203125,99.18708801269531,,
Otsu,test_tyrol-w1_512_512,test,tyrol-w1.tif,tyrol-w,512,512,0.007157226999993327,0.0,0.0,0.0,0.0,0.0,1.0,0.0,1.0,76.15585327148438,0.0,76.15585327148438,,
Otsu,test_tyrol-w1_1024_1024,test,tyrol-w1.tif,tyrol-w,1024,1024,0.007390743000087241,0.0,0.0,0.0,0.0,0.0,2.0,0.0,2.0,77.28004455566406,0.0,77.28004455566406,,
Otsu,test_tyrol-w1_2560_1536,test,tyrol-w1.tif,tyrol-w,1536,2560,0.007417041000053359,0.0,0.0,0.0,0.0,0.0,3.0,0.0,3.0,83.062744140625,0.0,83.062744140625,,
Otsu,test_tyrol-w1_2560_2560,test,tyrol-w1.tif,tyrol-w,2560,2560,0.007532146000016837,0.019169519957717672,0.03761792240119771,0.019169519957717672,1.0,0.037617922401197705,2.0,3.0,1.0,83.00209045410156,1.5911102294921875,81.41098022460938,,
Otsu,test_tyrol-w1_2560_3072,test,tyrol-w1.tif,tyrol-w,3072,2560,0.00730953300001147,0.14731829077081118,0.25680457106952814,0.14763691532449236,0.9855618519411623,0.25680457106952814,1.0,16.0,15.0,84.48371887207031,12.6556396484375,71.82807922363281,,
Otsu,test_tyrol-w1_2560_3584,test,tyrol-w1.tif,tyrol-w,3584,2560,0.007279962999973577,0.28471509838664555,0.44323461091753774,0.29243695179189644,0.9151286772577399,0.44323461091753774,1.0,38.0,37.0,83.63227844238281,26.725387573242188,56.906890869140625,,
Otsu,test_tyrol-w1_3072_4096,test,tyrol-w1.tif,tyrol-w,4096,3072,0.007361957000057373,0.31706434655252075,0.48147130758258233,0.3258477803162657,0.9216451478022883,0.48147130758258233,1.0,22.0,21.0,85.15548706054688,30.106735229492188,55.04875183105469,,
Otsu,test_tyrol-w1_3584_3584,test,tyrol-w1.tif,tyrol-w,3584,3584,0.007357720999948469,0.17104222076052658,0.29211964817023284,0.17562362660219547,0.8676676821896611,0.29211964817023284,2.0,18.0,16.0,77.94532775878906,15.776824951171875,62.16850280761719,,
Otsu,test_tyrol-w1_4096_1024,test,tyrol-w1.tif,tyrol-w,1024,4096,0.007180640000001404,0.0,0.0,0.0,0.0,0.0,1.0,0.0,1.0,88.75503540039062,0.0,88.75503540039062,,
Otsu,test_tyrol-w1_4096_1536,test,tyrol-w1.tif,tyrol-w,1536,4096,0.007943269999941549,0.0,0.0,0.0,0.0,0.0,5.0,0.0,5.0,83.93211364746094,0.0,83.93211364746094,,
Otsu,test_tyrol-w15_0_3584,test,tyrol-w15.tif,tyrol-w,3584,0,0.007804386999964663,0.0,0.0,0.0,0.0,0.0,3.0,0.0,3.0,67.60444641113281,0.0,67.60444641113281,,
Otsu,test_tyrol-w15_512_1024,test,tyrol-w15.tif,tyrol-w,1024,512,0.007995151000045553,0.13930529826717236,0.24454428234301887,0.14645743482146326,0.7404360850562295,0.24454428234301887,4.0,11.0,7.0,78.5430908203125,15.535736083984375,63.007354736328125,,
Otsu,test_tyrol-w15_512_3584,test,tyrol-w15.tif,tyrol-w,3584,512,0.0070963999999094085,0.0,0.0,0.0,0.0,0.0,1.0,0.0,1.0,72.40943908691406,0.0,72.40943908691406,,
Otsu,test_tyrol-w15_1024_1024,test,tyrol-w15.tif,tyrol-w,1024,1024,0.007217838999963533,0.28272775557471114,0.4408226988867771,0.2886093050747277,0.9327664708501501,0.4408226988867771,1.0,27.0,26.0,85.83717346191406,26.559066772460938,59.278106689453125,,
Otsu,test_tyrol-w15_1536_1024,test,tyrol-w15.tif,tyrol-w,1024,1536,0.007764955000084228,0.10455325505882934,0.18931319894260917,0.11108560484823045,0.6400256962551487,0.18931319894260917,6.0,14.0,8.0,58.16192626953125,10.094833374023438,48.06709289550781,,
Otsu,test_tyrol-w15_2048_2048,test,tyrol-w15.tif,tyrol-w,2048,2048,0.008492876999980581,0.002167966037211718,0.004326552256074046,0.0021721373468461653,0.5302806499261448,0.004326552256074045,13.0,1.0,12.0,63.04740905761719,0.2582550048828125,62.789154052734375,,
Otsu,test_tyrol-w15_2560_4096,test,tyrol-w15.tif,tyrol-w,4096,2560,0.008725663000063832,0.0,0.0,0.0,0.0,0.0,12.0,0.0,12.0,51.457977294921875,0.0,51.457977294921875,,
Otsu,test_tyrol-w15_3072_4096,test,tyrol-w15.tif,tyrol-w,4096,3072,0.007916442999999163,0.0,0.0,0.0,0.0,0.0,6.0,0.0,6.0,60.77423095703125,0.0,60.77423095703125,,
Otsu,test_tyrol-w15_3584_512,test,tyrol-w15.tif,tyrol-w,512,3584,0.008356026999990718,0.0,0.0,0.0,0.0,0.0,12.0,0.0,12.0,54.392242431640625,0.0,54.392242431640625,,
Otsu,test_tyrol-w29_0_2048,test,tyrol-w29.tif,tyrol-w,2048,0,0.007415878000074372,0.0,0.0,0.0,0.0,0.0,2.0,0.0,2.0,91.6168212890625,0.0,91.6168212890625,,
Otsu,test_tyrol-w29_512_3584,test,tyrol-w29.tif,tyrol-w,3584,512,0.007126082000013412,0.23285956469656838,0.3777552145671674,0.23978402834094498,0.8896683875463213,0.3777552145671674,1.0,20.0,19.0,89.37454223632812,24.088287353515625,65.2862548828125,,
Otsu,test_tyrol-w29_1024_2048,test,tyrol-w29.tif,tyrol-w,2048,1024,0.007772794999937105,0.0,0.0,0.0,0.0,0.0,2.0,0.0,2.0,72.08747863769531,0.0,72.08747863769531,,
Otsu,test_tyrol-w29_1536_2048,test,tyrol-w29.tif,tyrol-w,2048,1536,0.007106332999910592,0.07884392153776536,0.14616372204309702,0.07907947809202062,0.9635952678657305,0.14616372204309705,1.0,10.0,9.0,96.65603637695312,7.932281494140625,88.7237548828125,,
Otsu,test_tyrol-w29_2048_3072,test,tyrol-w29.tif,tyrol-w,3072,2048,0.007331134999958522,0.41976002919144006,0.5913112364918391,0.4755376370232757,0.7815977107046937,0.5913112364918391,1.0,21.0,20.0,78.43856811523438,47.723388671875,30.715179443359375,,
Otsu,test_tyrol-w29_2048_3584,test,tyrol-w29.tif,tyrol-w,3584,2048,0.007373046999987309,0.2612130489909634,0.4142250973377536,0.2670750900742706,0.9224859603144889,0.4142250973377536,1.0,18.0,17.0,87.98332214355469,25.472640991210938,62.51068115234375,,
Otsu,test_tyrol-w29_3072_3584,test,tyrol-w29.tif,tyrol-w,3584,3072,0.007180571000048985,0.3776989133109692,0.5483040012033694,0.39708325390125004,0.8855450956574552,0.5483040012033695,1.0,31.0,30.0,84.04312133789062,37.685394287109375,46.35772705078125,,
Otsu,test_tyrol-w29_3584_2048,test,tyrol-w29.tif,tyrol-w,2048,3584,0.007926585999939562,0.13743267575692678,0.2416541720422609,0.13811300299725782,0.9653981166768819,0.24165417204226092,1.0,3.0,2.0,95.709228515625,13.692474365234375,82.01675415039062,,
Otsu,test_tyrol-w29_3584_3072,test,tyrol-w29.tif,tyrol-w,3072,3584,0.009685773999990488,0.27418993279223114,0.4303752929382788,0.27724461779271764,0.96136848973781,0.43037529293827875,1.0,31.0,30.0,89.19754028320312,25.7232666015625,63.474273681640625,,
Otsu,test_tyrol-w29_4096_2560,test,tyrol-w29.tif,tyrol-w,2560,4096,0.007321799000010287,0.19358546376505387,0.32437637629132415,0.19741871539074787,0.9088420259090999,0.3243763762913241,1.0,34.0,33.0,88.52195739746094,19.228744506835938,69.293212890625,,
Otsu,test_tyrol-w5_0_4096,test,tyrol-w5.tif,tyrol-w,4096,0,0.007711194000080468,0.003878918699524475,0.007727861651979748,0.00387947338801192,0.9644495412844036,0.007727861651979748,1.0,2.0,1.0,82.69577026367188,0.3326416015625,82.36312866210938,,
Otsu,test_tyrol-w5_512_512,test,tyrol-w5.tif,tyrol-w,512,512,0.007242717999929482,0.055328809864081334,0.10485605878836433,0.055628670426449076,0.9112242013005372,0.10485605878836433,1.0,12.0,11.0,88.40599060058594,5.39703369140625,83.00895690917969,,
Otsu,test_tyrol-w5_512_3584,test,tyrol-w5.tif,tyrol-w,3584,512,0.007264674999987619,0.031092780500835807,0.060310344692226465,0.031110913118664523,0.9815997955532839,0.060310344692226465,1.0,3.0,2.0,94.19364929199219,2.985382080078125,91.20826721191406,,
Otsu,test_tyrol-w5_1024_512,test,tyrol-w5.tif,tyrol-w,512,1024,0.007628242000009777,0.0028471557911058116,0.005678145018738783,0.0028471557911058116,1.0,0.005678145018738782,2.0,1.0,1.0,84.14115905761719,0.23956298828125,83.90159606933594,,
Otsu,test_tyrol-w5_1024_1024,test,tyrol-w5.tif,tyrol-w,1024,1024,0.007363292000036381,0.011438078402828325,0.022617456564202734,0.011456805759232103,0.8749602290804963,0.022617456564202734,1.0,6.0,5.0,91.56494140625,1.1989593505859375,90.36598205566406,,
Otsu,test_tyrol-w5_1024_4096,test,tyrol-w5.tif,tyrol-w,4096,1024,0.00784225800009608,0.0014164510673970543,0.0028288951432488994,0.0014166831303878533,0.8963414634146342,0.0028288951432488994,2.0,1.0,1.0,79.16526794433594,0.1251220703125,79.04014587402344,,
Otsu,test_tyrol-w5_1536_4096,test,tyrol-w5.tif,tyrol-w,4096,1536,0.007133562999911192,0.0010238431348215254,0.002045591904415069,0.0010239702117756575,0.8918918918918919,0.002045591904415069,1.0,2.0,1.0,98.35052490234375,0.1129150390625,98.23760986328125,,
Otsu,test_tyrol-w5_2560_1024,test,tyrol-w5.tif,tyrol-w,1024,2560,0.007059725999965849,0.3421960259446103,0.5099046925038833,0.34413287316652286,0.9838188500530327,0.5099046925038833,1.0,8.0,7.0,88.4246826171875,30.930328369140625,57.494354248046875,,
Otsu,test_tyrol-w5_2560_1536,test,tyrol-w5.tif,tyrol-w,1536,2560,0.007296375999999327,0.28562684620911727,0.4443386462430139,0.2869760519068458,0.9838064102172386,0.44433864624301384,1.0,6.0,5.0,85.60256958007812,24.970245361328125,60.63232421875,,
Otsu,test_tyrol-w5_2560_3072,test,tyrol-w5.tif,tyrol-w,3072,2560,0.006959547999940696,0.49275456179265903,0.6601950171914488,0.5032076719576719,0.9595485071097518,0.6601950171914487,1.0,8.0,7.0,92.28515625,48.39630126953125,43.88885498046875,,
Otsu,test_tyrol-w5_3072_4096,test,tyrol-w5.tif,tyrol-w,4096,3072,0.0070108119999758856,0.19853567023919122,0.33129705718240254,0.19893738767944094,0.9899313600242513,0.3312970571824025,1.0,4.0,3.0,87.66593933105469,17.617416381835938,70.04852294921875,,
Otsu,test_tyrol-w5_4096_0,test,tyrol-w5.tif,tyrol-w,0,4096,0.007475484999986293,0.043373536574047473,0.08314095585837064,0.04354732787845441,0.9157413455258001,0.08314095585837064,3.0,6.0,3.0,85.96954345703125,4.0882110595703125,81.88133239746094,,
Otsu,test_tyrol-w5_4096_2560,test,tyrol-w5.tif,tyrol-w,2560,4096,0.008467257000006612,0.0,0.0,0.0,0.0,0.0,7.0,0.0,7.0,57.81135559082031,0.0,57.81135559082031,,
Otsu,test_tyrol-w9_0_512,test,tyrol-w9.tif,tyrol-w,512,0,0.007335994999948525,0.0,0.0,0.0,0.0,0.0,1.0,0.0,1.0,92.8009033203125,0.0,92.8009033203125,,
Otsu,test_tyrol-w9_0_2560,test,tyrol-w9.tif,tyrol-w,2560,0,0.007230712000023232,0.0015544581670663394,0.0031040911542865794,0.001554848710376245,0.8608923884514436,0.00310409115428658,1.0,2.0,1.0,80.47218322753906,0.1453399658203125,80.32684326171875,,
Otsu,test_tyrol-w9_512_2048,test,tyrol-w9.tif,tyrol-w,2048,512,0.007353021999961129,0.0,0.0,0.0,0.0,0.0,1.0,0.0,1.0,80.60073852539062,0.0,80.60073852539062,,
Otsu,test_tyrol-w9_512_3584,test,tyrol-w9.tif,tyrol-w,3584,512,0.007928054999979395,0.0,0.0,0.0,0.0,0.0,1.0,0.0,1.0,86.41281127929688,0.0,86.41281127929688,,
Otsu,test_tyrol-w9_1024_1536,test,tyrol-w9.tif,tyrol-w,1536,1024,0.007262044999947648,0.002011681313514882,0.004015285152919203,0.002013620217651983,0.6762917933130699,0.004015285152919203,1.0,1.0,0.0,84.30290222167969,0.251007080078125,84.05189514160156,,
Otsu,test_tyrol-w9_1536_512,test,tyrol-w9.tif,tyrol-w,512,1536,0.00978858799999216,0.0008108665071813205,0.001620419070810523,0.0008115572932546586,0.48787061994609165,0.001620419070810523,3.0,1.0,2.0,85.07843017578125,0.1415252685546875,84.93690490722656,,
Otsu,test_tyrol-w9_1536_1536,test,tyrol-w9.tif,tyrol-w,1536,1536,0.007557109999993372,0.0,0.0,0.0,0.0,0.0,1.0,0.0,1.0,82.49893188476562,0.0,82.49893188476562,,
Otsu,test_tyrol-w9_1536_2560,test,tyrol-w9.tif,tyrol-w,2560,1536,0.006827001999909044,0.0,0.0,0.0,0.0,0.0,1.0,0.0,1.0,57.94792175292969,0.0,57.94792175292969,,
Otsu,test_tyrol-w9_1536_3072,test,tyrol-w9.tif,tyrol-w,3072,1536,0.00852561399995011,0.0,0.0,0.0,0.0,0.0,17.0,0.0,17.0,28.49884033203125,0.0,28.49884033203125,,
Otsu,test_tyrol-w9_2048_2048,test,tyrol-w9.tif,tyrol-w,2048,2048,0.01009988600003453,0.0,0.0,0.0,0.0,0.0,31.0,0.0,31.0,37.73765563964844,0.0,37.73765563964844,,
Otsu,test_tyrol-w9_2560_512,test,tyrol-w9.tif,tyrol-w,512,2560,0.007244388999993134,0.0,0.0,0.0,0.0,0.0,1.0,0.0,1.0,94.15054321289062,0.0,94.15054321289062,,
Otsu,test_tyrol-w9_3072_2560,test,tyrol-w9.tif,tyrol-w,2560,3072,0.008318283999983578,0.0961218440716719,0.1753853270811868,0.09761258309147083,0.8629008897165322,0.1753853270811868,5.0,11.0,6.0,81.48956298828125,9.218215942382812,72.27134704589844,,
Otsu,test_tyrol-w9_3584_1024,test,tyrol-w9.tif,tyrol-w,1024,3584,0.008706547999963732,0.0,0.0,0.0,0.0,0.0,13.0,0.0,13.0,47.574615478515625,0.0,47.574615478515625,,
Otsu,test_tyrol-w9_4096_2560,test,tyrol-w9.tif,tyrol-w,2560,4096,0.007867104999945695,0.005177734715429649,0.010302127746384055,0.005177734715429649,1.0,0.010302127746384055,5.0,3.0,2.0,74.41177368164062,0.385284423828125,74.0264892578125,,
Otsu,test_vienna15_512_512,test,vienna15.tif,vienna,512,512,0.007286916999987625,0.47762902481698455,0.6464802961976772,0.5106536437369418,0.8807463884430177,0.6464802961976771,1.0,22.0,21.0,81.97898864746094,47.5311279296875,34.44786071777344,,
Otsu,test_vienna15_1024_1024,test,vienna15.tif,vienna,1024,1024,0.007367756999997255,0.4798114104392287,0.648476430245681,0.5040781713236849,0.9088158716511611,0.648476430245681,2.0,3.0,1.0,84.79347229003906,47.03102111816406,37.762451171875,,
Otsu,test_vienna15_1536_1536,test,vienna15.tif,vienna,1536,1536,0.00761672200007979,0.5828103731725857,0.736424758203221,0.6492932296769683,0.8505659647199201,0.7364247582032211,1.0,7.0,6.0,77.47917175292969,59.14497375488281,18.334197998046875,,
Otsu,test_vienna15_2560_1536,test,vienna15.tif,vienna,1536,2560,0.007537912000088909,0.5715821475719305,0.727397099101712,0.6570149076673653,0.8146677208401517,0.7273970991017119,2.0,5.0,3.0,77.1759033203125,62.24098205566406,14.934921264648438,,
Otsu,test_vienna15_3072_3072,test,vienna15.tif,vienna,3072,3072,0.0078421090000802,0.4746425129065054,0.6437390876124816,0.4936555891238671,0.9249453235558986,0.6437390876124817,2.0,8.0,6.0,83.33587646484375,44.47746276855469,38.85841369628906,,
Otsu,test_vienna15_3584_2560,test,vienna15.tif,vienna,2560,3584,0.007848018999993656,0.7741066761452736,0.8726720738430788,0.8365501502587162,0.9120542356847945,0.8726720738430788,1.0,5.0,4.0,84.41352844238281,77.42538452148438,6.9881439208984375,,
Otsu,test_vienna15_4096_1024,test,vienna15.tif,vienna,1024,4096,0.007253560999970432,0.4840632050228231,0.6523485029269744,0.5560728887281641,0.7889418588907654,0.6523485029269745,2.0,14.0,12.0,75.94985961914062,53.53202819824219,22.417831420898438,,
Otsu,test_vienna16_0_1536,test,vienna16.tif,vienna,1536,0,0.007274907999999414,0.6312707821309816,0.7739619798821288,0.6956674538911382,0.8721149496860149,0.7739619798821289,1.0,14.0,13.0,81.40869140625,64.93797302246094,16.470718383789062,,
Otsu,test_vienna16_0_2560,test,vienna16.tif,vienna,2560,0,0.00803714599999239,0.5717028886595935,0.727494862781811,0.5955788428445413,0.9344733438712459,0.727494862781811,4.0,18.0,14.0,79.13856506347656,50.43830871582031,28.70025634765625,,
Otsu,test_vienna16_0_3584,test,vienna16.tif,vienna,3584,0,0.007745234999902095,0.5616603886796226,0.719311820612296,0.67887487094256,0.7648711066724924,0.7193118206122961,4.0,9.0,5.0,75.74272155761719,67.22679138183594,8.51593017578125,,
Otsu,test_vienna16_512_2048,test,vienna16.tif,vienna,2048,512,0.007545794000066053,0.5127280007497083,0.6778852516719465,0.5679028072658646,0.840698445957744,0.6778852516719465,2.0,19.0,17.0,80.85250854492188,54.61692810058594,26.235580444335938,,
Otsu,test_vienna16_512_4096,test,vienna16.tif,vienna,4096,512,0.0076049660000307995,0.5398851649085326,0.70120185220513,0.5593827678600252,0.9393542791205557,0.70120185220513,2.0,9.0,7.0,82.71751403808594,49.25804138183594,33.45947265625,,
Otsu,test_vienna16_1536_3072,test,vienna16.tif,vienna,3072,1536,0.007636006999973688,0.5812435736933356,0.7351727252692838,0.6797067982754024,0.8004953252201116,0.7351727252692837,4.0,9.0,5.0,75.82511901855469,64.38369750976562,11.441421508789062,,
Otsu,test_vienna16_2048_2560,test,vienna16.tif,vienna,2560,2048,0.008155829999964226,0.5225919599323361,0.6864504393620469,0.6123802398118817,0.7809044105347286,0.6864504393620469,3.0,8.0,5.0,78.51715087890625,61.57264709472656,16.944503784179688,,
Otsu,test_vienna16_2048_3072,test,vienna16.tif,vienna,3072,2048,0.007161813000038819,0.6252601178764784,0.7694277500556976,0.6456181445528052,0.9519900100961793,0.7694277500556976,1.0,20.0,19.0,84.68437194824219,57.4310302734375,27.253341674804688,,
Otsu,test_vienna16_2560_0,test,vienna16.tif,vienna,0,2560,0.008066803000019718,0.28127598032423445,0.439056042013768,0.2852795088338757,0.9524780058651027,0.439056042013768,1.0,4.0,3.0,86.86180114746094,26.0162353515625,60.84556579589844,,
Otsu,test_vienna16_2560_1536,test,vienna16.tif,vienna,1536,2560,0.007281929999976455,0.5392351813063959,0.7006533996302379,0.5616824236621897,0.9310008087034805,0.7006533996302378,2.0,30.0,28.0,82.87734985351562,50.000762939453125,32.8765869140625,,
Otsu,test_vienna16_3072_512,test,vienna16.tif,vienna,512,3072,0.007745613999986745,0.354809766274177,0.5237779872962225,0.36407877072675154,0.9330505027023885,0.5237779872962224,4.0,7.0,3.0,84.1094970703125,32.81974792480469,51.28974914550781,,
Otsu,test_vienna16_3072_2048,test,vienna16.tif,vienna,2048,3072,0.007061740000040118,0.44625721857878314,0.6171201261381623,0.47697123613901915,0.8738985188594024,0.6171201261381624,1.0,26.0,25.0,82.012939453125,44.762420654296875,37.250518798828125,,
Otsu,test_vienna16_3072_3072,test,vienna16.tif,vienna,3072,3072,0.007298956999989059,0.3704666139419275,0.5406430338004946,0.3828867985728187,0.9194890169808382,0.5406430338004946,1.0,8.0,7.0,88.20533752441406,36.72981262207031,51.47552490234375,,
Otsu,test_vienna16_3584_0,test,vienna16.tif,vienna,0,3584,0.00764355199999045,0.4533597833338488,0.6238782557941585,0.47670880312934083,0.9024969436846411,0.6238782557941585,3.0,15.0,12.0,82.11250305175781,43.37272644042969,38.739776611328125,,
Otsu,test_vienna16_3584_512,test,vienna16.tif,vienna,512,3584,0.0073720799999819064,0.3462339646223549,0.5143741336513974,0.35116089702678316,0.9610552309823526,0.5143741336513974,2.0,26.0,24.0,86.66801452636719,31.667709350585938,55.00030517578125,,
Otsu,test_vienna16_3584_4096,test,vienna16.tif,vienna,4096,3584,0.007532287999993059,0.47850039602217725,0.6472780085951357,0.528506928075351,0.8349059863183029,0.6472780085951357,2.0,14.0,12.0,78.49006652832031,49.68528747558594,28.804779052734375,,
Otsu,test_vienna16_4096_2048,test,vienna16.tif,vienna,2048,4096,0.00718417899997803,0.0751485612680607,0.13979195801448752,0.07527445795875198,0.9782285997031173,0.13979195801448754,1.0,6.0,5.0,90.16990661621094,6.9385528564453125,83.23135375976562,,
Otsu,test_vienna16_4096_4096,test,vienna16.tif,vienna,4096,4096,0.00788782799997989,0.3839360330585454,0.5548465014095106,0.47745978692291624,0.6621712646758457,0.5548465014095106,5.0,19.0,14.0,73.0438232421875,52.66838073730469,20.375442504882812,,
Otsu,test_vienna19_1024_512,test,vienna19.tif,vienna,512,1024,0.007085780000011255,0.3554867231256479,0.5245152417368174,0.4031653245479933,0.7503718822430553,0.5245152417368174,1.0,17.0,16.0,82.09495544433594,44.10858154296875,37.98637390136719,,
Otsu,test_vienna19_1024_1024,test,vienna19.tif,vienna,1024,1024,0.0073440879999679964,0.3065541555889493,0.46925594974785456,0.3329955066055589,0.7942667664990908,0.46925594974785456,1.0,9.0,8.0,85.06546020507812,35.663604736328125,49.40185546875,,
Otsu,test_vienna19_2048_1536,test,vienna19.tif,vienna,1536,2048,0.007677804999957516,0.30710070122766253,0.4698960086842975,0.33184896805503705,0.8046076096677909,0.46989600868429743,2.0,25.0,23.0,85.83526611328125,35.40153503417969,50.43373107910156,,
Otsu,test_vienna19_2560_1536,test,vienna19.tif,vienna,1536,2560,0.007652326999959769,0.36525962637571235,0.5350771667442465,0.39530438433127446,0.8277580869906762,0.5350771667442465,3.0,20.0,17.0,85.41526794433594,40.79093933105469,44.62432861328125,,
Otsu,test_vienna19_2560_4096,test,vienna19.tif,vienna,4096,2560,0.007591742999920825,0.05130364684225091,0.09760005493436488,0.05238093288181122,0.7138392857142857,0.09760005493436488,2.0,2.0,0.0,93.15910339355469,6.8359375,86.32316589355469,,
Otsu,test_vienna19_3072_2560,test,vienna19.tif,vienna,2560,3072,0.007174168999995345,0.10817690237541763,0.19523399584224593,0.10833757499395041,0.9864757056566501,0.19523399584224593,1.0,7.0,6.0,91.43295288085938,10.041427612304688,81.39152526855469,,
Otsu,test_vienna19_3072_3584,test,vienna19.tif,vienna,3584,3072,0.007028102999925068,0.0,0.0,0.0,0.0,0.0,1.0,0.0,1.0,94.48356628417969,0.0,94.48356628417969,,
Otsu,test_vienna19_4096_0,test,vienna19.tif,vienna,0,4096,0.0076611979999370305,0.07160656846444631,0.13364339221446658,0.07485040019525825,0.6229686186606893,0.13364339221446658,3.0,10.0,7.0,90.65017700195312,10.8917236328125,79.75845336914062,,
Otsu,test_vienna19_4096_1024,test,vienna19.tif,vienna,1024,4096,0.010247331999948983,0.0006206563935514987,0.0012405428362601979,0.0006206563935514987,1.0,0.0012405428362601979,1.0,1.0,0.0,96.49581909179688,0.0598907470703125,96.43592834472656,,
Otsu,test_vienna19_4096_3072,test,vienna19.tif,vienna,3072,4096,0.00781538300009288,0.15306807482909657,0.2654970303497194,0.18502226620484907,0.46986165387080153,0.26549703034971933,6.0,6.0,0.0,77.09503173828125,30.358505249023438,46.73652648925781,,
Otsu,test_vienna27_0_3584,test,vienna27.tif,vienna,3584,0,0.007667253999898094,0.5769567072320761,0.7317343647876912,0.6378486669748805,0.8580286078637075,0.7317343647876912,2.0,8.0,6.0,81.68678283691406,60.72502136230469,20.961761474609375,,
Otsu,test_vienna27_512_2560,test,vienna27.tif,vienna,2560,512,0.0074223369999799615,0.3725481194597933,0.5428561872299539,0.4084231235559216,0.8092082600576536,0.542856187229954,2.0,17.0,15.0,83.37593078613281,42.081451416015625,41.29447937011719,,
Otsu,test_vienna27_512_4096,test,vienna27.tif,vienna,4096,512,0.0076366119999420334,0.4112621143871144,0.5828288171197993,0.46664020792697386,0.7760596938036286,0.5828288171197993,4.0,20.0,16.0,78.81584167480469,47.391510009765625,31.424331665039062,,
Otsu,test_vienna27_1024_1536,test,vienna27.tif,vienna,1536,1024,0.007410608999975921,0.07974286402005296,0.14770713783309056,0.08902592709279268,0.4333461130781895,0.14770713783309056,3.0,25.0,22.0,82.33489990234375,16.914749145507812,65.42015075683594,,
Otsu,test_vienna27_3072_0,test,vienna27.tif,vienna,0,3072,0.00694792799993138,0.16754000450755013,0.2869965977366503,0.16778106926223726,0.9914971657219073,0.2869965977366503,1.0,2.0,1.0,94.64836120605469,16.016387939453125,78.63197326660156,,
Otsu,test_vienna27_3072_512,test,vienna27.tif,vienna,512,3072,0.007044532000008985,0.28392522662706343,0.4422768876859743,0.2849153124188917,0.9879087860885721,0.44227688768597434,1.0,2.0,1.0,91.12472534179688,26.280593872070312,64.84413146972656,,
Otsu,test_vienna27_3072_2560,test,vienna27.tif,vienna,2560,3072,0.0071979029999056365,0.09790394790394791,0.17834701859094362,0.09987170917424718,0.832468161683278,0.17834701859094362,2.0,7.0,5.0,91.88041687011719,11.02294921875,80.85746765136719,,
Otsu,test_vienna27_3072_3072,test,vienna27.tif,vienna,3072,3072,0.007195839999894815,0.40159412178114073,0.5730533762096496,0.44132228347330643,0.8168876638218098,0.5730533762096495,1.0,9.0,8.0,82.4859619140625,44.56291198730469,37.92304992675781,,
Otsu,test_vienna27_3584_2048,test,vienna27.tif,vienna,2048,3584,0.0073197999998910745,0.32028295448158467,0.48517320229639,0.3743811387516249,0.6891017612355426,0.48517320229638994,2.0,11.0,9.0,81.28852844238281,44.16313171386719,37.125396728515625,,
Otsu,test_vienna34_0_2048,test,vienna34.tif,vienna,2048,0,0.008213834999992287,0.3687937599287233,0.5388594991080722,0.43404476320019786,0.710412551407014,0.5388594991080722,3.0,18.0,15.0,77.12364196777344,47.12066650390625,30.002975463867188,,
Otsu,test_vienna34_1536_3584,test,vienna34.tif,vienna,3584,1536,0.007050030999948831,0.45163883147633416,0.6222468312135354,0.4522637970889223,0.9969496739909451,0.6222468312135354,1.0,10.0,9.0,96.21009826660156,43.645477294921875,52.56462097167969,,
Otsu,test_vienna34_1536_4096,test,vienna34.tif,vienna,4096,1536,0.007588764999923114,0.22527729854575876,0.36771643253838615,0.23934760882046485,0.7930529134080181,0.3677164325383862,2.0,26.0,24.0,89.69688415527344,27.070999145507812,62.625885009765625,,
Otsu,test_vienna34_2048_512,test,vienna34.tif,vienna,512,2048,0.007668792999993457,0.2551875741185318,0.4066126519739328,0.25519200286934085,0.9999319974612385,0.40661265197393276,3.0,4.0,1.0,65.94161987304688,16.82891845703125,49.112701416015625,,
Otsu,test_vienna34_2048_1536,test,vienna34.tif,vienna,1536,2048,0.0070427990000325735,0.2658335783593061,0.4200134723932081,0.2726794862404295,0.9137069762069762,0.4200134723932081,1.0,69.0,68.0,88.53645324707031,26.422119140625,62.11433410644531,,
Otsu,test_vienna34_2560_2560,test,vienna34.tif,vienna,2560,2560,0.0074656529999401755,0.29177017716758935,0.4517369766305361,0.2939919367755339,0.974752685561692,0.451736976630536,2.0,31.0,29.0,83.35990905761719,25.14190673828125,58.21800231933594,,
Otsu,test_vienna34_2560_3584,test,vienna34.tif,vienna,3584,2560,0.0072042090000650205,0.2695123664399693,0.42459195131080046,0.2827046096770279,0.8524103864197692,0.42459195131080046,1.0,24.0,23.0,88.01727294921875,29.191207885742188,58.82606506347656,,
Otsu,test_vienna34_3584_512,test,vienna34.tif,vienna,512,3584,0.007724810000013349,0.08688105723315882,0.15987224481458787,0.09508537097166081,0.5017249417249418,0.15987224481458787,4.0,23.0,19.0,86.35139465332031,16.36505126953125,69.98634338378906,,
Otsu,test_vienna34_4096_1536,test,vienna34.tif,vienna,1536,4096,0.008055566999928487,0.016102702679663624,0.03169502971933372,0.01619644947076451,0.7355919003115264,0.03169502971933372,5.0,22.0,17.0,88.98200988769531,1.959228515625,87.02278137207031,,
Otsu,test_vienna7_0_1024,test,vienna7.tif,vienna,1024,0,0.009950703999948018,0.30159769086917637,0.46342689908703893,0.32428073120197226,0.8117361285875286,0.463426899087039,1.0,21.0,20.0,87.27035522460938,34.86366271972656,52.40669250488281,,
Otsu,test_vienna7_512_0,test,vienna7.tif,vienna,0,512,0.007562438000036309,0.09956697750297074,0.1811021602869148,0.12171737813735677,0.35363969325855554,0.1811021602869148,1.0,15.0,14.0,77.46772766113281,26.6632080078125,50.80451965332031,,
Otsu,test_vienna7_512_2048,test,vienna7.tif,vienna,2048,512,0.00749175800001467,0.14886023141598026,0.259144197606194,0.14903732994398156,0.9920806745670009,0.259144197606194,1.0,22.0,21.0,89.13917541503906,13.39111328125,75.74806213378906,,
Otsu,test_vienna7_1024_0,test,vienna7.tif,vienna,0,1024,0.007538980000049378,0.1783837485947345,0.302760028399006,0.18741759449164958,0.7872692307692307,0.30276002839900606,1.0,16.0,15.0,83.3251953125,19.83642578125,63.48876953125,,
Otsu,test_vienna7_1536_512,test,vienna7.tif,vienna,512,1536,0.00730803500005095,0.47158499773725043,0.6409211815319842,0.4737177564487103,0.9905433877211034,0.6409211815319843,2.0,7.0,5.0,81.396484375,38.92707824707031,42.46940612792969,,
Otsu,test_vienna7_1536_3584,test,vienna7.tif,vienna,3584,1536,0.00832902800004831,0.39274330196117907,0.5639851958478509,0.4307115588059427,0.8166912322626222,0.5639851958478508,2.0,21.0,19.0,82.93533325195312,43.73893737792969,39.19639587402344,,
Otsu,test_vienna7_2048_512,test,vienna7.tif,vienna,512,2048,0.007162819999962267,0.26196713405887423,0.41517267286717274,0.27222576124347053,0.874239655219443,0.41517267286717274,1.0,29.0,28.0,89.82467651367188,27.970123291015625,61.85455322265625,,
Otsu,test_vienna7_2048_3072,test,vienna7.tif,vienna,3072,2048,0.007276817000047231,0.4560939855922265,0.6264622889802305,0.5094239000771875,0.8133196904968183,0.6264622889802305,1.0,12.0,11.0,81.54487609863281,51.07574462890625,30.469131469726562,,
Otsu,test_vienna7_2560_2560,test,vienna7.tif,vienna,2560,2560,0.008061883999971542,0.44326846286410826,0.6142564245940215,0.5078201745093129,0.7771407516580693,0.6142564245940215,1.0,12.0,11.0,79.21905517578125,51.76544189453125,27.45361328125,,
Otsu,test_vienna7_2560_3584,test,vienna7.tif,vienna,3584,2560,0.0074148060000425176,0.5054083068513774,0.671456779600824,0.5567764187037072,0.845633645582121,0.6714567796008238,2.0,6.0,4.0,80.96160888671875,53.30619812011719,27.655410766601562,,
Otsu,test_vienna7_2560_4096,test,vienna7.tif,vienna,4096,2560,0.0073563540000805006,0.4906967149923532,0.6583454703525933,0.6134514196405314,0.7103293097103835,0.6583454703525932,2.0,6.0,4.0,73.22311401367188,63.23661804199219,9.986495971679688,,
Otsu,test_vienna7_3072_1024,test,vienna7.tif,vienna,1024,3072,0.0072181090000640324,0.25231024456838713,0.4029516578064035,0.2672334506252774,0.818780843427546,0.4029516578064035,1.0,16.0,15.0,83.36753845214844,27.20947265625,56.15806579589844,,
Otsu,test_vienna7_3072_4096,test,vienna7.tif,vienna,4096,3072,0.007461746999979368,0.4604322380958817,0.6305424189980843,0.5052853286396582,0.8383688402884307,0.6305424189980843,3.0,16.0,13.0,77.15530395507812,46.50154113769531,30.653762817382812,,
Otsu,test_vienna7_3584_2048,test,vienna7.tif,vienna,2048,3584,0.007214899999894442,0.34404423011096524,0.5119537324788198,0.358706896941168,0.8938055089658589,0.5119537324788198,1.0,17.0,16.0,84.44175720214844,33.88862609863281,50.553131103515625,,
Otsu,test_vienna7_4096_2048,test,vienna7.tif,vienna,2048,4096,0.007907770999963759,0.3249822045407898,0.49054576495753255,0.36660377451439213,0.7410970363288719,0.4905457649575326,5.0,16.0,11.0,77.43568420410156,38.3056640625,39.13002014160156,,
Otsu,test_vienna7_4096_3584,test,vienna7.tif,vienna,3584,4096,0.007181153000033191,0.38189980699840564,0.5527170711861114,0.4322709636362773,0.7662106991034976,0.5527170711861114,2.0,11.0,9.0,80.32493591308594,45.31669616699219,35.00823974609375,,
SVM,test_austin15_512_512,test,austin15.tif,austin,512,512,0.057238383999902,0.1976554868121133,0.33007069059271343,0.20273254123861184,0.8875470471961225,0.33007069059271343,8.0,30.0,22.0,61.67640686035156,14.088058471679688,47.588348388671875,0.5,
SVM,test_austin15_1536_0,test,austin15.tif,austin,0,1536,0.05407153900000594,0.28122077952821145,0.4389887894758722,0.29117747984019215,0.8915886447642456,0.4389887894758721,2.0,53.0,51.0,62.25433349609375,20.331192016601562,41.92314147949219,0.5,
SVM,test_austin15_1536_3584,test,austin15.tif,austin,3584,1536,0.05666983700007222,0.09994456518006505,0.181726549398794,0.10102648021422196,0.9032186557900337,0.181726549398794,3.0,19.0,16.0,76.92718505859375,8.60443115234375,68.32275390625,0.5,
SVM,test_austin15_2560_512,test,austin15.tif,austin,512,2560,0.05375502100014273,0.205385385100561,0.3407796172730706,0.2066969250079941,0.9700315810692768,0.3407796172730706,1.0,34.0,33.0,79.92897033691406,17.031478881835938,62.897491455078125,0.5,
SVM,test_austin15_3072_2560,test,austin15.tif,austin,2560,3072,0.05652679700006047,0.2638969350878645,0.4175924915420714,0.265589427508468,0.9764213534755537,0.41759249154207134,1.0,31.0,30.0,82.43865966796875,22.423553466796875,60.015106201171875,0.5,
SVM,test_austin15_3072_4096,test,austin15.tif,austin,4096,3072,0.05397573699997338,0.15901052355792322,0.27439012903833476,0.15988759789904666,0.9666522878853236,0.27439012903833476,2.0,18.0,16.0,69.50492858886719,11.496353149414062,58.008575439453125,0.5,
SVM,test_austin15_3584_2048,test,austin15.tif,austin,2048,3584,0.059792916999867884,0.24559619595714965,0.39434320168010295,0.24794264976487426,0.9628961820948851,0.394343201680103,1.0,30.0,29.0,89.556884765625,23.06060791015625,66.49627685546875,0.5,
SVM,test_austin15_3584_2560,test,austin15.tif,austin,2560,3584,0.05823731200007387,0.26295982115657707,0.4164183479974321,0.26715423695725665,0.9436577079619227,0.41641834799743205,1.0,38.0,37.0,80.11665344238281,22.681427001953125,57.43522644042969,0.5,
SVM,test_austin15_3584_4096,test,austin15.tif,austin,4096,3584,0.05492965500002356,0.09637899408954007,0.17581328100795207,0.09675256032826761,0.9614819835084152,0.17581328100795207,3.0,6.0,3.0,67.12112426757812,6.754302978515625,60.3668212890625,0.5,
SVM,test_austin16_0_1024,test,austin16.tif,austin,1024,0,0.05706451600008222,0.3601393619319461,0.5295624433960989,0.38617892189479186,0.8422970663169324,0.5295624433960989,1.0,3.0,2.0,77.39753723144531,35.48545837402344,41.912078857421875,0.5,
SVM,test_austin16_512_512,test,austin16.tif,austin,512,512,0.05601473499996246,0.32640700754119545,0.49216719405948695,0.33781852335837964,0.9062153391118597,0.49216719405948695,4.0,8.0,4.0,74.7314453125,27.858352661132812,46.87309265136719,0.5,
SVM,test_austin16_1024_0,test,austin16.tif,austin,0,1024,0.05610085899979822,0.0028339889104781763,0.005651960228346754,0.0028373774660985585,0.7035294117647058,0.005651960228346754,10.0,3.0,7.0,40.19889831542969,0.1621246337890625,40.036773681640625,0.5,
SVM,test_austin16_1024_3072,test,austin16.tif,austin,3072,1024,0.05467341899998246,0.06334052270997209,0.11913497390007458,0.06391831770316551,0.8751095530236634,0.11913497390007459,5.0,6.0,1.0,59.59129333496094,4.352569580078125,55.23872375488281,0.5,
SVM,test_austin16_1536_0,test,austin16.tif,austin,0,1536,0.056396537999944485,0.0,0.0,0.0,0.0,0.0,1.0,0.0,1.0,36.01570129394531,0.0,36.01570129394531,0.5,
SVM,test_austin16_1536_2048,test,austin16.tif,austin,2048,1536,0.05644096100013485,0.15279908924417165,0.26509231429798197,0.15325423223948767,0.9809342230695901,0.26509231429798197,10.0,5.0,5.0,61.4715576171875,9.6038818359375,51.86767578125,0.5,
SVM,test_austin16_1536_2560,test,austin16.tif,austin,2560,1536,0.05508698700009518,0.35531421111796063,0.5243274337467058,0.40148188616109537,0.7554935876018402,0.5243274337467058,11.0,5.0,6.0,55.86051940917969,29.685211181640625,26.175308227539062,0.5,
SVM,test_austin16_2048_3072,test,austin16.tif,austin,3072,2048,0.06288319099985529,0.44278059584196616,0.6137878442752023,0.48686525892408244,0.8302210314802412,0.6137878442752023,3.0,6.0,3.0,72.83935546875,42.71507263183594,30.124282836914062,0.5,
SVM,test_austin16_2048_3584,test,austin16.tif,austin,3584,2048,0.05418042200017226,0.5467898118291337,0.7069995000581694,0.6297211159841598,0.8058980387659135,0.7069995000581694,5.0,6.0,1.0,68.10493469238281,53.216552734375,14.888381958007812,0.5,
SVM,test_austin16_2560_0,test,austin16.tif,austin,0,2560,0.05544839000003776,0.233707567949781,0.3788702833981387,0.23584794270900178,0.9626199555797679,0.3788702833981388,5.0,6.0,1.0,74.30839538574219,18.206024169921875,56.10237121582031,0.5,
SVM,test_austin16_2560_3072,test,austin16.tif,austin,3072,2560,0.05690942800015364,0.024255549539794263,0.04736230045459351,0.024373911878933976,0.8331902718168812,0.047362300454593505,3.0,1.0,2.0,45.574951171875,1.3332366943359375,44.24171447753906,0.5,
SVM,test_austin16_3072_1536,test,austin16.tif,austin,1536,3072,0.055847878999884415,0.0,0.0,0.0,0.0,0.0,8.0,0.0,8.0,49.506378173828125,0.0,49.506378173828125,0.5,
SVM,test_austin16_3072_3072,test,austin16.tif,austin,3072,3072,0.05628749000015887,0.0,0.0,0.0,0.0,0.0,1.0,0.0,1.0,17.325973510742188,0.0,17.325973510742188,0.5,
SVM,test_austin16_3072_3584,test,austin16.tif,austin,3584,3072,0.05512460199997804,0.0,0.0,0.0,0.0,0.0,2.0,0.0,2.0,11.996078491210938,0.0,11.996078491210938,0.5,
SVM,test_austin16_3584_0,test,austin16.tif,austin,0,3584,0.05511308500013001,0.04970726401777243,0.09470690681422367,0.04970841432935296,0.9995346672871103,0.09470690681422367,1.0,6.0,5.0,82.42034912109375,4.0988922119140625,78.32145690917969,0.5,
SVM,test_austin16_4096_0,test,austin16.tif,austin,0,4096,0.05608660799998688,0.2069696159305507,0.34295745841287156,0.21031507543728542,0.9286291159978771,0.34295745841287156,1.0,9.0,8.0,72.99461364746094,16.531753540039062,56.462860107421875,0.5,
SVM,test_austin16_4096_2560,test,austin16.tif,austin,2560,4096,0.05603012500000659,0.1309463666550082,0.23156954302317145,0.13168213220319847,0.9590765338393422,0.2315695430231714,1.0,7.0,6.0,87.85133361816406,12.06207275390625,75.78926086425781,0.5,
SVM,test_austin17_0_3072,test,austin17.tif,austin,3072,0,0.0572693630001595,0.3503423263037282,0.5188940900085907,0.38886582334361647,0.7795629820051414,0.5188940900085905,4.0,20.0,16.0,72.58567810058594,36.20758056640625,36.37809753417969,0.5,
SVM,test_austin17_1024_3584,test,austin17.tif,austin,3584,1024,0.05543281699988256,0.27059568745748985,0.42593515801861737,0.2788600964188065,0.9012883700821444,0.4259351580186174,1.0,20.0,19.0,71.29402160644531,22.058486938476562,49.23553466796875,0.5,
SVM,test_austin17_1536_1024,test,austin17.tif,austin,1024,1536,0.05600894999997763,0.1708127439698549,0.29178490727848255,0.1734873354989888,0.9172169382686133,0.29178490727848255,3.0,20.0,17.0,66.58287048339844,12.593841552734375,53.98902893066406,0.5,
SVM,test_austin17_2048_512,test,austin17.tif,austin,512,2048,0.054235892999940916,0.32443917527785093,0.4899268782347632,0.3405908443706913,0.8724727430168331,0.4899268782347632,3.0,47.0,44.0,74.48043823242188,29.075241088867188,45.40519714355469,0.5,
SVM,test_austin17_2560_512,test,austin17.tif,austin,512,2560,0.054527799999959825,0.25374655040883093,0.40478125395613235,0.25996506522731205,0.9138516005310517,0.40478125395613235,2.0,43.0,41.0,72.72377014160156,20.6878662109375,52.03590393066406,0.5,
SVM,test_austin17_3072_512,test,austin17.tif,austin,512,3072,0.05705211899999085,0.3541376689272564,0.5230452959894442,0.36218027995537677,0.9409951736438988,0.5230452959894442,4.0,54.0,50.0,75.57029724121094,29.0863037109375,46.48399353027344,0.5,
SVM,test_austin17_3584_4096,test,austin17.tif,austin,4096,3584,0.05519783199997619,0.370312115258019,0.5404784955700288,0.416023078833864,0.7711812968311775,0.5404784955700288,3.0,7.0,4.0,67.57049560546875,36.45172119140625,31.1187744140625,0.5,
SVM,test_austin17_4096_4096,test,austin17.tif,austin,4096,4096,0.05465520700022353,0.18786733170251294,0.3163102927214132,0.19693067658322697,0.8032282163312431,0.3163102927214132,5.0,10.0,5.0,68.72940063476562,16.850662231445312,51.87873840332031,0.5,
SVM,test_austin3_0_2560,test,austin3.tif,austin,2560,0,0.05466984899999261,0.23841576694219327,0.38503348117227587,0.24233716475095785,0.936442470389171,0.38503348117227587,5.0,21.0,16.0,69.69451904296875,18.035888671875,51.65863037109375,0.5,
SVM,test_austin3_1024_3072,test,austin3.tif,austin,3072,1024,0.05395935399997143,0.17117374563831067,0.2923114461467336,0.17200243825030354,0.9726242023701003,0.29231144614673366,1.0,23.0,22.0,75.72288513183594,13.39111328125,62.33177185058594,0.5,
SVM,test_austin3_1536_3072,test,austin3.tif,austin,3072,1536,0.054283887999872604,0.18935339434050444,0.3184140142728575,0.19167378830423637,0.9399087031355234,0.3184140142728575,2.0,17.0,15.0,74.9908447265625,15.292739868164062,59.69810485839844,0.5,
SVM,test_austin3_2048_1536,test,austin3.tif,austin,1536,2048,0.05535935599982622,0.21557377488699309,0.3546864523414617,0.22272266449500575,0.8704020437766568,0.35468645234146173,2.0,26.0,24.0,68.85795593261719,17.619705200195312,51.238250732421875,0.5,
SVM,test_austin3_2560_3072,test,austin3.tif,austin,3072,2560,0.055805578999979844,0.24826577674453484,0.3977771102433163,0.25491716718368423,0.9048967159982818,0.3977771102433163,2.0,40.0,38.0,69.35577392578125,19.538116455078125,49.817657470703125,0.5,
SVM,test_austin3_3072_0,test,austin3.tif,austin,0,3072,0.0557036820000576,0.025463140691667305,0.049661737572532554,0.025463140691667305,1.0,0.04966173757253256,5.0,6.0,1.0,69.55795288085938,1.7711639404296875,67.78678894042969,0.5,
SVM,test_austin3_3072_3072,test,austin3.tif,austin,3072,3072,0.05513259000008475,0.24687461611875985,0.39598948110312004,0.24824218007677398,0.9781721517091617,0.39598948110312004,2.0,51.0,49.0,80.2947998046875,20.377349853515625,59.917449951171875,0.5,
SVM,test_austin3_4096_1024,test,austin3.tif,austin,1024,4096,0.06256703899998683,0.2235211522782861,0.36537358077066884,0.22527618004199762,0.9663200767588949,0.36537358077066884,2.0,32.0,30.0,83.56475830078125,19.481277465820312,64.08348083496094,0.5,
SVM,test_austin3_4096_4096,test,austin3.tif,austin,4096,4096,0.07252372700008891,0.234111614858363,0.37940103964620997,0.23649949218938918,0.9586551656537934,0.3794010396462099,1.0,33.0,32.0,78.87649536132812,19.458770751953125,59.417724609375,0.5,
SVM,test_austin30_512_1024,test,austin30.tif,austin,1024,512,0.05505430800008071,0.2960465643661652,0.4568455679074271,0.3008095528257541,0.9492308686659773,0.4568455679074271,2.0,64.0,62.0,74.49836730957031,23.6083984375,50.88996887207031,0.5,
SVM,test_austin30_512_2560,test,austin30.tif,austin,2560,512,0.05464561799999501,0.295460290491681,0.45614719750235116,0.3600323175196304,0.6222693512772847,0.4561471975023511,2.0,1.0,1.0,75.54435729980469,43.70841979980469,31.8359375,0.5,
SVM,test_austin30_512_3072,test,austin30.tif,austin,3072,512,0.055994932000203335,0.1717956225376132,0.29321772369413124,0.17232318131933244,0.9824917011838665,0.29321772369413124,3.0,34.0,31.0,74.03678894042969,12.985610961914062,61.051177978515625,0.5,
SVM,test_austin30_1536_1536,test,austin30.tif,austin,1536,1536,0.056307479999986754,0.07946176243898262,0.14722478406172215,0.0795043163464216,0.9933092466211696,0.14722478406172215,6.0,16.0,10.0,71.23260498046875,5.701446533203125,65.53115844726562,0.5,
SVM,test_austin30_1536_3584,test,austin30.tif,austin,3584,1536,0.05604859699997178,0.29962218871106355,0.46109121760720656,0.306038623339627,0.9346011835516665,0.4610912176072065,4.0,19.0,15.0,69.09713745117188,22.626113891601562,46.47102355957031,0.5,
SVM,test_austin30_1536_4096,test,austin30.tif,austin,4096,1536,0.05500812700006463,0.17738324125678406,0.3013177613560023,0.1806017580702113,0.9087055449926752,0.3013177613560023,10.0,22.0,12.0,61.57951354980469,12.238693237304688,49.3408203125,0.5,
SVM,test_austin30_2048_2048,test,austin30.tif,austin,2048,2048,0.05496510600005422,0.2793096211822635,0.43665679763143156,0.2831076523994812,0.9541703094946669,0.43665679763143156,1.0,57.0,56.0,73.52828979492188,21.816253662109375,51.7120361328125,0.5,
SVM,test_austin30_2048_4096,test,austin30.tif,austin,4096,2048,0.05408966499999224,0.23075182789506699,0.3749770224428068,0.23190248086770945,0.9789498942041315,0.3749770224428068,1.0,39.0,38.0,73.82240295410156,17.487716674804688,56.334686279296875,0.5,
SVM,test_austin30_3072_512,test,austin30.tif,austin,512,3072,0.05486317300005794,0.3395146172163956,0.5069218549058174,0.35721710761291975,0.8726283027959005,0.5069218549058174,4.0,5.0,1.0,71.55952453613281,29.293441772460938,42.266082763671875,0.5,
SVM,test_austin30_3072_1024,test,austin30.tif,austin,1024,3072,0.05624588099999528,0.2877759689780688,0.4469348332481109,0.29117256504097017,0.9610433242215537,0.4469348332481109,3.0,30.0,27.0,82.44819641113281,24.979782104492188,57.468414306640625,0.5,
SVM,test_austin30_3072_2560,test,austin30.tif,austin,2560,3072,0.05512268999996195,0.24817349649261114,0.3976586543296792,0.2508348643408886,0.9590003298601005,0.39765865432967923,3.0,41.0,38.0,75.16403198242188,19.659805297851562,55.50422668457031,0.5,
SVM,test_austin30_3584_512,test,austin30.tif,austin,512,3584,0.054564598999832015,0.19672750862225874,0.32877577761831966,0.19840347169598185,0.9588290153083274,0.32877577761831966,4.0,9.0,5.0,81.04743957519531,16.770553588867188,64.27688598632812,0.5,
SVM,test_austin30_3584_3072,test,austin30.tif,austin,3072,3584,0.05716542900017885,0.2510413143495202,0.4013317729319744,0.25177973977695167,0.9884522767075307,0.40133177293197436,1.0,42.0,41.0,82.09228515625,20.91064453125,61.181640625,0.5,
SVM,test_austin30_4096_3584,test,austin30.tif,austin,3584,4096,0.05440088500017737,0.27441043380426255,0.43064687250733763,0.2758807157846693,0.9809486849300569,0.43064687250733763,1.0,41.0,40.0,76.89247131347656,21.625137329101562,55.267333984375,0.5,
SVM,test_austin33_0_0,test,austin33.tif,austin,0,0,0.05601177399989865,0.2903873524605483,0.45007780323765456,0.29098557461439467,0.9929700942236788,0.4500778032376545,4.0,10.0,6.0,79.43878173828125,23.279190063476562,56.15959167480469,0.5,
SVM,test_austin33_0_512,test,austin33.tif,austin,512,0,0.05485063300011461,0.18300387954923333,0.30938846898619526,0.18322147651006712,0.9935522696011004,0.30938846898619526,5.0,6.0,1.0,72.18551635742188,13.311767578125,58.873748779296875,0.5,
SVM,test_austin33_1024_0,test,austin33.tif,austin,0,1024,0.0567834490000223,0.26482025037003587,0.41874764464367176,0.2668648686911588,0.971882077816856,0.41874764464367176,1.0,47.0,46.0,75.44631958007812,20.716476440429688,54.72984313964844,0.5,
SVM,test_austin33_1024_4096,test,austin33.tif,austin,4096,1024,0.05560238700013542,0.13550394313225492,0.23866749904623175,0.13673642744663622,0.937629866812004,0.23866749904623172,3.0,12.0,9.0,76.79252624511719,11.198806762695312,65.59371948242188,0.5,
SVM,test_austin33_1536_1536,test,austin33.tif,austin,1536,1536,0.05485672300005717,0.33911571821451236,0.506477093206951,0.3429789985688407,0.9678523030685218,0.506477093206951,2.0,15.0,13.0,80.23033142089844,28.431320190429688,51.79901123046875,0.5,
SVM,test_austin33_3584_0,test,austin33.tif,austin,0,3584,0.0554486859998633,0.0,0.0,0.0,0.0,0.0,4.0,0.0,4.0,67.47779846191406,0.0,67.47779846191406,0.5,
SVM,test_austin33_3584_1024,test,austin33.tif,austin,1024,3584,0.05617002899998624,0.0,0.0,0.0,0.0,0.0,2.0,0.0,2.0,88.26522827148438,0.0,88.26522827148438,0.5,
SVM,test_austin35_0_0,test,austin35.tif,austin,0,0,0.05425475699985327,0.21613197885238186,0.3554416504306342,0.2244651553219992,0.8534111526438892,0.3554416504306342,5.0,16.0,11.0,66.34864807128906,17.451095581054688,48.897552490234375,0.5,
SVM,test_austin35_0_4096,test,austin35.tif,austin,4096,0,0.056070865000037884,0.23774738535800483,0.3841614018667291,0.2394580753897514,0.9708278580814718,0.38416140186672904,3.0,12.0,9.0,70.61691284179688,17.41790771484375,53.199005126953125,0.5,
SVM,test_austin35_1536_0,test,austin35.tif,austin,0,1536,0.05584070400004748,0.026074765281145496,0.05082429889794821,0.026113476809759464,0.9462051709758131,0.05082429889794821,5.0,4.0,1.0,66.29180908203125,1.82952880859375,64.4622802734375,0.5,
SVM,test_austin35_2048_2560,test,austin35.tif,austin,2560,2048,0.055053330000191636,0.27249364013297195,0.4282829108748978,0.2737754872700853,0.9831077910621445,0.4282829108748977,3.0,49.0,46.0,72.98316955566406,20.324325561523438,52.658843994140625,0.5,
SVM,test_austin35_2560_0,test,austin35.tif,austin,0,2560,0.05685865200007356,0.014184982062595356,0.027973165277495427,0.01425197829059121,0.7510917030567685,0.027973165277495427,12.0,5.0,7.0,36.83013916015625,0.6988525390625,36.13128662109375,0.5,
SVM,test_austin35_2560_3072,test,austin35.tif,austin,3072,2560,0.056421551999847,0.10298674900867479,0.18674158887445494,0.10463771223500601,0.8671498714051905,0.18674158887445494,7.0,24.0,17.0,67.60444641113281,8.157730102539062,59.44671630859375,0.5,
SVM,test_austin35_3584_3072,test,austin35.tif,austin,3072,3584,0.05577485699996032,0.11602277957973388,0.2079218842171396,0.1163384801987903,0.9771456905878111,0.2079218842171396,5.0,3.0,2.0,71.07810974121094,8.4625244140625,62.61558532714844,0.5,
SVM,test_austin9_0_1024,test,austin9.tif,austin,1024,0,0.05510534599989114,0.30617332152027993,0.4688096387758387,0.3110750593751748,0.9510534090025655,0.46880963877583876,3.0,51.0,48.0,75.00877380371094,24.534225463867188,50.47454833984375,0.5,
SVM,test_austin9_0_2048,test,austin9.tif,austin,2048,0,0.05399718200010284,0.2601798360044726,0.4129249311422075,0.2632819608601157,0.9566759173604688,0.4129249311422076,1.0,49.0,48.0,80.91392517089844,22.267913818359375,58.64601135253906,0.5,
SVM,test_austin9_0_4096,test,austin9.tif,austin,4096,0,0.0570816570000261,0.035108118426989694,0.0678346885740632,0.03520669211402583,0.9261406989165267,0.0678346885740632,4.0,5.0,1.0,65.75851440429688,2.4997711181640625,63.25874328613281,0.5,
SVM,test_austin9_1024_512,test,austin9.tif,austin,512,1024,0.05651495899996917,0.3389403209289995,0.5062814460525499,0.34449328500935134,0.9546013527362165,0.5062814460525499,5.0,64.0,59.0,72.20382690429688,26.056671142578125,46.14715576171875,0.5,
SVM,test_austin9_1024_4096,test,austin9.tif,austin,4096,1024,0.05539386899999954,0.08720873927443878,0.16042685479632648,0.08765995142441337,0.9442667645362555,0.16042685479632646,1.0,20.0,19.0,78.37409973144531,7.2757720947265625,71.09832763671875,0.5,
SVM,test_austin9_1536_0,test,austin9.tif,austin,0,1536,0.05441354200002024,0.2576193497302428,0.4096936800240895,0.2600971230523253,0.9643402860877409,0.4096936800240895,3.0,45.0,42.0,76.82571411132812,20.721054077148438,56.10466003417969,0.5,
SVM,test_austin9_1536_2048,test,austin9.tif,austin,2048,1536,0.05509963899999093,0.3649936498395494,0.5347917184559111,0.37969219597797366,0.9041089311015585,0.5347917184559111,2.0,22.0,20.0,75.64849853515625,31.769561767578125,43.878936767578125,0.5,
SVM,test_austin9_2048_512,test,austin9.tif,austin,512,2048,0.05692496300002858,0.24101939473437647,0.388421640720552,0.2431713231019374,0.9645836848716651,0.388421640720552,1.0,49.0,48.0,80.70793151855469,20.346450805664062,60.361480712890625,0.5,
SVM,test_austin9_2560_0,test,austin9.tif,austin,0,2560,0.05570783500002108,0.2670972266563388,0.4215891583334366,0.269231986663431,0.9711697653618527,0.42158915833343663,4.0,37.0,33.0,72.30911254882812,20.045852661132812,52.26325988769531,0.5,
SVM,test_austin9_2560_1024,test,austin9.tif,austin,1024,2560,0.05770290800001021,0.25355774220589994,0.4045409854989392,0.25493540699862033,0.9791321438205711,0.4045409854989392,3.0,47.0,44.0,76.03645324707031,19.797515869140625,56.23893737792969,0.5,
SVM,test_austin9_3072_2560,test,austin9.tif,austin,2560,3072,0.05415278600003148,0.07233787771510575,0.1349162035929205,0.07250532251842044,0.9690623209625056,0.13491620359292053,1.0,25.0,24.0,80.09223937988281,5.9925079345703125,74.0997314453125,0.5,
SVM,test_austin9_3072_3584,test,austin9.tif,austin,3584,3072,0.05527797299987469,0.2015236918642061,0.3354468883614522,0.2057214623149642,0.9080555748846055,0.3354468883614522,3.0,39.0,36.0,72.59407043457031,16.446304321289062,56.14776611328125,0.5,
SVM,test_austin9_4096_1536,test,austin9.tif,austin,1536,4096,0.05536752900002284,0.30400509011875065,0.46626365559825556,0.30534096435963853,0.9858128834355828,0.46626365559825556,3.0,9.0,6.0,67.45223999023438,20.892333984375,46.559906005859375,0.5,
SVM,test_chicago22_512_0,test,chicago22.tif,chicago,0,512,0.05492364700012331,0.4690518783542039,0.6385776911836337,0.49113256123514454,0.912533507101284,0.6385776911836337,8.0,1.0,7.0,47.85881042480469,25.757980346679688,22.100830078125,0.5,
SVM,test_chicago22_512_4096,test,chicago22.tif,chicago,4096,512,0.055282488999864654,0.28145454545454546,0.4392735527809308,0.3033981238679679,0.7955624867087262,0.43927355278093083,9.0,3.0,6.0,56.44378662109375,21.52557373046875,34.918212890625,0.5,
SVM,test_chicago22_1024_1024,test,chicago22.tif,chicago,1024,1024,0.055115081999929316,0.41354769583075096,0.5851202574211072,0.46336324849198174,0.7936717537245731,0.5851202574211072,4.0,3.0,1.0,64.82124328613281,37.844085693359375,26.977157592773438,0.5,
SVM,test_chicago22_1024_2048,test,chicago22.tif,chicago,2048,1024,0.05661781999992854,0.21482687578919385,0.3536748816980771,0.22862295777636324,0.7807028136698466,0.35367488169807704,5.0,4.0,1.0,53.936004638671875,15.794754028320312,38.14125061035156,0.5,
SVM,test_chicago22_1024_3072,test,chicago22.tif,chicago,3072,1024,0.055921914000009565,0.2714011850819101,0.42693240853700326,0.272669970059356,0.9831439393939394,0.4269324085370032,10.0,6.0,4.0,43.573760986328125,12.0849609375,31.488800048828125,0.5,
SVM,test_chicago22_1536_1536,test,chicago22.tif,chicago,1536,1536,0.05528313700006038,0.7618983895291084,0.8648607593457602,0.8112566449279334,0.9260498839544326,0.8648607593457603,3.0,3.0,0.0,69.60678100585938,60.97831726074219,8.628463745117188,0.5,
SVM,test_chicago22_1536_3072,test,chicago22.tif,chicago,3072,1536,0.05576506500005962,0.5087169028446851,0.6743702571178193,0.5469964610870814,0.879071067470348,0.6743702571178192,10.0,55.0,45.0,50.44708251953125,31.390380859375,19.05670166015625,0.5,
SVM,test_chicago22_2048_1024,test,chicago22.tif,chicago,1024,2048,0.05591053699981785,0.331331498116488,0.4977445491002683,0.43728547799565937,0.5776040614265509,0.4977445491002683,13.0,9.0,4.0,39.89906311035156,30.206298828125,9.692764282226562,0.5,
SVM,test_chicago22_2560_0,test,chicago22.tif,chicago,0,2560,0.05853488799994011,0.5020793149204525,0.6685123880386327,0.7091448334492619,0.6322839054222835,0.6685123880386327,23.0,5.0,18.0,39.4866943359375,44.28672790527344,4.8000335693359375,0.5,
SVM,test_chicago22_3584_0,test,chicago22.tif,chicago,0,3584,0.05917391000002681,0.19166707731730154,0.3216789000310142,0.2526250838944337,0.4426845230191399,0.3216789000310141,16.0,6.0,10.0,35.239410400390625,20.109939575195312,15.129470825195312,0.5,
SVM,test_chicago22_3584_2048,test,chicago22.tif,chicago,2048,3584,0.05767217100014932,0.3710030238692659,0.541214012529623,0.40015960584296173,0.8358457747499638,0.541214012529623,14.0,8.0,6.0,43.97735595703125,21.0540771484375,22.92327880859375,0.5,
SVM,test_chicago27_0_3072,test,chicago27.tif,chicago,3072,0,0.055268974000000526,0.19099777708671664,0.32073574067268823,0.19670361605845477,0.868151715833835,0.32073574067268823,5.0,4.0,1.0,64.31922912597656,14.573287963867188,49.745941162109375,0.5,
SVM,test_chicago27_0_4096,test,chicago27.tif,chicago,4096,0,0.059694681999872046,0.5138080521259851,0.6788285362921612,0.5889351754727725,0.8011072246818156,0.6788285362921612,8.0,5.0,3.0,63.64250183105469,46.78688049316406,16.855621337890625,0.5,
SVM,test_chicago27_512_1024,test,chicago27.tif,chicago,1024,512,0.06106446700005108,0.43293034829599536,0.6042587468551074,0.4449014488065254,0.9414852001564741,0.6042587468551074,16.0,16.0,0.0,49.52659606933594,23.4039306640625,26.122665405273438,0.5,
SVM,test_chicago27_512_3584,test,chicago27.tif,chicago,3584,512,0.0644223519998377,0.32493761696818463,0.49049496792419517,0.5050584989198554,0.4767477858238889,0.49049496792419517,7.0,3.0,4.0,53.50456237792969,56.68182373046875,3.1772613525390625,0.5,
SVM,test_chicago27_1024_1536,test,chicago27.tif,chicago,1536,1024,0.05965487200001007,0.3986214931860133,0.5700205454128505,0.4002300210304942,0.9900183701006291,0.5700205454128505,10.0,27.0,17.0,58.04443359375,23.465347290039062,34.57908630371094,0.5,
SVM,test_chicago27_1024_2048,test,chicago27.tif,chicago,2048,1024,0.057427327999903355,0.5203758922924008,0.6845358373945085,0.5283337097047366,0.9718695640885843,0.6845358373945085,11.0,28.0,17.0,54.0557861328125,29.386138916015625,24.669647216796875,0.5,
SVM,test_chicago27_1024_4096,test,chicago27.tif,chicago,4096,1024,0.05621839900004488,0.1601070576739839,0.2760211768644848,0.16570667638172648,0.8257222448276942,0.2760211768644848,6.0,2.0,4.0,60.73112487792969,12.187576293945312,48.543548583984375,0.5,
SVM,test_chicago27_1536_1536,test,chicago27.tif,chicago,1536,1536,0.05458298200005629,0.24088665566790118,0.38824924833806856,0.24662181104569667,0.9119606064532849,0.38824924833806856,5.0,5.0,0.0,54.4281005859375,14.719009399414062,39.70909118652344,0.5,
SVM,test_chicago27_2048_512,test,chicago27.tif,chicago,512,2048,0.05784730599998511,0.3895128799902332,0.5606466634450643,0.42842232476378816,0.810922282426609,0.5606466634450643,7.0,77.0,70.0,62.49847412109375,33.01887512207031,29.479598999023438,0.5,
SVM,test_chicago27_2560_2560,test,chicago27.tif,chicago,2560,2560,0.05500766599993767,0.47779037411109965,0.6466280772717763,0.550201756468075,0.7840351767292406,0.6466280772717762,7.0,38.0,31.0,61.071014404296875,42.85697937011719,18.214035034179688,0.5,
SVM,test_chicago27_2560_3584,test,chicago27.tif,chicago,3584,2560,0.05494159300019419,0.332678406966035,0.4992628457504733,0.375604991177212,0.7443054098606324,0.49926284575047336,2.0,59.0,57.0,60.5316162109375,30.54656982421875,29.98504638671875,0.5,
SVM,test_chicago27_4096_1024,test,chicago27.tif,chicago,1024,4096,0.05539912000017466,0.27676682382192197,0.43354325732468163,0.33174014990918854,0.6254916720560638,0.4335432573246816,8.0,6.0,2.0,67.84095764160156,35.98060607910156,31.8603515625,0.5,
SVM,test_chicago27_4096_2048,test,chicago27.tif,chicago,2048,4096,0.05698116099983963,0.33566767721280405,0.5026215471699613,0.4007149512273963,0.674037272378353,0.5026215471699613,2.0,9.0,7.0,60.18562316894531,35.78033447265625,24.405288696289062,0.5,
SVM,test_chicago28_0_3072,test,chicago28.tif,chicago,3072,0,0.059326694999981555,0.4344185050331977,0.6057067773580398,0.5079554561239482,0.7500462238219089,0.6057067773580399,12.0,3.0,9.0,45.697021484375,30.947494506835938,14.749526977539062,0.5,
SVM,test_chicago28_1536_1024,test,chicago28.tif,chicago,1024,1536,0.05769268699987151,0.4035330404710721,0.5750246397272316,0.5073563974804927,0.6635212393188664,0.5750246397272316,11.0,1.0,10.0,32.4615478515625,24.82147216796875,7.64007568359375,0.5,
SVM,test_chicago28_1536_3584,test,chicago28.tif,chicago,3584,1536,0.05729195300000356,0.3182857825216321,0.48287827532025934,0.5279352165036414,0.4449073925464642,0.48287827532025934,25.0,4.0,21.0,50.07476806640625,59.41963195800781,9.344863891601562,0.5,
SVM,test_chicago28_2560_2048,test,chicago28.tif,chicago,2048,2560,0.056236241000078735,0.6836139148455397,0.8120791932374314,0.8624200711878288,0.7672911470448113,0.8120791932374315,12.0,7.0,5.0,48.44207763671875,54.44793701171875,6.005859375,0.5,
SVM,test_chicago28_4096_1024,test,chicago28.tif,chicago,1024,4096,0.05539604699993106,0.4343353466432264,0.6056259404883259,0.4498832607657012,0.9262950795330104,0.6056259404883257,6.0,5.0,1.0,42.31681823730469,20.552444458007812,21.764373779296875,0.5,
SVM,test_chicago28_4096_1536,test,chicago28.tif,chicago,1536,4096,0.05609652699990875,0.36492107508532423,0.5347138112912678,0.39291456132292146,0.8366548477809023,0.5347138112912678,5.0,1.0,4.0,59.7930908203125,28.080368041992188,31.712722778320312,0.5,
SVM,test_chicago28_4096_2048,test,chicago28.tif,chicago,2048,4096,0.056997955000042566,0.4409922841188512,0.6120675162233953,0.4808870925133407,0.8416635842426484,0.6120675162233953,7.0,5.0,2.0,57.7606201171875,33.001708984375,24.7589111328125,0.5,
SVM,test_chicago29_512_2560,test,chicago29.tif,chicago,2560,512,0.05425472700017053,0.37784615668083893,0.5484591365280591,0.4667573319373158,0.6648322256443507,0.5484591365280591,4.0,6.0,2.0,67.03872680664062,47.06573486328125,19.972991943359375,0.5,
SVM,test_chicago29_1536_2560,test,chicago29.tif,chicago,2560,1536,0.05540264599994771,0.22023406378128801,0.360970194683505,0.228587626138554,0.8576817266513515,0.36097019468350505,8.0,4.0,4.0,50.46653747558594,13.450241088867188,37.01629638671875,0.5,
SVM,test_chicago29_2048_2560,test,chicago29.tif,chicago,2560,2048,0.05614680500002578,0.23094349392651406,0.37523004925244946,0.28673220647719055,0.5427441435959842,0.37523004925244946,18.0,5.0,13.0,28.481292724609375,15.04669189453125,13.434600830078125,0.5,
SVM,test_chicago29_2048_3072,test,chicago29.tif,chicago,3072,2048,0.056436549999943963,0.5811162465529964,0.7350708688496401,0.6549258783704914,0.8375660092179658,0.7350708688496401,18.0,8.0,10.0,52.288818359375,40.886688232421875,11.402130126953125,0.5,
SVM,test_chicago29_2560_2048,test,chicago29.tif,chicago,2048,2560,0.0559017699999913,0.4841660446108883,0.6524418832635733,0.5967393592552453,0.71961412977049,0.6524418832635733,17.0,13.0,4.0,48.92616271972656,40.57197570800781,8.35418701171875,0.5,
SVM,test_chicago29_2560_2560,test,chicago29.tif,chicago,2560,2560,0.055695292000109475,0.36908974084386376,0.5391753803024899,0.43871243673689675,0.6993150017855404,0.5391753803024899,12.0,10.0,2.0,37.46070861816406,23.500823974609375,13.959884643554688,0.5,
SVM,test_chicago29_3584_512,test,chicago29.tif,chicago,512,3584,0.05666995100000349,0.4107309496143866,0.5822952274870797,0.5196639269962904,0.6620923913043478,0.5822952274870796,15.0,19.0,4.0,50.07972717285156,39.306640625,10.773086547851562,0.5,
SVM,test_chicago29_4096_1024,test,chicago29.tif,chicago,1024,4096,0.05705532299998595,0.5651884222696898,0.7221985726806059,0.7188086732574562,0.7256205971150621,0.722198572680606,12.0,15.0,3.0,45.917510986328125,45.4864501953125,0.431060791015625,0.5,
SVM,test_chicago29_4096_2560,test,chicago29.tif,chicago,2560,4096,0.05562633599993205,0.22687927107061504,0.36984775343483106,0.24721246372384298,0.7339303933794354,0.369847753434831,12.0,3.0,9.0,49.94964599609375,16.824722290039062,33.12492370605469,0.5,
SVM,test_chicago30_0_3584,test,chicago30.tif,chicago,3584,0,0.05897084899993388,0.07590854556129438,0.1411059441333713,0.08854326918305162,0.34724222490366274,0.1411059441333713,2.0,6.0,4.0,38.43421936035156,9.800338745117188,28.633880615234375,0.5,
SVM,test_chicago30_512_1024,test,chicago30.tif,chicago,1024,512,0.0544556099998772,0.24959508946463965,0.399481546572935,0.30722081432674436,0.5709387755102041,0.39948154657293494,5.0,5.0,0.0,56.44798278808594,30.374526977539062,26.073455810546875,0.5,
SVM,test_chicago30_1024_512,test,chicago30.tif,chicago,512,1024,0.05512681599998359,0.2884033394860713,0.44769107723845536,0.29712333285234277,0.9076382985422373,0.44769107723845536,5.0,7.0,2.0,74.02191162109375,24.231719970703125,49.790191650390625,0.5,
SVM,test_chicago30_1024_2560,test,chicago30.tif,chicago,2560,1024,0.05545910599994386,0.007245755036276445,0.014387263485693191,0.007245755036276445,1.0,0.014387263485693193,4.0,2.0,2.0,80.02395629882812,0.579833984375,79.44412231445312,0.5,
SVM,test_chicago30_1536_512,test,chicago30.tif,chicago,512,1536,0.05466438399980689,0.0,0.0,0.0,0.0,0.0,3.0,0.0,3.0,50.89683532714844,0.0,50.89683532714844,0.5,
SVM,test_chicago30_1536_4096,test,chicago30.tif,chicago,4096,1536,0.057850434000101814,0.13085452446745252,0.23142592019795855,0.13717701126946488,0.7395229309435951,0.23142592019795855,10.0,7.0,3.0,31.209564208984375,5.7891845703125,25.420379638671875,0.5,
SVM,test_chicago30_2048_1536,test,chicago30.tif,chicago,1536,2048,0.054153562000010425,0.10118801256993945,0.18377972047441393,0.10555773213186322,0.709670483255389,0.18377972047441396,4.0,2.0,2.0,47.71003723144531,7.0964813232421875,40.613555908203125,0.5,
SVM,test_chicago30_2048_3072,test,chicago30.tif,chicago,3072,2048,0.05622570499986068,0.47757364359605325,0.6464295646662398,0.5460888284242216,0.7919449792800717,0.6464295646662398,8.0,9.0,1.0,69.81925964355469,48.14414978027344,21.67510986328125,0.5,
SVM,test_chicago30_2560_512,test,chicago30.tif,chicago,512,2560,0.053995418999875255,0.35041018580677463,0.5189685171064217,0.3558561161054748,0.9581537887155236,0.5189685171064218,4.0,28.0,24.0,66.02630615234375,24.522018432617188,41.50428771972656,0.5,
SVM,test_chicago30_3072_0,test,chicago30.tif,chicago,0,3072,0.05537842500007173,0.32263993974075034,0.4878726704774857,0.3519863122907289,0.7946531171690041,0.48787267047748567,3.0,24.0,21.0,62.204742431640625,27.553176879882812,34.65156555175781,0.5,
SVM,test_chicago30_3072_3072,test,chicago30.tif,chicago,3072,3072,0.05415851199995814,0.027484743132544502,0.05349907785248544,0.028508415554265816,0.4335647875720843,0.05349907785248544,3.0,4.0,1.0,49.29542541503906,3.2413482666015625,46.0540771484375,0.5,
SVM,test_chicago30_3584_0,test,chicago30.tif,chicago,0,3584,0.054994340000121156,0.13204644964782028,0.23328804165041098,0.13837265901165807,0.7428143071321482,0.233288041650411,9.0,13.0,4.0,47.80616760253906,8.905410766601562,38.9007568359375,0.5,
SVM,test_chicago33_512_512,test,chicago33.tif,chicago,512,512,0.05585509899992758,0.29769102485486526,0.4588010846236056,0.33970741150080763,0.7064751723856543,0.45880108462360564,8.0,5.0,3.0,58.33091735839844,28.048324584960938,30.2825927734375,0.5,
SVM,test_chicago33_512_1536,test,chicago33.tif,chicago,1536,512,0.05551927000010437,0.0,0.0,0.0,0.0,0.0,9.0,0.0,9.0,2.569580078125,0.0,2.569580078125,0.5,
SVM,test_chicago33_512_2560,test,chicago33.tif,chicago,2560,512,0.054761462999977084,0.32311910777004127,0.4884202878977688,0.34417600304539875,0.8407997691123653,0.48842028789776876,7.0,14.0,7.0,58.12110900878906,23.79150390625,34.32960510253906,0.5,
SVM,test_chicago33_512_4096,test,chicago33.tif,chicago,4096,512,0.05739810399995804,0.4086811571951835,0.5802323046741196,0.5073655547991831,0.6775389985818697,0.5802323046741195,26.0,14.0,12.0,42.02842712402344,31.472396850585938,10.5560302734375,0.5,
SVM,test_chicago33_1536_512,test,chicago33.tif,chicago,512,1536,0.05581465799991747,0.47452977072398983,0.6436353882376985,0.4845844632931356,0.9581062238560021,0.6436353882376985,14.0,4.0,10.0,59.50126647949219,30.094146728515625,29.407119750976562,0.5,
SVM,test_chicago33_1536_3072,test,chicago33.tif,chicago,3072,1536,0.0555665859999408,0.39733313442769685,0.5687020863359572,0.4432283666154634,0.7932689554051113,0.5687020863359572,7.0,11.0,4.0,59.600830078125,33.30116271972656,26.299667358398438,0.5,
SVM,test_chicago33_2048_3072,test,chicago33.tif,chicago,3072,2048,0.057020798000166906,0.35577827286095665,0.5248325334351245,0.4253174489403279,0.6851406208220909,0.5248325334351245,8.0,8.0,0.0,50.56037902832031,31.386566162109375,19.173812866210938,0.5,
SVM,test_chicago33_2560_2560,test,chicago33.tif,chicago,2560,2560,0.057111763999955656,0.23915766308864672,0.3860003778575477,0.2829014324386073,0.607333422511556,0.3860003778575477,11.0,14.0,3.0,55.09910583496094,25.665664672851562,29.433441162109375,0.5,
SVM,test_chicago33_3584_2560,test,chicago33.tif,chicago,2560,3584,0.0563331799999105,0.1736475860580333,0.2959109499662822,0.1741523807560279,0.9835817419655333,0.29591094996628214,14.0,2.0,12.0,37.00523376464844,6.5521240234375,30.453109741210938,0.5,
SVM,test_chicago33_3584_3584,test,chicago33.tif,chicago,3584,3584,0.05630966600006104,0.5957564205457464,0.746675887215918,0.719403979526939,0.7760969712810795,0.746675887215918,13.0,5.0,8.0,50.38299560546875,46.70257568359375,3.680419921875,0.5,
SVM,test_chicago33_4096_1024,test,chicago33.tif,chicago,1024,4096,0.05862765500000933,0.24756232540979287,0.3968736797634136,0.33530540311426404,0.4861375250663044,0.39687367976341364,24.0,10.0,14.0,42.74940490722656,29.485702514648438,13.263702392578125,0.5,
SVM,test_chicago8_0_1536,test,chicago8.tif,chicago,1536,0,0.0570120559998486,0.3196817053584465,0.484483044753001,0.44132467951302107,0.536997522870527,0.4844830447530011,18.0,34.0,16.0,37.8509521484375,31.107330322265625,6.743621826171875,0.5,
SVM,test_chicago8_0_4096,test,chicago8.tif,chicago,4096,0,0.057258950000004916,0.44116045591087344,0.6122294767407307,0.49873429978420847,0.7925982105563982,0.6122294767407306,18.0,74.0,56.0,55.1544189453125,34.705352783203125,20.449066162109375,0.5,
SVM,test_chicago8_512_1024,test,chicago8.tif,chicago,1024,512,0.05690210800003115,0.4303004212060877,0.6016923645219104,0.4804822357208408,0.8046895012258938,0.6016923645219104,5.0,75.0,70.0,69.8333740234375,41.69769287109375,28.13568115234375,0.5,
SVM,test_chicago8_1024_1024,test,chicago8.tif,chicago,1024,1024,0.05572467100000722,0.4027254492003014,0.5742042385128131,0.431224146552116,0.8590315351006271,0.5742042385128131,3.0,64.0,61.0,67.1356201171875,33.701324462890625,33.434295654296875,0.5,
SVM,test_chicago8_1024_2048,test,chicago8.tif,chicago,2048,1024,0.056067923999989944,0.4093194055319198,0.5808752848009359,0.4567607382485574,0.7976072792630869,0.5808752848009359,10.0,63.0,53.0,59.29908752441406,33.95843505859375,25.340652465820312,0.5,
SVM,test_chicago8_2048_1536,test,chicago8.tif,chicago,1536,2048,0.05555865099995572,0.3655557721042032,0.535394862036156,0.38352180753480286,0.8864092836420442,0.5353948620361559,9.0,52.0,43.0,67.16270446777344,29.059219360351562,38.103485107421875,0.5,
SVM,test_chicago8_2048_4096,test,chicago8.tif,chicago,4096,2048,0.055372691000002305,0.15407888072063192,0.26701620364878653,0.15584757262732282,0.9313968884475339,0.26701620364878653,9.0,13.0,4.0,55.09796142578125,9.2193603515625,45.87860107421875,0.5,
SVM,test_chicago8_2560_1024,test,chicago8.tif,chicago,1024,2560,0.05474966399992809,0.4575091220909817,0.6277958952800609,0.49112274107903764,0.8698693759071118,0.627795895280061,2.0,95.0,93.0,69.82879638671875,39.424896240234375,30.403900146484375,0.5,
SVM,test_chicago8_3072_1024,test,chicago8.tif,chicago,1024,3072,0.054952567000100316,0.3491039210364965,0.5175345139732233,0.3867856765018681,0.7818208421028937,0.5175345139732234,3.0,61.0,58.0,68.50929260253906,33.89320373535156,34.6160888671875,0.5,
SVM,test_chicago8_3072_3072,test,chicago8.tif,chicago,3072,3072,0.056234423999967476,0.6597243528427993,0.7949806264068056,0.7327101804648926,0.8688184310183644,0.7949806264068056,12.0,4.0,8.0,57.09419250488281,48.149871826171875,8.944320678710938,0.5,
SVM,test_chicago8_3072_4096,test,chicago8.tif,chicago,4096,3072,0.05520655300006183,0.22455013171912033,0.3667471439554363,0.22536717170042767,0.9841114730365544,0.36674714395543623,9.0,4.0,5.0,46.02508544921875,10.540008544921875,35.485076904296875,0.5,
SVM,test_chicago8_3584_2048,test,chicago8.tif,chicago,2048,3584,0.05544880100001137,0.12956185554349267,0.22940196662564094,0.13226348386449688,0.8638150137560592,0.22940196662564094,4.0,8.0,4.0,76.06697082519531,11.64703369140625,64.41993713378906,0.5,
SVM,test_chicago8_4096_0,test,chicago8.tif,chicago,0,4096,0.05582811299996138,0.4502185746115013,0.620897542609548,0.4949461752157952,0.8328324881570984,0.6208975426095479,8.0,114.0,106.0,61.517333984375,36.559295654296875,24.958038330078125,0.5,
SVM,test_chicago8_4096_1536,test,chicago8.tif,chicago,1536,4096,0.05767141499995887,0.23561536817434756,0.38137332092668147,0.2537383325925456,0.7673787806048968,0.38137332092668147,16.0,31.0,15.0,48.0621337890625,15.89202880859375,32.17010498046875,0.5,
SVM,test_chicago8_4096_4096,test,chicago8.tif,chicago,4096,4096,0.05760941200014713,0.0775028774560233,0.14385646493864973,0.09378428013262174,0.3086439784204762,0.14385646493864973,15.0,2.0,13.0,30.949783325195312,9.404373168945312,21.54541015625,0.5,
SVM,test_kitsap9_0_3584,test,kitsap9.tif,kitsap,3584,0,0.05862181099996633,0.03395269962254518,0.06567553744951767,0.034195254536105196,0.8271879164815638,0.06567553744951767,33.0,1.0,32.0,20.77178955078125,0.8586883544921875,19.913101196289062,0.5,
SVM,test_kitsap9_512_1024,test,kitsap9.tif,kitsap,1024,512,0.05547212099986609,0.31270814954625964,0.4764320990226927,0.33601299168914006,0.8184682024020477,0.4764320990226928,4.0,33.0,29.0,51.91307067871094,21.312332153320312,30.600738525390625,0.5,
SVM,test_kitsap9_512_4096,test,kitsap9.tif,kitsap,4096,512,0.05651505800005907,0.2309739665640855,0.37527027027027027,0.24684444444444445,0.7822535211267606,0.37527027027027027,20.0,6.0,14.0,8.58306884765625,2.70843505859375,5.8746337890625,0.5,
SVM,test_kitsap9_1536_0,test,kitsap9.tif,kitsap,0,1536,0.0538488789998155,0.11867331093767444,0.21216794890404994,0.12827601338379682,0.6131941895222612,0.21216794890404994,2.0,10.0,8.0,34.77287292480469,7.2742462158203125,27.498626708984375,0.5,
SVM,test_kitsap9_1536_1536,test,kitsap9.tif,kitsap,1536,1536,0.05526007200001004,0.33232410895678416,0.4988637625374736,0.34128382758061904,0.9267856651723094,0.4988637625374737,7.0,14.0,7.0,37.664794921875,13.869857788085938,23.794937133789062,0.5,
SVM,test_kitsap9_2048_0,test,kitsap9.tif,kitsap,0,2048,0.05642152700011138,0.10254301380223105,0.18601181544582301,0.10342591798011003,0.9231489361702128,0.18601181544582301,10.0,2.0,8.0,40.00740051269531,4.482269287109375,35.52513122558594,0.5,
SVM,test_kitsap9_2048_2048,test,kitsap9.tif,kitsap,2048,2048,0.05654427499985104,0.0,0.0,0.0,0.0,0.0,10.0,0.0,10.0,1.892852783203125,0.0,1.892852783203125,0.5,
SVM,test_kitsap9_2048_4096,test,kitsap9.tif,kitsap,4096,2048,0.05953394999983175,0.005485827274809805,0.010911794330663341,0.005497758606106741,0.7165354330708661,0.010911794330663341,39.0,2.0,37.0,31.570816040039062,0.2422332763671875,31.328582763671875,0.5,
SVM,test_kitsap9_2560_0,test,kitsap9.tif,kitsap,0,2560,0.05493705799995041,0.0,0.0,0.0,0.0,0.0,8.0,0.0,8.0,10.0372314453125,0.0,10.0372314453125,0.5,
SVM,test_kitsap9_3584_1536,test,kitsap9.tif,kitsap,1536,3584,0.05553093599996828,0.0,0.0,0.0,0.0,0.0,9.0,0.0,9.0,1.6117095947265625,0.0,1.6117095947265625,0.5,
SVM,test_kitsap9_3584_3072,test,kitsap9.tif,kitsap,3072,3584,0.05894736799996281,0.0,0.0,0.0,0.0,0.0,43.0,0.0,43.0,18.726730346679688,0.0,18.726730346679688,0.5,
SVM,test_kitsap9_4096_512,test,kitsap9.tif,kitsap,512,4096,0.05544448000000557,0.11525217269085714,0.20668361024176102,0.11558724546431655,0.9754646840148699,0.206683610241761,5.0,9.0,4.0,64.94941711425781,7.6961517333984375,57.253265380859375,0.5,
SVM,test_kitsap9_4096_3584,test,kitsap9.tif,kitsap,3584,4096,0.056037188000118476,0.02166419853954961,0.042409626510389986,0.021671945239068246,0.983768115942029,0.04240962651038998,18.0,1.0,17.0,29.87060546875,0.6580352783203125,29.212570190429688,0.5,
SVM,test_tyrol-w1_512_512,test,tyrol-w1.tif,tyrol-w,512,512,0.0620352799999182,0.0,0.0,0.0,0.0,0.0,51.0,0.0,51.0,24.213409423828125,0.0,24.213409423828125,0.5,
SVM,test_tyrol-w1_1024_1024,test,tyrol-w1.tif,tyrol-w,1024,1024,0.06101913100019374,0.0,0.0,0.0,0.0,0.0,44.0,0.0,44.0,36.67144775390625,0.0,36.67144775390625,0.5,
SVM,test_tyrol-w1_2560_1536,test,tyrol-w1.tif,tyrol-w,1536,2560,0.058542235999993864,0.0,0.0,0.0,0.0,0.0,29.0,0.0,29.0,42.910003662109375,0.0,42.910003662109375,0.5,
SVM,test_tyrol-w1_2560_2560,test,tyrol-w1.tif,tyrol-w,2560,2560,0.059087939000164624,0.05233936290230577,0.09947240357512828,0.0523672428881251,0.9899304723087988,0.0994724035751283,30.0,3.0,27.0,30.077743530273438,1.5911102294921875,28.48663330078125,0.5,
SVM,test_tyrol-w1_2560_3072,test,tyrol-w1.tif,tyrol-w,3072,2560,0.05682316200000059,0.3688569286347216,0.5389269264284825,0.3718434704932489,0.9786894140342416,0.5389269264284825,14.0,16.0,2.0,33.30955505371094,12.6556396484375,20.653915405273438,0.5,
SVM,test_tyrol-w1_2560_3584,test,tyrol-w1.tif,tyrol-w,3584,2560,0.05426379499999712,0.45357250225473494,0.6240796404048203,0.460232241270616,0.96908320130176,0.6240796404048203,4.0,38.0,34.0,56.27403259277344,26.725387573242188,29.54864501953125,0.5,
SVM,test_tyrol-w1_3072_4096,test,tyrol-w1.tif,tyrol-w,4096,3072,0.061875095000004876,0.5473389840281382,0.7074584039798029,0.5593653552934937,0.9622036668651723,0.707458403979803,5.0,22.0,17.0,51.78871154785156,30.106735229492188,21.681976318359375,0.5,
SVM,test_tyrol-w1_3584_3584,test,tyrol-w1.tif,tyrol-w,3584,3584,0.07175057800009199,0.32576610701610703,0.49143827903295345,0.33482984488307044,0.9232796556893467,0.49143827903295345,15.0,18.0,3.0,43.50395202636719,15.776824951171875,27.727127075195312,0.5,
SVM,test_tyrol-w1_4096_1024,test,tyrol-w1.tif,tyrol-w,1024,4096,0.05978200599997763,0.0,0.0,0.0,0.0,0.0,42.0,0.0,42.0,35.06736755371094,0.0,35.06736755371094,0.5,
SVM,test_tyrol-w1_4096_1536,test,tyrol-w1.tif,tyrol-w,1536,4096,0.059160721000125704,0.0,0.0,0.0,0.0,0.0,33.0,0.0,33.0,29.820632934570312,0.0,29.820632934570312,0.5,
SVM,test_tyrol-w15_0_3584,test,tyrol-w15.tif,tyrol-w,3584,0,0.05981461000010313,0.0,0.0,0.0,0.0,0.0,39.0,0.0,39.0,17.648696899414062,0.0,17.648696899414062,0.5,
SVM,test_tyrol-w15_512_1024,test,tyrol-w15.tif,tyrol-w,1024,512,0.05779148800002076,0.21481381327859483,0.35365717928222357,0.22271568752389448,0.8582478023866817,0.3536571792822235,6.0,11.0,5.0,59.86785888671875,15.535736083984375,44.332122802734375,0.5,
SVM,test_tyrol-w15_512_3584,test,tyrol-w15.tif,tyrol-w,3584,512,0.06227203800017378,0.0,0.0,0.0,0.0,0.0,48.0,0.0,48.0,14.801406860351562,0.0,14.801406860351562,0.5,
SVM,test_tyrol-w15_1024_1024,test,tyrol-w15.tif,tyrol-w,1024,1024,0.05766643499987367,0.434662889844278,0.6059442854780435,0.4653197875779266,0.8683768294959999,0.6059442854780435,4.0,27.0,23.0,49.564361572265625,26.559066772460938,23.005294799804688,0.5,
SVM,test_tyrol-w15_1536_1024,test,tyrol-w15.tif,tyrol-w,1024,1536,0.05579708599998412,0.27161842750747,0.4272011503322987,0.27813359820072836,0.9206061293126252,0.42720115033229866,3.0,14.0,11.0,33.41331481933594,10.094833374023438,23.3184814453125,0.5,
SVM,test_tyrol-w15_2048_2048,test,tyrol-w15.tif,tyrol-w,2048,2048,0.059610984000073586,0.013604138723893466,0.026843100189035917,0.013774104683195593,0.5243722304283605,0.026843100189035917,38.0,1.0,37.0,9.831619262695312,0.2582550048828125,9.5733642578125,0.5,
SVM,test_tyrol-w15_2560_4096,test,tyrol-w15.tif,tyrol-w,4096,2560,0.056401503999950364,0.0,0.0,0.0,0.0,0.0,19.0,0.0,19.0,5.268096923828125,0.0,5.268096923828125,0.5,
SVM,test_tyrol-w15_3072_4096,test,tyrol-w15.tif,tyrol-w,4096,3072,0.05807466800001748,0.0,0.0,0.0,0.0,0.0,31.0,0.0,31.0,12.879562377929688,0.0,12.879562377929688,0.5,
SVM,test_tyrol-w15_3584_512,test,tyrol-w15.tif,tyrol-w,512,3584,0.05614037300006203,0.0,0.0,0.0,0.0,0.0,17.0,0.0,17.0,3.363800048828125,0.0,3.363800048828125,0.5,
SVM,test_tyrol-w29_0_2048,test,tyrol-w29.tif,tyrol-w,2048,0,0.05369703499991374,0.0,0.0,0.0,0.0,0.0,1.0,0.0,1.0,0.1705169677734375,0.0,0.1705169677734375,0.5,
SVM,test_tyrol-w29_512_3584,test,tyrol-w29.tif,tyrol-w,3584,512,0.05561188399997263,0.45345829632745915,0.6239715270444837,0.4716125007089785,0.921752763437114,0.6239715270444836,12.0,20.0,8.0,47.07984924316406,24.088287353515625,22.991561889648438,0.5,
SVM,test_tyrol-w29_1024_2048,test,tyrol-w29.tif,tyrol-w,2048,1024,0.05425379899998006,1.0,1.0,1.0,1.0,1.0,0.0,0.0,0.0,0.0,0.0,0.0,0.5,
SVM,test_tyrol-w29_1536_2048,test,tyrol-w29.tif,tyrol-w,2048,1536,0.05515566100007163,0.5131471459205555,0.6782514804379735,0.5223888354686972,0.9666730787727229,0.6782514804379735,5.0,10.0,5.0,14.678573608398438,7.932281494140625,6.7462921142578125,0.5,
SVM,test_tyrol-w29_2048_3072,test,tyrol-w29.tif,tyrol-w,3072,2048,0.05374559999995654,0.5519495205355528,0.711298290610746,0.5597451387837671,0.975388476787313,0.711298290610746,2.0,21.0,19.0,83.16078186035156,47.723388671875,35.43739318847656,0.5,
SVM,test_tyrol-w29_2048_3584,test,tyrol-w29.tif,tyrol-w,3584,2048,0.055177104999984294,0.31701900698215674,0.4814190308590615,0.3191747987522395,0.9791388992886559,0.4814190308590615,3.0,18.0,15.0,78.14292907714844,25.472640991210938,52.6702880859375,0.5,
SVM,test_tyrol-w29_3072_3584,test,tyrol-w29.tif,tyrol-w,3584,3072,0.05597232799982521,0.5077176220806794,0.673491660036472,0.5163118576733742,0.968255896345784,0.673491660036472,8.0,31.0,23.0,70.672607421875,37.685394287109375,32.987213134765625,0.5,
SVM,test_tyrol-w29_3584_2048,test,tyrol-w29.tif,tyrol-w,2048,3584,0.05544708500019624,0.35596887112767045,0.5250398865449388,0.3572318826012665,0.9901654872680671,0.5250398865449388,5.0,3.0,2.0,37.952423095703125,13.692474365234375,24.25994873046875,0.5,
SVM,test_tyrol-w29_3584_3072,test,tyrol-w29.tif,tyrol-w,3072,3584,0.0546507180001754,0.4396325103661346,0.6107565746126767,0.4473430218128671,0.9622731047573853,0.6107565746126767,2.0,31.0,29.0,55.33294677734375,25.7232666015625,29.60968017578125,0.5,
SVM,test_tyrol-w29_4096_2560,test,tyrol-w29.tif,tyrol-w,2560,4096,0.05566530399983094,0.44530511646869153,0.6162091469747285,0.45520415991816554,0.9534390064871943,0.6162091469747285,15.0,34.0,19.0,40.27519226074219,19.228744506835938,21.04644775390625,0.5,
SVM,test_tyrol-w5_0_4096,test,tyrol-w5.tif,tyrol-w,4096,0,0.05429845899993779,0.840122199592668,0.9131156613171002,0.8823529411764706,0.9461009174311926,0.9131156613171,2.0,2.0,0.0,0.3566741943359375,0.3326416015625,0.0240325927734375,0.5,
SVM,test_tyrol-w5_512_512,test,tyrol-w5.tif,tyrol-w,512,512,0.07007544299995061,0.33924700971341415,0.506623508961218,0.35313779560457925,0.8960983884648007,0.506623508961218,14.0,12.0,2.0,13.695144653320312,5.39703369140625,8.298110961914062,0.5,
SVM,test_tyrol-w5_512_3584,test,tyrol-w5.tif,tyrol-w,3584,512,0.05340657399983684,0.40370685982104815,0.5752010927303081,0.40906637884511604,0.9685663174035267,0.5752010927303082,5.0,3.0,2.0,7.068634033203125,2.985382080078125,4.083251953125,0.5,
SVM,test_tyrol-w5_1024_512,test,tyrol-w5.tif,tyrol-w,512,1024,0.057127980999894135,0.004657781234532985,0.009272373780471712,0.004661942800527233,0.839171974522293,0.009272373780471712,21.0,1.0,20.0,43.12248229980469,0.23956298828125,42.88291931152344,0.5,
SVM,test_tyrol-w5_1024_1024,test,tyrol-w5.tif,tyrol-w,1024,1024,0.05745169200008604,0.03376697115946627,0.06532801318191364,0.03441116405718175,0.6433343938911867,0.06532801318191364,23.0,6.0,17.0,22.4151611328125,1.1989593505859375,21.216201782226562,0.5,
SVM,test_tyrol-w5_1024_4096,test,tyrol-w5.tif,tyrol-w,4096,1024,0.05585753199989085,0.018915239664684388,0.03712819070388861,0.019002375296912115,0.8048780487804879,0.03712819070388862,5.0,1.0,4.0,5.2997589111328125,0.1251220703125,5.1746368408203125,0.5,
SVM,test_tyrol-w5_1536_4096,test,tyrol-w5.tif,tyrol-w,4096,1536,0.05577922599991325,0.010362144574904513,0.020511743498197347,0.010363244084462207,0.9898648648648649,0.020511743498197347,17.0,2.0,15.0,10.785293579101562,0.1129150390625,10.672378540039062,0.5,
SVM,test_tyrol-w5_2560_1024,test,tyrol-w5.tif,tyrol-w,1024,2560,0.05500843200002237,0.3512186241661646,0.5198546229081192,0.3512978032506861,0.9993586739350288,0.5198546229081193,4.0,8.0,4.0,87.98942565917969,30.930328369140625,57.05909729003906,0.5,
SVM,test_tyrol-w5_2560_1536,test,tyrol-w5.tif,tyrol-w,1536,2560,0.05556590500009406,0.311227006498762,0.47471109877426987,0.3119306127542743,0.9928045464267163,0.4747110987742699,2.0,6.0,4.0,79.47463989257812,24.970245361328125,54.50439453125,0.5,
SVM,test_tyrol-w5_2560_3072,test,tyrol-w5.tif,tyrol-w,3072,2560,0.06331492599997546,0.4979115503251537,0.6648076786871313,0.4982091113181806,0.9988019043415203,0.6648076786871313,1.0,8.0,7.0,97.02415466308594,48.39630126953125,48.62785339355469,0.5,
SVM,test_tyrol-w5_3072_4096,test,tyrol-w5.tif,tyrol-w,4096,3072,0.05709817499996461,0.27315320665083137,0.42909715063969517,0.27345199029818806,0.9960158499880909,0.4290971506396952,8.0,4.0,4.0,64.1693115234375,17.617416381835938,46.55189514160156,0.5,
SVM,test_tyrol-w5_4096_0,test,tyrol-w5.tif,tyrol-w,0,4096,0.056216776999917784,0.12275240384615385,0.21866335520751928,0.12350053206926574,0.952971913781842,0.2186633552075193,8.0,6.0,2.0,31.5460205078125,4.0882110595703125,27.457809448242188,0.5,
SVM,test_tyrol-w5_4096_2560,test,tyrol-w5.tif,tyrol-w,2560,4096,0.06174418399996284,0.0,0.0,0.0,0.0,0.0,48.0,0.0,48.0,32.41996765136719,0.0,32.41996765136719,0.5,
SVM,test_tyrol-w9_0_512,test,tyrol-w9.tif,tyrol-w,512,0,0.05792898000004243,0.0,0.0,0.0,0.0,0.0,12.0,0.0,12.0,51.62696838378906,0.0,51.62696838378906,0.5,
SVM,test_tyrol-w9_0_2560,test,tyrol-w9.tif,tyrol-w,2560,0,0.05908064399977775,0.007116299524247392,0.01413203128101306,0.007119857602847943,0.9343832020997376,0.01413203128101306,22.0,2.0,20.0,19.073867797851562,0.1453399658203125,18.92852783203125,0.5,
SVM,test_tyrol-w9_512_2048,test,tyrol-w9.tif,tyrol-w,2048,512,0.061430760999883205,0.0,0.0,0.0,0.0,0.0,16.0,0.0,16.0,6.9759368896484375,0.0,6.9759368896484375,0.5,
SVM,test_tyrol-w9_512_3584,test,tyrol-w9.tif,tyrol-w,3584,512,0.05447524400005932,0.0,0.0,0.0,0.0,0.0,7.0,0.0,7.0,18.0633544921875,0.0,18.0633544921875,0.5,
SVM,test_tyrol-w9_1024_1536,test,tyrol-w9.tif,tyrol-w,1536,1024,0.05799933899993448,0.005415370434381841,0.010772404308961724,0.005489692226829411,0.2857142857142857,0.010772404308961724,28.0,1.0,27.0,13.063812255859375,0.251007080078125,12.81280517578125,0.5,
SVM,test_tyrol-w9_1536_512,test,tyrol-w9.tif,tyrol-w,512,1536,0.05546854199997142,0.0,0.0,0.0,0.0,0.0,2.0,1.0,1.0,48.57940673828125,0.1415252685546875,48.43788146972656,0.5,
SVM,test_tyrol-w9_1536_1536,test,tyrol-w9.tif,tyrol-w,1536,1536,0.05919955900003515,0.0,0.0,0.0,0.0,0.0,22.0,0.0,22.0,6.1168670654296875,0.0,6.1168670654296875,0.5,
SVM,test_tyrol-w9_1536_2560,test,tyrol-w9.tif,tyrol-w,2560,1536,0.057658371999878,0.0,0.0,0.0,0.0,0.0,24.0,0.0,24.0,57.048797607421875,0.0,57.048797607421875,0.5,
SVM,test_tyrol-w9_1536_3072,test,tyrol-w9.tif,tyrol-w,3072,1536,0.059756207999953403,0.0,0.0,0.0,0.0,0.0,31.0,0.0,31.0,37.896728515625,0.0,37.896728515625,0.5,
SVM,test_tyrol-w9_2048_2048,test,tyrol-w9.tif,tyrol-w,2048,2048,0.05920304500000384,0.0,0.0,0.0,0.0,0.0,39.0,0.0,39.0,30.727767944335938,0.0,30.727767944335938,0.5,
SVM,test_tyrol-w9_2560_512,test,tyrol-w9.tif,tyrol-w,512,2560,0.05835292100005063,0.0,0.0,0.0,0.0,0.0,17.0,0.0,17.0,21.717453002929688,0.0,21.717453002929688,0.5,
SVM,test_tyrol-w9_3072_2560,test,tyrol-w9.tif,tyrol-w,2560,3072,0.05648896599996078,0.3177452799301539,0.4822559940370202,0.32157501622233575,0.9638733705772812,0.48225599403702013,14.0,11.0,3.0,27.630233764648438,9.218215942382812,18.412017822265625,0.5,
SVM,test_tyrol-w9_3584_1024,test,tyrol-w9.tif,tyrol-w,1024,3584,0.055717851000054,0.0,0.0,0.0,0.0,0.0,5.0,0.0,5.0,55.47523498535156,0.0,55.47523498535156,0.5,
SVM,test_tyrol-w9_4096_2560,test,tyrol-w9.tif,tyrol-w,2560,4096,0.05592105999994601,0.03423745577661962,0.06620811417221466,0.034381327119226805,0.8910891089108911,0.06620811417221467,13.0,3.0,10.0,9.985733032226562,0.385284423828125,9.600448608398438,0.5,
SVM,test_vienna15_512_512,test,vienna15.tif,vienna,512,512,0.056163859999969645,0.6038739991369804,0.7530192514647853,0.6423544211981775,0.9097512038523274,0.7530192514647853,3.0,22.0,19.0,67.31719970703125,47.5311279296875,19.78607177734375,0.5,
SVM,test_vienna15_1024_1024,test,vienna15.tif,vienna,1024,1024,0.055543628000123135,0.6486917191033618,0.7869169373352002,0.7002586757572116,0.8980525432114788,0.7869169373352002,3.0,3.0,0.0,60.31532287597656,47.03102111816406,13.2843017578125,0.5,
SVM,test_vienna15_1536_1536,test,vienna15.tif,vienna,1536,1536,0.05479922099993928,0.6845412151443916,0.8127331156877817,0.7253538953806274,0.9240478570737528,0.8127331156877817,4.0,7.0,3.0,75.34637451171875,59.14497375488281,16.201400756835938,0.5,
SVM,test_vienna15_2560_1536,test,vienna15.tif,vienna,1536,2560,0.056779372000164585,0.7248703418453146,0.8404925567562697,0.7580020688636028,0.9431297920458933,0.8404925567562697,4.0,5.0,1.0,77.44216918945312,62.24098205566406,15.201187133789062,0.5,
SVM,test_vienna15_3072_3072,test,vienna15.tif,vienna,3072,3072,0.05426889000000301,0.5042747621787239,0.6704556572475563,0.5123290650572275,0.9697671426733565,0.6704556572475563,1.0,8.0,7.0,84.18960571289062,44.47746276855469,39.71214294433594,0.5,
SVM,test_vienna15_3584_2560,test,vienna15.tif,vienna,2560,3584,0.05608026400000199,0.7876477185979367,0.8812113375622953,0.8542276614540695,0.9099553619818097,0.8812113375622953,2.0,5.0,3.0,82.47642517089844,77.42538452148438,5.0510406494140625,0.5,
SVM,test_vienna15_4096_1024,test,vienna15.tif,vienna,1024,4096,0.05485283299981347,0.6734140964624925,0.8048385607436364,0.7084021911692197,0.9316686975792947,0.8048385607436364,4.0,14.0,10.0,70.40367126464844,53.53202819824219,16.87164306640625,0.5,
SVM,test_vienna16_0_1536,test,vienna16.tif,vienna,1536,0,0.05607825599986427,0.7108367472436102,0.830981387778658,0.7300784585824082,0.9642485798708813,0.8309813877786582,1.0,14.0,13.0,85.7666015625,64.93797302246094,20.828628540039062,0.5,
SVM,test_vienna16_0_2560,test,vienna16.tif,vienna,2560,0,0.054877462999911586,0.5614984430773905,0.7191789983098454,0.6012513787021647,0.8946536480589317,0.7191789983098454,3.0,18.0,15.0,75.05149841308594,50.43830871582031,24.613189697265625,0.5,
SVM,test_vienna16_0_3584,test,vienna16.tif,vienna,3584,0,0.05472189399984018,0.6996021277515894,0.8232540031908478,0.7462771257750221,0.917937252810232,0.8232540031908477,2.0,9.0,7.0,82.6904296875,67.22679138183594,15.463638305664062,0.5,
SVM,test_vienna16_512_2048,test,vienna16.tif,vienna,2048,512,0.05458716199996161,0.5742569964183195,0.7295594019589481,0.6023094730235541,0.9249799196787148,0.7295594019589481,1.0,19.0,18.0,83.87641906738281,54.61692810058594,29.259490966796875,0.5,
SVM,test_vienna16_512_4096,test,vienna16.tif,vienna,4096,512,0.0549174000000221,0.5887816038467504,0.7411737427236006,0.6114827959425105,0.9406863010834295,0.7411737427236006,3.0,9.0,6.0,75.77705383300781,49.25804138183594,26.519012451171875,0.5,
SVM,test_vienna16_1536_3072,test,vienna16.tif,vienna,3072,1536,0.054630508999935046,0.7274981897175959,0.8422563844614208,0.7549335462358522,0.952422709120857,0.8422563844614208,1.0,9.0,8.0,81.22634887695312,64.38369750976562,16.8426513671875,0.5,
SVM,test_vienna16_2048_2560,test,vienna16.tif,vienna,2560,2048,0.05511396799988688,0.6757559064757008,0.8065087568712676,0.6965929063950607,0.9576107899807321,0.8065087568712676,2.0,8.0,6.0,84.64431762695312,61.57264709472656,23.071670532226562,0.5,
SVM,test_vienna16_2048_3072,test,vienna16.tif,vienna,3072,2048,0.059540420000075756,0.6401016793170152,0.7805634094388242,0.6615920949346632,0.9517043944949254,0.7805634094388243,2.0,20.0,18.0,82.61489868164062,57.4310302734375,25.183868408203125,0.5,
SVM,test_vienna16_2560_0,test,vienna16.tif,vienna,0,2560,0.05501438299984329,0.36625494043987095,0.5361443601762257,0.36944744794699047,0.976950146627566,0.5361443601762256,2.0,4.0,2.0,68.79615783691406,26.0162353515625,42.77992248535156,0.5,
SVM,test_vienna16_2560_1536,test,vienna16.tif,vienna,1536,2560,0.05446416799986764,0.4997494702099394,0.6664439363195547,0.5569986678963008,0.829416970566245,0.6664439363195546,2.0,30.0,28.0,74.45526123046875,50.000762939453125,24.454498291015625,0.5,
SVM,test_vienna16_3072_512,test,vienna16.tif,vienna,512,3072,0.05709725199994864,0.47726778461556546,0.646149316441997,0.49123093583065636,0.9437903178938803,0.646149316441997,7.0,7.0,0.0,63.05580139160156,32.81974792480469,30.236053466796875,0.5,
SVM,test_vienna16_3072_2048,test,vienna16.tif,vienna,2048,3072,0.05599278600016078,0.5635888881620549,0.7208913959788168,0.6099923888865945,0.8810741252066608,0.7208913959788169,9.0,26.0,17.0,64.65492248535156,44.762420654296875,19.892501831054688,0.5,
SVM,test_vienna16_3072_3072,test,vienna16.tif,vienna,3072,3072,0.056093555999950695,0.5196633298239287,0.683919022885336,0.5415398790112381,0.9278703847951394,0.6839190228853359,5.0,8.0,3.0,62.932586669921875,36.72981262207031,26.202774047851562,0.5,
SVM,test_vienna16_3584_0,test,vienna16.tif,vienna,0,3584,0.05661147099999653,0.520317974498599,0.684485723679219,0.5342818648860725,0.9521719628140969,0.684485723679219,3.0,15.0,12.0,77.29682922363281,43.37272644042969,33.924102783203125,0.5,
SVM,test_vienna16_3584_512,test,vienna16.tif,vienna,512,3584,0.060669271000051594,0.4102446107906901,0.5818063159421341,0.4161622448714956,0.9665000301150395,0.5818063159421341,2.0,26.0,24.0,73.54545593261719,31.667709350585938,41.87774658203125,0.5,
SVM,test_vienna16_3584_4096,test,vienna16.tif,vienna,4096,3584,0.05619416299987279,0.5636881496486073,0.7209725926173701,0.5968953606638269,0.9101706757161393,0.7209725926173701,3.0,14.0,11.0,75.76217651367188,49.68528747558594,26.076889038085938,0.5,
SVM,test_vienna16_4096_2048,test,vienna16.tif,vienna,2048,4096,0.05542199799992886,0.1324243210196747,0.23387756437522494,0.13273810408093534,0.9824619275386223,0.23387756437522494,6.0,6.0,0.0,51.355743408203125,6.9385528564453125,44.41719055175781,0.5,
SVM,test_vienna16_4096_4096,test,vienna16.tif,vienna,4096,4096,0.055438829999957306,0.6284316952739243,0.7718244456894012,0.6418050225964009,0.9679068857873351,0.7718244456894012,2.0,19.0,17.0,79.42924499511719,52.66838073730469,26.7608642578125,0.5,
SVM,test_vienna19_1024_512,test,vienna19.tif,vienna,512,1024,0.05503329799989842,0.5435047237393487,0.7042475677335603,0.5903145036738896,0.8726778980869686,0.7042475677335603,7.0,17.0,10.0,65.2069091796875,44.10858154296875,21.09832763671875,0.5,
SVM,test_vienna19_1024_1024,test,vienna19.tif,vienna,1024,1024,0.05514745700020285,0.5225340886273889,0.686400511529393,0.547907362511165,0.9185902235533212,0.686400511529393,6.0,9.0,3.0,59.79156494140625,35.663604736328125,24.127960205078125,0.5,
SVM,test_vienna19_2048_1536,test,vienna19.tif,vienna,1536,2048,0.054934981000087646,0.5619872891408308,0.719579849398072,0.5719314073688156,0.9699901942825124,0.7195798493980718,9.0,25.0,16.0,60.04066467285156,35.40153503417969,24.639129638671875,0.5,
SVM,test_vienna19_2560_1536,test,vienna19.tif,vienna,1536,2560,0.055627585999900475,0.5477459228653309,0.7077982435919363,0.5874576459478976,0.8901441116233832,0.7077982435919363,6.0,20.0,14.0,61.80839538574219,40.79093933105469,21.0174560546875,0.5,
SVM,test_vienna19_2560_4096,test,vienna19.tif,vienna,4096,2560,0.05557812899996861,0.1320145969396545,0.23323832978222972,0.13312170314918348,0.9407366071428571,0.23323832978222975,17.0,2.0,15.0,48.30780029296875,6.8359375,41.47186279296875,0.5,
SVM,test_vienna19_3072_2560,test,vienna19.tif,vienna,2560,3072,0.058481919000087146,0.14331724157287604,0.250704242639974,0.1495044576849317,0.7759373931542757,0.250704242639974,7.0,7.0,0.0,52.115631103515625,10.041427612304688,42.07420349121094,0.5,
SVM,test_vienna19_3072_3584,test,vienna19.tif,vienna,3584,3072,0.0675956910001787,0.0,0.0,0.0,0.0,0.0,15.0,0.0,15.0,27.372360229492188,0.0,27.372360229492188,0.5,
SVM,test_vienna19_4096_0,test,vienna19.tif,vienna,0,4096,0.06198043199992753,0.24087031884322402,0.3882280286432678,0.24568700798392049,0.9247338189969179,0.38822802864326783,13.0,10.0,3.0,40.995025634765625,10.8917236328125,30.103302001953125,0.5,
SVM,test_vienna19_4096_1024,test,vienna19.tif,vienna,1024,4096,0.05670099000008122,0.0015273116396711903,0.003049965032248038,0.0015273116396711903,1.0,0.003049965032248038,22.0,1.0,21.0,39.21318054199219,0.0598907470703125,39.153289794921875,0.5,
SVM,test_vienna19_4096_3072,test,vienna19.tif,vienna,3072,4096,0.056514769999921555,0.36308393113008086,0.5327389206753569,0.36614110227326213,0.9775203246924594,0.532738920675357,1.0,6.0,5.0,81.05087280273438,30.358505249023438,50.69236755371094,0.5,
SVM,test_vienna27_0_3584,test,vienna27.tif,vienna,3584,0,0.05528788100014026,0.6317102285887363,0.774292172128015,0.6846605035120327,0.8909270229352899,0.774292172128015,2.0,8.0,6.0,79.01954650878906,60.72502136230469,18.294525146484375,0.5,
SVM,test_vienna27_512_2560,test,vienna27.tif,vienna,2560,512,0.055704243999798564,0.5259256316936689,0.6893201356214573,0.5376474529470286,0.9601954421016371,0.6893201356214573,5.0,17.0,12.0,75.15411376953125,42.081451416015625,33.072662353515625,0.5,
SVM,test_vienna27_512_4096,test,vienna27.tif,vienna,4096,512,0.05750569399992855,0.4566325625930917,0.6269701423949993,0.5040590333677499,0.8291530498897243,0.6269701423949993,1.0,20.0,19.0,77.95677185058594,47.391510009765625,30.565261840820312,0.5,
SVM,test_vienna27_1024_1536,test,vienna27.tif,vienna,1536,1024,0.059482987999899706,0.22720460558954853,0.3702799102198603,0.22764694917360506,0.991520263413094,0.3702799102198603,2.0,25.0,23.0,73.6724853515625,16.914749145507812,56.75773620605469,0.5,
SVM,test_vienna27_3072_0,test,vienna27.tif,vienna,0,3072,0.05558682200012299,0.30099981553218963,0.46272076588890526,0.3036729893100676,0.9715857666841328,0.4627207658889052,4.0,2.0,2.0,51.24359130859375,16.016387939453125,35.227203369140625,0.5,
SVM,test_vienna27_3072_512,test,vienna27.tif,vienna,512,3072,0.056732463999878746,0.48275935509978063,0.6511634587762137,0.48583594704466054,0.987052385583441,0.6511634587762137,12.0,2.0,10.0,53.39317321777344,26.280593872070312,27.112579345703125,0.5,
SVM,test_vienna27_3072_2560,test,vienna27.tif,vienna,2560,3072,0.05682349899984729,0.2121235641105247,0.3500032016392393,0.21473356695004478,0.9458056478405316,0.35000320163923926,11.0,7.0,4.0,48.551177978515625,11.02294921875,37.528228759765625,0.5,
SVM,test_vienna27_3072_3072,test,vienna27.tif,vienna,3072,3072,0.05566796399989471,0.5184186303387335,0.6828401864683168,0.5285800763011314,0.9642438301988546,0.6828401864683167,1.0,9.0,8.0,81.29234313964844,44.56291198730469,36.72943115234375,0.5,
SVM,test_vienna27_3584_2048,test,vienna27.tif,vienna,2048,3584,0.056106265999915195,0.4828847323273055,0.6512775022903428,0.49094113932931105,0.9671333926458267,0.6512775022903428,3.0,11.0,8.0,86.99951171875,44.16313171386719,42.83638000488281,0.5,
SVM,test_vienna34_0_2048,test,vienna34.tif,vienna,2048,0,0.0559804649999478,0.49993425266488795,0.666608222029292,0.5122410218743345,0.9541465626113144,0.666608222029292,1.0,18.0,17.0,87.77122497558594,47.12066650390625,40.65055847167969,0.5,
SVM,test_vienna34_1536_3584,test,vienna34.tif,vienna,3584,1536,0.05598441500001172,0.5767359781404928,0.7315568188158685,0.585735684440123,0.9740503784501897,0.7315568188158685,2.0,10.0,8.0,72.58033752441406,43.645477294921875,28.934860229492188,0.5,
SVM,test_vienna34_1536_4096,test,vienna34.tif,vienna,4096,1536,0.05579985500003204,0.3975442389350406,0.5689182894674991,0.408270160202154,0.9380116959064327,0.5689182894674991,8.0,26.0,18.0,62.19635009765625,27.070999145507812,35.12535095214844,0.5,
SVM,test_vienna34_2048_512,test,vienna34.tif,vienna,512,2048,0.05497375599998122,0.38719054351930726,0.5582369997087834,0.38728237381634195,0.999387977151147,0.5582369997087834,2.0,4.0,2.0,43.427276611328125,16.82891845703125,26.598358154296875,0.5,
SVM,test_vienna34_2048_1536,test,vienna34.tif,vienna,1536,2048,0.05536100499989516,0.31479911537043864,0.4788550763235727,0.3161684405367885,0.9864287364287364,0.47885507632357266,1.0,69.0,68.0,82.43560791015625,26.422119140625,56.01348876953125,0.5,
SVM,test_vienna34_2560_2560,test,vienna34.tif,vienna,2560,2560,0.05408110299981672,0.3260036423310919,0.4917085171168656,0.327229903125204,0.988635673969776,0.4917085171168655,1.0,31.0,30.0,75.95939636230469,25.14190673828125,50.81748962402344,0.5,
SVM,test_vienna34_2560_3584,test,vienna34.tif,vienna,3584,2560,0.055164986000136196,0.32970922286629906,0.49591176355922895,0.34023090240628706,0.9142480038681181,0.49591176355922895,2.0,24.0,22.0,78.44085693359375,29.191207885742188,49.24964904785156,0.5,
SVM,test_vienna34_3584_512,test,vienna34.tif,vienna,512,3584,0.05669210199994268,0.2877626367725045,0.4469187543656627,0.28782446387087246,0.9992540792540793,0.4469187543656627,3.0,23.0,20.0,56.815338134765625,16.36505126953125,40.450286865234375,0.5,
SVM,test_vienna34_4096_1536,test,vienna34.tif,vienna,1536,4096,0.0554108900000756,0.024598258826151034,0.048015421877316986,0.024633065211437613,0.945677570093458,0.048015421877316986,5.0,22.0,17.0,75.21591186523438,1.959228515625,73.25668334960938,0.5,
SVM,test_vienna7_0_1024,test,vienna7.tif,vienna,1024,0,0.056303239000044414,0.48323659605221553,0.6515974556431505,0.49961472452803757,0.9364721586992439,0.6515974556431505,7.0,21.0,14.0,65.34805297851562,34.86366271972656,30.484390258789062,0.5,
SVM,test_vienna7_512_0,test,vienna7.tif,vienna,0,512,0.05686016300001029,0.5246877767260069,0.6882560281983497,0.529391829441124,0.9833466865056656,0.6882560281983499,17.0,15.0,2.0,49.5269775390625,26.6632080078125,22.86376953125,0.5,
SVM,test_vienna7_512_2048,test,vienna7.tif,vienna,2048,512,0.057487290000153735,0.2917246429879165,0.4516823992969924,0.3006301648994378,0.90781677301732,0.45168239929699244,13.0,22.0,9.0,40.43731689453125,13.39111328125,27.04620361328125,0.5,
SVM,test_vienna7_1024_0,test,vienna7.tif,vienna,0,1024,0.05579240299994126,0.38514870240575866,0.5561117037280162,0.3885937081915829,0.9775,0.5561117037280162,13.0,16.0,3.0,49.89814758300781,19.83642578125,30.061721801757812,0.5,
SVM,test_vienna7_1536_512,test,vienna7.tif,vienna,512,1536,0.05666761999987102,0.6191832264121421,0.7648093388222106,0.6314949572322226,0.9694742515556862,0.7648093388222106,9.0,7.0,2.0,59.76104736328125,38.92707824707031,20.833969116210938,0.5,
SVM,test_vienna7_1536_3584,test,vienna7.tif,vienna,3584,1536,0.057207891999951244,0.5482627268941905,0.7082295754726378,0.5717954354154715,0.9301755640638764,0.7082295754726378,7.0,21.0,14.0,71.15287780761719,43.73893737792969,27.4139404296875,0.5,
SVM,test_vienna7_2048_512,test,vienna7.tif,vienna,512,2048,0.05737166900007651,0.4362391075848506,0.6074742085507212,0.46456709972341176,0.8773628651700718,0.6074742085507213,11.0,29.0,18.0,52.82325744628906,27.970123291015625,24.853134155273438,0.5,
SVM,test_vienna7_2048_3072,test,vienna7.tif,vienna,3072,2048,0.05412903000001279,0.5981530131449243,0.7485553738910761,0.6187899487679922,0.9471887790159232,0.748555373891076,2.0,12.0,10.0,78.18222045898438,51.07574462890625,27.106475830078125,0.5,
SVM,test_vienna7_2560_2560,test,vienna7.tif,vienna,2560,2560,0.05528961699997126,0.5986541606360782,0.7489476778365667,0.622963325183374,0.9388061901252763,0.7489476778365667,2.0,12.0,10.0,78.01055908203125,51.76544189453125,26.2451171875,0.5,
SVM,test_vienna7_2560_3584,test,vienna7.tif,vienna,3584,2560,0.0578386730001057,0.6489360133311705,0.7870966587965944,0.6745474147841949,0.9447255240126236,0.7870966587965943,4.0,6.0,2.0,74.65705871582031,53.30619812011719,21.350860595703125,0.5,
SVM,test_vienna7_2560_4096,test,vienna7.tif,vienna,4096,2560,0.05461762300001283,0.6915738642825275,0.8176691291879885,0.7155548515568428,0.9537796116329152,0.8176691291879884,1.0,6.0,5.0,84.28955078125,63.23661804199219,21.052932739257812,0.5,
SVM,test_vienna7_3072_1024,test,vienna7.tif,vienna,1024,3072,0.05481933900000513,0.4169824578261157,0.5885499224398804,0.4217825511183467,0.9734325930910722,0.5885499224398802,5.0,16.0,11.0,62.796783447265625,27.20947265625,35.587310791015625,0.5,
SVM,test_vienna7_3072_4096,test,vienna7.tif,vienna,4096,3072,0.05416042000001653,0.5883566918219622,0.7408369856106737,0.6112482999546655,0.9401563563875603,0.7408369856106738,4.0,16.0,12.0,71.52366638183594,46.50154113769531,25.022125244140625,0.5,
SVM,test_vienna7_3584_2048,test,vienna7.tif,vienna,2048,3584,0.05719029000010778,0.44396889567262077,0.6149286137715784,0.4503292553441882,0.9691682519670858,0.6149286137715783,3.0,17.0,14.0,72.93281555175781,33.88862609863281,39.044189453125,0.5,
SVM,test_vienna7_4096_2048,test,vienna7.tif,vienna,2048,4096,0.05557397600000513,0.44555496612882783,0.6164483213281285,0.457379545651692,0.9451581421287444,0.6164483213281285,1.0,16.0,15.0,79.15725708007812,38.3056640625,40.851593017578125,0.5,
SVM,test_vienna7_4096_3584,test,vienna7.tif,vienna,3584,4096,0.056431234000001496,0.5654699128058109,0.7224283369232083,0.5786231076343149,0.9613535923229092,0.7224283369232083,4.0,11.0,7.0,75.29144287109375,45.31669616699219,29.974746704101562,0.5,
U-Net,test_austin15_512_512,test,austin15.tif,austin,512,512,0.040978882000672456,0.38709433772250057,0.5581370022143972,0.8465011286681715,0.4163169153285857,0.5581370022143972,20.0,30.0,10.0,6.9286346435546875,14.088058471679688,7.159423828125,,0.4
U-Net,test_austin15_1536_0,test,austin15.tif,austin,0,1536,0.04102050900019094,0.5162358679452632,0.6809440125497672,0.7231242883050061,0.6434133253278796,0.6809440125497672,30.0,53.0,23.0,18.090057373046875,20.331192016601562,2.2411346435546875,,0.4
U-Net,test_austin15_1536_3584,test,austin15.tif,austin,3584,1536,0.04281335499945271,0.354352066317201,0.5232791016899571,0.5313256866060412,0.5154726015250931,0.523279101689957,19.0,19.0,0.0,8.347702026367188,8.60443115234375,0.2567291259765625,,0.4
U-Net,test_austin15_2560_512,test,austin15.tif,austin,512,2560,0.04292793599961442,0.4948709299787694,0.6620918502787364,0.8125957058612713,0.5586265594552825,0.6620918502787363,18.0,34.0,16.0,11.708450317382812,17.031478881835938,5.323028564453125,,0.4
U-Net,test_austin15_3072_2560,test,austin15.tif,austin,2560,3072,0.04290858100011974,0.5939597315436241,0.7452631578947368,0.7266761492209219,0.7648259671327957,0.7452631578947368,18.0,31.0,13.0,23.60076904296875,22.423553466796875,1.177215576171875,,0.4
U-Net,test_austin15_3072_4096,test,austin15.tif,austin,4096,3072,0.04323025299981964,0.5627070907886017,0.7201696262920753,0.7702396250661425,0.6762119653581976,0.7201696262920751,17.0,18.0,1.0,10.092926025390625,11.496353149414062,1.4034271240234375,,0.4
U-Net,test_austin15_3584_2048,test,austin15.tif,austin,2048,3584,0.041805009999734466,0.7608963553692083,0.864214810882121,0.8411418370862171,0.8885892939853106,0.864214810882121,20.0,30.0,10.0,24.361419677734375,23.06060791015625,1.300811767578125,,0.4
U-Net,test_austin15_3584_2560,test,austin15.tif,austin,2560,3584,0.04260890700061282,0.6191040963415747,0.7647489716571815,0.8658557332425996,0.6847858992902554,0.7647489716571816,28.0,38.0,10.0,17.938232421875,22.681427001953125,4.743194580078125,,0.4
U-Net,test_austin15_3584_4096,test,austin15.tif,austin,4096,3584,0.040243551000457956,0.40428338977087824,0.575786045346361,0.6462111626599185,0.519202530215746,0.575786045346361,6.0,6.0,0.0,5.426788330078125,6.754302978515625,1.3275146484375,,0.4
U-Net,test_austin16_0_1024,test,austin16.tif,austin,1024,0,0.039668651999818394,0.5258528088256641,0.6892575820997755,0.8404974401014679,0.5841458564011051,0.6892575820997755,15.0,3.0,12.0,24.662399291992188,35.48545837402344,10.82305908203125,,0.4
U-Net,test_austin16_512_512,test,austin16.tif,austin,512,512,0.03934411299997009,0.541210041449885,0.7023183432424883,0.8417246920192822,0.6025277629434882,0.7023183432424883,9.0,8.0,1.0,19.94171142578125,27.858352661132812,7.9166412353515625,,0.4
U-Net,test_austin16_1024_0,test,austin16.tif,austin,0,1024,0.03937585499988927,0.0,0.0,0.0,0.0,0.0,7.0,3.0,4.0,3.8005828857421875,0.1621246337890625,3.638458251953125,,0.4
U-Net,test_austin16_1024_3072,test,austin16.tif,austin,3072,1024,0.03905158500037942,0.24867456288776085,0.3983016396404535,0.4109423058998975,0.3864154250657318,0.39830163964045356,9.0,6.0,3.0,4.0927886962890625,4.352569580078125,0.2597808837890625,,0.4
U-Net,test_austin16_1536_0,test,austin16.tif,austin,0,1536,0.03833376900001895,0.0,0.0,0.0,0.0,0.0,5.0,0.0,5.0,0.8701324462890625,0.0,0.8701324462890625,,0.4
U-Net,test_austin16_1536_2048,test,austin16.tif,austin,2048,1536,0.03875853299996379,0.5498741171490319,0.7095726176271868,0.5560186541104377,0.9802986971719098,0.7095726176271867,8.0,5.0,3.0,16.932296752929688,9.6038818359375,7.3284149169921875,,0.4
U-Net,test_austin16_1536_2560,test,austin16.tif,austin,2560,1536,0.03922221999982867,0.43144588580626836,0.6028113113940797,0.84532257316451,0.46842632809889745,0.6028113113940797,10.0,5.0,5.0,16.449737548828125,29.685211181640625,13.2354736328125,,0.4
U-Net,test_austin16_2048_3072,test,austin16.tif,austin,3072,2048,0.03936238900041644,0.47916770248098245,0.6478882707853649,0.8691829004329005,0.5164099129269927,0.647888270785365,12.0,6.0,6.0,25.37841796875,42.71507263183594,17.336654663085938,,0.4
U-Net,test_austin16_2048_3584,test,austin16.tif,austin,3584,2048,0.03928452800028026,0.49669070250865105,0.6637185647991691,0.780730671527468,0.5772092556485836,0.6637185647991692,12.0,6.0,6.0,39.344024658203125,53.216552734375,13.872528076171875,,0.4
U-Net,test_austin16_2560_0,test,austin16.tif,austin,0,2560,0.03840068399949814,0.6726643818227976,0.8043028704775276,0.734833252444013,0.8882789255332523,0.8043028704775275,5.0,6.0,1.0,22.00775146484375,18.206024169921875,3.801727294921875,,0.4
U-Net,test_austin16_2560_3072,test,austin16.tif,austin,3072,2560,0.03816597900004126,0.1916135881104034,0.3216035634743875,0.7256281407035176,0.20658082975679543,0.32160356347438757,2.0,1.0,1.0,0.3795623779296875,1.3332366943359375,0.95367431640625,,0.4
U-Net,test_austin16_3072_1536,test,austin16.tif,austin,1536,3072,0.03817535400048655,0.0,0.0,0.0,0.0,0.0,3.0,0.0,3.0,0.9540557861328125,0.0,0.9540557861328125,,0.4
U-Net,test_austin16_3072_3072,test,austin16.tif,austin,3072,3072,0.03787495899996429,0.0,0.0,0.0,0.0,0.0,2.0,0.0,2.0,1.444244384765625,0.0,1.444244384765625,,0.4
U-Net,test_austin16_3072_3584,test,austin16.tif,austin,3584,3072,0.037452259000019694,1.0,1.0,1.0,1.0,1.0,0.0,0.0,0.0,0.0,0.0,0.0,,0.4
U-Net,test_austin16_3584_0,test,austin16.tif,austin,0,3584,0.038571989000047324,0.5190263010632344,0.6833671025971634,0.5655487804878049,0.8631921824104235,0.6833671025971634,6.0,6.0,0.0,6.256103515625,4.0988922119140625,2.1572113037109375,,0.4
U-Net,test_austin16_4096_0,test,austin16.tif,austin,0,4096,0.03856308699960209,0.6535167203983137,0.7904567426943089,0.7904111485395229,0.7905023421095138,0.7904567426943089,6.0,9.0,3.0,16.533660888671875,16.531753540039062,0.0019073486328125,,0.4
U-Net,test_austin16_4096_2560,test,austin16.tif,austin,2560,4096,0.04127447700011544,0.5898875101472806,0.742049366867013,0.6887185875216638,0.8043327008222644,0.742049366867013,18.0,7.0,11.0,14.0869140625,12.06207275390625,2.02484130859375,,0.4
U-Net,test_austin17_0_3072,test,austin17.tif,austin,3072,0,0.039441758999601007,0.5169411719485711,0.6815573095488464,0.8546373081689067,0.5667748324834591,0.6815573095488464,12.0,20.0,8.0,24.011993408203125,36.20758056640625,12.195587158203125,,0.4
U-Net,test_austin17_1024_3584,test,austin17.tif,austin,3584,1024,0.04005865100043593,0.49864534813885514,0.6654614432402105,0.6859944183313749,0.6461219195849546,0.6654614432402105,21.0,20.0,1.0,20.7763671875,22.058486938476562,1.2821197509765625,,0.4
U-Net,test_austin17_1536_1024,test,austin17.tif,austin,1024,1536,0.03958730700014712,0.5634278512917454,0.720759644682326,0.7704290884025504,0.6771066820136912,0.7207596446823259,15.0,20.0,5.0,11.068344116210938,12.593841552734375,1.5254974365234375,,0.4
U-Net,test_austin17_2048_512,test,austin17.tif,austin,512,2048,0.04150072399988858,0.5191650670626441,0.6834873685799884,0.8667016002257245,0.5642162715333447,0.6834873685799884,32.0,47.0,15.0,18.927764892578125,29.075241088867188,10.147476196289062,,0.4
U-Net,test_austin17_2560_512,test,austin17.tif,austin,512,2560,0.04032716199981223,0.5073663194164909,0.6731825076374202,0.8000558574112628,0.581040713969612,0.67318250763742,24.0,43.0,19.0,15.024566650390625,20.6878662109375,5.663299560546875,,0.4
U-Net,test_austin17_3072_512,test,austin17.tif,austin,512,3072,0.040935951999927056,0.5787888662898495,0.733206166635824,0.8016653696498054,0.675519357884797,0.7332061666358239,25.0,54.0,29.0,24.509429931640625,29.0863037109375,4.576873779296875,,0.4
U-Net,test_austin17_3584_4096,test,austin17.tif,austin,4096,3584,0.04113862699978199,0.41821348967015676,0.5897750835347412,0.7991696195282579,0.46732805893926077,0.5897750835347412,21.0,7.0,14.0,21.315765380859375,36.45172119140625,15.135955810546875,,0.4
U-Net,test_austin17_4096_4096,test,austin17.tif,austin,4096,4096,0.03916383700016013,0.6164648632079086,0.7627321536510495,0.8004228855721393,0.7284313947433952,0.7627321536510495,11.0,10.0,1.0,15.3350830078125,16.850662231445312,1.5155792236328125,,0.4
U-Net,test_austin3_0_2560,test,austin3.tif,austin,2560,0,0.039925449000293156,0.5374368910334035,0.6991335958800363,0.8184990778833877,0.6101522842639594,0.6991335958800363,19.0,21.0,2.0,13.444900512695312,18.035888671875,4.5909881591796875,,0.4
U-Net,test_austin3_1024_3072,test,austin3.tif,austin,3072,1024,0.03989243000069109,0.5022777560848627,0.6686882689308612,0.8535344598779085,0.5496524612579763,0.6686882689308612,15.0,23.0,8.0,8.623504638671875,13.39111328125,4.767608642578125,,0.4
U-Net,test_austin3_1536_3072,test,austin3.tif,austin,3072,1536,0.03993938900021021,0.44464630407630296,0.6155780869291834,0.8322706792484911,0.4884132804509965,0.6155780869291834,13.0,17.0,4.0,8.974456787109375,15.292739868164062,6.3182830810546875,,0.4
U-Net,test_austin3_2048_1536,test,austin3.tif,austin,1536,2048,0.040168341000025976,0.5390780003890294,0.7005207016834336,0.8414756338241992,0.6000129901058694,0.7005207016834336,18.0,26.0,8.0,12.563705444335938,17.619705200195312,5.055999755859375,,0.4
U-Net,test_austin3_2560_3072,test,austin3.tif,austin,3072,2560,0.0401942569997118,0.5021588066339294,0.6685828481200039,0.9079608657776587,0.5290913350775118,0.6685828481200039,19.0,40.0,21.0,11.385345458984375,19.538116455078125,8.15277099609375,,0.4
U-Net,test_austin3_3072_0,test,austin3.tif,austin,0,3072,0.038297475000035774,0.2573701450631727,0.40937848902121327,0.48273844353423057,0.35537368080982124,0.40937848902121327,4.0,6.0,2.0,1.303863525390625,1.7711639404296875,0.4673004150390625,,0.4
U-Net,test_austin3_3072_3072,test,austin3.tif,austin,3072,3072,0.04117545600001904,0.563596565078296,0.7208976761215568,0.8485954771321367,0.6266052641431727,0.7208976761215568,28.0,51.0,23.0,15.04669189453125,20.377349853515625,5.330657958984375,,0.4
U-Net,test_austin3_4096_1024,test,austin3.tif,austin,1024,4096,0.03994381299980887,0.2628871391076115,0.4163272092443262,0.7118692253020611,0.2941902132409094,0.41632720924432626,16.0,32.0,16.0,8.050918579101562,19.481277465820312,11.43035888671875,,0.4
U-Net,test_austin3_4096_4096,test,austin3.tif,austin,4096,4096,0.040299625000443484,0.5368063787979669,0.6985998837639351,0.757730659025788,0.6480297980788081,0.6985998837639351,22.0,33.0,11.0,16.641616821289062,19.458770751953125,2.8171539306640625,,0.4
U-Net,test_austin30_512_1024,test,austin30.tif,austin,1024,512,0.04221871500067209,0.5755465542115192,0.7305992357674902,0.8026697620429484,0.6704046018614271,0.7305992357674903,40.0,64.0,24.0,19.718170166015625,23.6083984375,3.890228271484375,,0.4
U-Net,test_austin30_512_2560,test,austin30.tif,austin,2560,512,0.039344628999970155,0.11904297785424311,0.21275854495330854,0.8045595142628021,0.12258790877909564,0.21275854495330854,13.0,1.0,12.0,6.659698486328125,43.70841979980469,37.04872131347656,,0.4
U-Net,test_austin30_512_3072,test,austin30.tif,austin,3072,512,0.040190102999986266,0.5994992463146062,0.749608663706354,0.8214598284614039,0.6893158250345172,0.7496086637063539,24.0,34.0,10.0,10.896682739257812,12.985610961914062,2.08892822265625,,0.4
U-Net,test_austin30_1536_1536,test,austin30.tif,austin,1536,1536,0.03954816900022706,0.5669143317518575,0.7236060329067642,0.6313428372046656,0.8474508229626656,0.7236060329067642,16.0,16.0,0.0,7.653045654296875,5.701446533203125,1.95159912109375,,0.4
U-Net,test_austin30_1536_3584,test,austin30.tif,austin,3584,1536,0.039300735000324494,0.7195480689019303,0.8369036980297034,0.8450379842562992,0.8289245190767622,0.8369036980297033,14.0,19.0,5.0,22.194671630859375,22.626113891601562,0.4314422607421875,,0.4
U-Net,test_austin30_1536_4096,test,austin30.tif,austin,4096,1536,0.03952951799965376,0.5442112132252978,0.7048403852587467,0.8099959530554431,0.6238506374092199,0.7048403852587468,15.0,22.0,7.0,9.426116943359375,12.238693237304688,2.8125762939453125,,0.4
U-Net,test_austin30_2048_2048,test,austin30.tif,austin,2048,2048,0.0408516059997055,0.6526681401957689,0.7898356897210547,0.823287307488051,0.7589963280293758,0.7898356897210548,24.0,57.0,33.0,20.11260986328125,21.816253662109375,1.703643798828125,,0.4
U-Net,test_austin30_2048_4096,test,austin30.tif,austin,4096,2048,0.04098092500044004,0.6121314927468414,0.759406407604949,0.8521986970684039,0.684837379752634,0.7594064076049489,23.0,39.0,16.0,14.0533447265625,17.487716674804688,3.4343719482421875,,0.4
U-Net,test_austin30_3072_512,test,austin30.tif,austin,512,3072,0.03941453600054956,0.5999486335352969,0.7499598686610726,0.8528352611228198,0.6692320714667084,0.7499598686610726,12.0,5.0,7.0,22.986984252929688,29.293441772460938,6.30645751953125,,0.4
U-Net,test_austin30_3072_1024,test,austin30.tif,austin,1024,3072,0.040310106000106316,0.5241935483870968,0.6878306878306878,0.7732636836787219,0.6193974008521296,0.6878306878306878,21.0,30.0,9.0,20.009231567382812,24.979782104492188,4.970550537109375,,0.4
U-Net,test_austin30_3072_2560,test,austin30.tif,austin,2560,3072,0.04006763699999283,0.44918637331948946,0.6199152594715452,0.8530051672559151,0.48687350835322196,0.6199152594715451,21.0,41.0,20.0,11.2213134765625,19.659805297851562,8.438491821289062,,0.4
U-Net,test_austin30_3584_512,test,austin30.tif,austin,512,3584,0.039559812000334205,0.6986991033367632,0.8226284478096269,0.7842514488419576,0.8649546209312376,0.822628447809627,11.0,9.0,2.0,18.496322631835938,16.770553588867188,1.72576904296875,,0.4
U-Net,test_austin30_3584_3072,test,austin30.tif,austin,3072,3584,0.04176527799972973,0.5685004122982683,0.7248967330078858,0.8799916642788299,0.6162799182720373,0.7248967330078858,29.0,42.0,13.0,14.644241333007812,20.91064453125,6.2664031982421875,,0.4
U-Net,test_austin30_4096_3584,test,austin30.tif,austin,3584,4096,0.04089624399966851,0.5567292586219795,0.7152550843873746,0.7857459613557175,0.6563707244791759,0.7152550843873746,32.0,41.0,9.0,18.064498901367188,21.625137329101562,3.560638427734375,,0.4
U-Net,test_austin33_0_0,test,austin33.tif,austin,0,0,0.03983673600032489,0.7058952283671385,0.8275950558145503,0.8656943450250537,0.7927079065956575,0.8275950558145504,13.0,10.0,3.0,21.3165283203125,23.279190063476562,1.9626617431640625,,0.4
U-Net,test_austin33_0_512,test,austin33.tif,austin,512,0,0.04003978199943958,0.5891709541848061,0.7414821578928643,0.6324883161025351,0.895861989912884,0.7414821578928644,20.0,6.0,14.0,18.854904174804688,13.311767578125,5.5431365966796875,,0.4
U-Net,test_austin33_1024_0,test,austin33.tif,austin,0,1024,0.04092924399992626,0.5143364810064912,0.6792895600912179,0.6986802662825554,0.6609461027123575,0.679289560091218,32.0,47.0,15.0,19.597625732421875,20.716476440429688,1.1188507080078125,,0.4
U-Net,test_austin33_1024_4096,test,austin33.tif,austin,4096,1024,0.039285181000195735,0.5871533228676086,0.7398822966980432,0.7168732430360337,0.7644173450965698,0.7398822966980432,13.0,12.0,1.0,11.9415283203125,11.198806762695312,0.7427215576171875,,0.4
U-Net,test_austin33_1536_1536,test,austin33.tif,austin,1536,1536,0.039389022999785084,0.47721282869005355,0.6460989498896121,0.8223899788460741,0.53204706766312,0.6460989498896121,15.0,15.0,0.0,18.393707275390625,28.431320190429688,10.037612915039062,,0.4
U-Net,test_austin33_3584_0,test,austin33.tif,austin,0,3584,0.03875951299960434,0.0,0.0,0.0,0.0,0.0,9.0,0.0,9.0,5.7064056396484375,0.0,5.7064056396484375,,0.4
U-Net,test_austin33_3584_1024,test,austin33.tif,austin,1024,3584,0.037798413999553304,0.0,0.0,0.0,0.0,0.0,1.0,0.0,1.0,0.1430511474609375,0.0,0.1430511474609375,,0.4
U-Net,test_austin35_0_0,test,austin35.tif,austin,0,0,0.0391322699997545,0.42752003972476416,0.5989688800546618,0.6937665477149764,0.5269635167333377,0.5989688800546618,13.0,16.0,3.0,13.25531005859375,17.451095581054688,4.1957855224609375,,0.4
U-Net,test_austin35_0_4096,test,austin35.tif,austin,4096,0,0.04002277200015669,0.5478227902946274,0.7078624164596382,0.5893148450244698,0.8861147612790188,0.7078624164596381,17.0,12.0,5.0,26.190185546875,17.41790771484375,8.77227783203125,,0.4
U-Net,test_austin35_1536_0,test,austin35.tif,austin,0,1536,0.039648422000027495,0.13030078191884026,0.23055948293274087,0.13116166839021026,0.9520433694745621,0.23055948293274084,13.0,4.0,9.0,13.27972412109375,1.82952880859375,11.4501953125,,0.4
U-Net,test_austin35_2048_2560,test,austin35.tif,austin,2560,2048,0.041000893999807886,0.5548895208925837,0.7137349804429186,0.7133803345083627,0.7140899791662756,0.7137349804429185,30.0,49.0,19.0,20.34454345703125,20.324325561523438,0.0202178955078125,,0.4
U-Net,test_austin35_2560_0,test,austin35.tif,austin,0,2560,0.03785101500034216,0.12441927990708479,0.22130406714009038,0.14493488922712666,0.46779475982532753,0.22130406714009035,3.0,5.0,2.0,2.2556304931640625,0.6988525390625,1.5567779541015625,,0.4
U-Net,test_austin35_2560_3072,test,austin35.tif,austin,3072,2560,0.040493861999493674,0.5503196121421734,0.7099434308023265,0.6183767653284291,0.8333411269581482,0.7099434308023264,21.0,24.0,3.0,10.993576049804688,8.157730102539062,2.835845947265625,,0.4
U-Net,test_austin35_3584_3072,test,austin35.tif,austin,3072,3584,0.038067920999310445,0.6552730851238314,0.7917401557638573,0.7064398627860098,0.9004688063469167,0.7917401557638571,3.0,3.0,0.0,10.786819458007812,8.4625244140625,2.3242950439453125,,0.4
U-Net,test_austin9_0_1024,test,austin9.tif,austin,1024,0,0.040320568999959505,0.6022117626861615,0.7517255542757136,0.8828809933302572,0.6544973956308793,0.7517255542757135,27.0,51.0,24.0,18.187713623046875,24.534225463867188,6.3465118408203125,,0.4
U-Net,test_austin9_0_2048,test,austin9.tif,austin,2048,0,0.0407629530000122,0.46886841862041345,0.6384076513276563,0.823049050889622,0.5214307739747148,0.6384076513276564,28.0,49.0,21.0,14.107513427734375,22.267913818359375,8.160400390625,,0.4
U-Net,test_austin9_0_4096,test,austin9.tif,austin,4096,0,0.038930515999709314,0.14435759648265756,0.25229455709711845,0.17514224751066856,0.4509385014497177,0.25229455709711845,11.0,5.0,6.0,6.4361572265625,2.4997711181640625,3.9363861083984375,,0.4
U-Net,test_austin9_1024_512,test,austin9.tif,austin,512,1024,0.04075368399935542,0.490083880616425,0.6577936812707279,0.8143882093616286,0.5517084882733582,0.6577936812707279,31.0,64.0,33.0,17.652130126953125,26.056671142578125,8.404541015625,,0.4
U-Net,test_austin9_1024_4096,test,austin9.tif,austin,4096,1024,0.03936489799980336,0.4392929066905348,0.6104287801996207,0.75,0.5146542232475226,0.6104287801996207,10.0,20.0,10.0,4.99267578125,7.2757720947265625,2.2830963134765625,,0.4
U-Net,test_austin9_1536_0,test,austin9.tif,austin,0,1536,0.0411118260008152,0.5207062009930952,0.6848215659974933,0.8500504926444499,0.573372116570629,0.6848215659974934,29.0,45.0,16.0,13.976669311523438,20.721054077148438,6.744384765625,,0.4
U-Net,test_austin9_1536_2048,test,austin9.tif,austin,2048,1536,0.040660145000401826,0.5175399346726923,0.6820775161799177,0.8832760595647193,0.5555342090727888,0.6820775161799177,21.0,22.0,1.0,19.98138427734375,31.769561767578125,11.788177490234375,,0.4
U-Net,test_austin9_2048_512,test,austin9.tif,austin,512,2048,0.042005864000202564,0.6103122875101581,0.7580048817162219,0.8409506398537477,0.689952565761104,0.7580048817162219,30.0,49.0,19.0,16.693115234375,20.346450805664062,3.6533355712890625,,0.4
U-Net,test_austin9_2560_0,test,austin9.tif,austin,0,2560,0.040521681000427634,0.6205793771540349,0.7658734720465954,0.771118270028357,0.7606995375744543,0.7658734720465953,27.0,37.0,10.0,19.775009155273438,20.045852661132812,0.270843505859375,,0.4
U-Net,test_austin9_2560_1024,test,austin9.tif,austin,1024,2560,0.040564937999988615,0.5084492429970634,0.6741350368367062,0.853302248716284,0.5571505645689622,0.6741350368367062,28.0,47.0,19.0,12.926483154296875,19.797515869140625,6.87103271484375,,0.4
U-Net,test_austin9_3072_2560,test,austin9.tif,austin,2560,3072,0.03963654299968766,0.49274182607515943,0.6601835862946469,0.6298265895953757,0.6936151250875294,0.6601835862946469,12.0,25.0,13.0,6.59942626953125,5.9925079345703125,0.6069183349609375,,0.4
U-Net,test_austin9_3072_3584,test,austin9.tif,austin,3584,3072,0.04042872799982433,0.5310268360520184,0.69368716935276,0.7367035144436334,0.6554171595574421,0.69368716935276,24.0,39.0,15.0,14.63165283203125,16.446304321289062,1.8146514892578125,,0.4
U-Net,test_austin9_4096_1536,test,austin9.tif,austin,1536,4096,0.039937060999363894,0.8070752433262659,0.8932392232220395,0.9040468264951191,0.8826869704937189,0.8932392232220395,8.0,9.0,1.0,20.398712158203125,20.892333984375,0.493621826171875,,0.4
U-Net,test_chicago22_512_0,test,chicago22.tif,chicago,0,512,0.03825524800049607,0.8083689423063182,0.894030994886871,0.9584844274240011,0.8376997467529582,0.894030994886871,3.0,1.0,2.0,22.512054443359375,25.757980346679688,3.2459259033203125,,0.4
U-Net,test_chicago22_512_4096,test,chicago22.tif,chicago,4096,512,0.0408344079996823,0.48376774427814406,0.6520801468338941,0.5735484044556853,0.7555291699156447,0.6520801468338943,7.0,3.0,4.0,28.35540771484375,21.52557373046875,6.829833984375,,0.4
U-Net,test_chicago22_1024_1024,test,chicago22.tif,chicago,1024,1024,0.04242130700004054,0.5694321005568352,0.72565369391234,0.8502349388617314,0.6329153478620245,0.72565369391234,14.0,3.0,11.0,28.171157836914062,37.844085693359375,9.672927856445312,,0.4
U-Net,test_chicago22_1024_2048,test,chicago22.tif,chicago,2048,1024,0.038744872999814106,0.45151416358762586,0.6221284985213561,0.6435615448161917,0.6020770438352856,0.6221284985213561,6.0,4.0,2.0,14.776611328125,15.794754028320312,1.0181427001953125,,0.4
U-Net,test_chicago22_1024_3072,test,chicago22.tif,chicago,3072,1024,0.03925140899991675,0.6325907144935368,0.7749532186819762,0.6493376282611942,0.9608270202020202,0.7749532186819762,8.0,6.0,2.0,17.882156372070312,12.0849609375,5.7971954345703125,,0.4
U-Net,test_chicago22_1536_1536,test,chicago22.tif,chicago,1536,1536,0.03927931399994122,0.7309737374705101,0.8445809680956681,0.9446344558623251,0.7636924385834308,0.8445809680956681,6.0,3.0,3.0,49.298095703125,60.97831726074219,11.680221557617188,,0.4
U-Net,test_chicago22_1536_3072,test,chicago22.tif,chicago,3072,1536,0.03942393399938737,0.7364213818039675,0.8482058439511954,0.789916142557652,0.9157835893447405,0.8482058439511954,12.0,55.0,43.0,36.3922119140625,31.390380859375,5.0018310546875,,0.4
U-Net,test_chicago22_2048_1024,test,chicago22.tif,chicago,1024,2048,0.0402730480000173,0.2931350139206361,0.4533710877287045,0.6733774636671312,0.34172307536876134,0.4533710877287045,19.0,9.0,10.0,15.3289794921875,30.206298828125,14.8773193359375,,0.4
U-Net,test_chicago22_2560_0,test,chicago22.tif,chicago,0,2560,0.04007199900024716,0.524896870702946,0.6884358946332932,0.9416909620991254,0.5425298247125199,0.6884358946332932,13.0,5.0,8.0,25.514602661132812,44.28672790527344,18.772125244140625,,0.4
U-Net,test_chicago22_3584_0,test,chicago22.tif,chicago,0,3584,0.039646971999900416,0.2971653402485916,0.4581765038397375,0.838598970424952,0.3151924426655538,0.45817650383973746,9.0,6.0,3.0,7.558441162109375,20.109939575195312,12.551498413085938,,0.4
U-Net,test_chicago22_3584_2048,test,chicago22.tif,chicago,2048,3584,0.03946134999932838,0.7532127434487782,0.8592371305345626,0.9462091503267974,0.7869075228293956,0.8592371305345626,8.0,8.0,0.0,17.50946044921875,21.0540771484375,3.54461669921875,,0.4
U-Net,test_chicago27_0_3072,test,chicago27.tif,chicago,3072,0,0.039000662000034936,0.7250255827174531,0.8405969047430726,0.8467135838534059,0.834567965866555,0.8405969047430726,7.0,4.0,3.0,14.364242553710938,14.573287963867188,0.20904541015625,,0.4
U-Net,test_chicago27_0_4096,test,chicago27.tif,chicago,4096,0,0.039396371000293584,0.7404817870136092,0.8508928878642948,0.9004414910563925,0.8065128945201347,0.8508928878642947,9.0,5.0,4.0,41.90635681152344,46.78688049316406,4.880523681640625,,0.4
U-Net,test_chicago27_512_1024,test,chicago27.tif,chicago,1024,512,0.040639269999701355,0.7791842689116494,0.8758893415669494,0.9200775179888389,0.8357510757595514,0.8758893415669494,20.0,16.0,4.0,21.258926391601562,23.4039306640625,2.1450042724609375,,0.4
U-Net,test_chicago27_512_3584,test,chicago27.tif,chicago,3584,512,0.039899700000205485,0.2618324466924032,0.4150035091881419,0.7812534891510663,0.2825463698279807,0.41500350918814194,15.0,3.0,12.0,20.499420166015625,56.68182373046875,36.182403564453125,,0.4
U-Net,test_chicago27_1024_1536,test,chicago27.tif,chicago,1536,1024,0.04018292799992196,0.74667959909473,0.8549703099317351,0.7850140722511523,0.9386146017914913,0.854970309931735,17.0,27.0,10.0,28.056716918945312,23.465347290039062,4.59136962890625,,0.4
U-Net,test_chicago27_1024_2048,test,chicago27.tif,chicago,2048,1024,0.03989434099912614,0.8091387113951012,0.8945015728187488,0.84764494648398,0.9468416543344498,0.8945015728187489,17.0,28.0,11.0,32.82508850097656,29.386138916015625,3.4389495849609375,,0.4
U-Net,test_chicago27_1024_4096,test,chicago27.tif,chicago,4096,1024,0.04070937300002697,0.1854261151068151,0.31284297307741854,0.2658216764081347,0.38007449372437324,0.3128429730774186,27.0,2.0,25.0,17.425918579101562,12.187576293945312,5.23834228515625,,0.4
U-Net,test_chicago27_1536_1536,test,chicago27.tif,chicago,1536,1536,0.03907736000019213,0.6815725895014276,0.8106371306914657,0.8171261553045264,0.8042503563560969,0.8106371306914656,8.0,5.0,3.0,14.487075805664062,14.719009399414062,0.23193359375,,0.4
U-Net,test_chicago27_2048_512,test,chicago27.tif,chicago,512,2048,0.04002576399943791,0.6015775514259303,0.751231248078282,0.7046061685420546,0.8044641103550262,0.751231248078282,14.0,77.0,63.0,37.6983642578125,33.01887512207031,4.6794891357421875,,0.4
U-Net,test_chicago27_2560_2560,test,chicago27.tif,chicago,2560,2560,0.03968539600009535,0.6638567765004733,0.7979734624716173,0.8793022159358793,0.7304155874211149,0.7979734624716173,15.0,38.0,23.0,35.60028076171875,42.85697937011719,7.2566986083984375,,0.4
U-Net,test_chicago27_2560_3584,test,chicago27.tif,chicago,3584,2560,0.04058363000058307,0.6746215037208109,0.8057002758197978,0.7628794642857143,0.8536140666366951,0.8057002758197978,24.0,59.0,35.0,34.1796875,30.54656982421875,3.63311767578125,,0.4
U-Net,test_chicago27_4096_1024,test,chicago27.tif,chicago,1024,4096,0.04027707300065231,0.5073921586974829,0.6732052515596387,0.8120675712103513,0.5748984849609313,0.6732052515596387,15.0,6.0,9.0,25.472259521484375,35.98060607910156,10.508346557617188,,0.4
U-Net,test_chicago27_4096_2048,test,chicago27.tif,chicago,2048,4096,0.03959660199961945,0.580783621232254,0.7348047049975391,0.7633541300426275,0.7083137873683313,0.7348047049975391,11.0,9.0,2.0,33.20045471191406,35.78033447265625,2.5798797607421875,,0.4
U-Net,test_chicago28_0_3072,test,chicago28.tif,chicago,3072,0,0.03965451200019743,0.658371644035797,0.7939977102280767,0.8302016221232867,0.7608194559148003,0.7939977102280766,12.0,3.0,9.0,28.361129760742188,30.947494506835938,2.58636474609375,,0.4
U-Net,test_chicago28_1536_1024,test,chicago28.tif,chicago,1024,1536,0.03898303799996938,0.5136482032745057,0.6786890139509566,0.7915258749564825,0.5940093440708182,0.6786890139509565,8.0,1.0,7.0,18.627548217773438,24.82147216796875,6.1939239501953125,,0.4
U-Net,test_chicago28_1536_3584,test,chicago28.tif,chicago,3584,1536,0.038940368999647035,0.06717223746105823,0.12588827764273502,0.6682719022041119,0.06948929477096909,0.12588827764273502,12.0,4.0,8.0,6.1786651611328125,59.41963195800781,53.240966796875,,0.4
U-Net,test_chicago28_2560_2048,test,chicago28.tif,chicago,2048,2560,0.04045630299970071,0.25911277686897344,0.41157993410774096,0.9459016806510948,0.2630103971078665,0.411579934107741,10.0,7.0,3.0,15.139389038085938,54.44793701171875,39.30854797363281,,0.4
U-Net,test_chicago28_4096_1024,test,chicago28.tif,chicago,1024,4096,0.03920808700058842,0.6774491233182768,0.8077134667168544,0.8413560139944505,0.7766579430925998,0.8077134667168543,11.0,5.0,6.0,18.972015380859375,20.552444458007812,1.5804290771484375,,0.4
U-Net,test_chicago28_4096_1536,test,chicago28.tif,chicago,1536,4096,0.03985725500024273,0.1759212709265497,0.29920586569190155,0.7016040100250627,0.19014821154447026,0.2992058656919015,9.0,1.0,8.0,7.610321044921875,28.080368041992188,20.470046997070312,,0.4
U-Net,test_chicago28_4096_2048,test,chicago28.tif,chicago,2048,4096,0.03972977600005834,0.5511175561930582,0.7106070768042599,0.8584054863577589,0.60622803772887,0.7106070768042599,11.0,5.0,6.0,23.306655883789062,33.001708984375,9.695053100585938,,0.4
U-Net,test_chicago29_512_2560,test,chicago29.tif,chicago,2560,512,0.039831241000683804,0.19232989208659376,0.322611876734909,0.6611910682440408,0.21335710812125142,0.32261187673490893,14.0,6.0,8.0,15.187454223632812,47.06573486328125,31.878280639648438,,0.4
U-Net,test_chicago29_1536_2560,test,chicago29.tif,chicago,2560,1536,0.03899114599971654,0.375543326554213,0.5460290770992478,0.5584049807293211,0.5341898522363084,0.5460290770992478,11.0,4.0,7.0,12.866973876953125,13.450241088867188,0.5832672119140625,,0.4
U-Net,test_chicago29_2048_2560,test,chicago29.tif,chicago,2560,2048,0.03917099099999177,0.48434158627572116,0.6526012485993277,0.8852601407105012,0.5167832876990164,0.6526012485993277,10.0,5.0,5.0,8.783721923828125,15.04669189453125,6.262969970703125,,0.4
U-Net,test_chicago29_2048_3072,test,chicago29.tif,chicago,3072,2048,0.0389493049997327,0.7331610998339178,0.8460391822827938,0.9851471645714003,0.7413558246720532,0.8460391822827941,8.0,8.0,0.0,30.768585205078125,40.886688232421875,10.11810302734375,,0.4
U-Net,test_chicago29_2560_2048,test,chicago29.tif,chicago,2048,2560,0.03998933500042767,0.7093521824150985,0.8299661002718275,0.939136630841399,0.7435335708980133,0.8299661002718276,17.0,13.0,4.0,32.12165832519531,40.57197570800781,8.4503173828125,,0.4
U-Net,test_chicago29_2560_2560,test,chicago29.tif,chicago,2560,2560,0.03947123199941416,0.49593545533576344,0.663043921536642,0.8914140029606886,0.5278219653929812,0.6630439215366422,10.0,10.0,0.0,13.915252685546875,23.500823974609375,9.5855712890625,,0.4
U-Net,test_chicago29_3584_512,test,chicago29.tif,chicago,512,3584,0.04069451299983484,0.43342756403286686,0.604742890269869,0.6845126393641683,0.5416246118012422,0.604742890269869,23.0,19.0,4.0,31.101608276367188,39.306640625,8.205032348632812,,0.4
U-Net,test_chicago29_4096_1024,test,chicago29.tif,chicago,1024,4096,0.043176303999644006,0.5203458287816938,0.6845098252397812,0.7843717161212043,0.6072039584032204,0.6845098252397812,20.0,15.0,5.0,35.21232604980469,45.4864501953125,10.274124145507812,,0.4
U-Net,test_chicago29_4096_2560,test,chicago29.tif,chicago,2560,4096,0.041049657999792544,0.5013158739328584,0.6678353071956903,0.6317364664010839,0.7083097154517628,0.6678353071956904,10.0,3.0,7.0,18.864059448242188,16.824722290039062,2.039337158203125,,0.4
U-Net,test_chicago30_0_3584,test,chicago30.tif,chicago,3584,0,0.04019353100011358,0.14406055786280228,0.2518407908964523,0.37191088130180217,0.19037795336888405,0.2518407908964523,13.0,6.0,7.0,5.0167083740234375,9.800338745117188,4.78363037109375,,0.4
U-Net,test_chicago30_512_1024,test,chicago30.tif,chicago,1024,512,0.04122563300006732,0.4066808183069351,0.5782133558861084,0.8508333129987067,0.4379026687598116,0.5782133558861084,13.0,5.0,8.0,15.633010864257812,30.374526977539062,14.74151611328125,,0.4
U-Net,test_chicago30_1024_512,test,chicago30.tif,chicago,512,1024,0.04124958099964715,0.45926099377136703,0.6294432534435616,0.5313732714898782,0.7719057964169894,0.6294432534435617,11.0,7.0,4.0,35.20050048828125,24.231719970703125,10.968780517578125,,0.4
U-Net,test_chicago30_1024_2560,test,chicago30.tif,chicago,2560,1024,0.04087921500013181,0.02872205740632263,0.05584026744549145,0.02872205740632263,1.0,0.05584026744549144,9.0,2.0,7.0,20.187759399414062,0.579833984375,19.607925415039062,,0.4
U-Net,test_chicago30_1536_512,test,chicago30.tif,chicago,512,1536,0.03977377399951365,0.0,0.0,0.0,0.0,0.0,2.0,0.0,2.0,32.8704833984375,0.0,32.8704833984375,,0.4
U-Net,test_chicago30_1536_4096,test,chicago30.tif,chicago,4096,1536,0.04121299700000236,0.4986939107215418,0.6655046866527229,0.8072730689719978,0.566091196626252,0.665504686652723,6.0,7.0,1.0,4.059600830078125,5.7891845703125,1.729583740234375,,0.4
U-Net,test_chicago30_2048_1536,test,chicago30.tif,chicago,1536,2048,0.03962728700025764,0.014244301236730693,0.02808850139825629,0.022744680142528888,0.03671450841262162,0.02808850139825629,15.0,2.0,13.0,11.455154418945312,7.0964813232421875,4.358673095703125,,0.4
U-Net,test_chicago30_2048_3072,test,chicago30.tif,chicago,3072,2048,0.03993193199949019,0.44981343550300934,0.6205121631349038,0.8213106409637296,0.49860942736932184,0.6205121631349039,16.0,9.0,7.0,29.227828979492188,48.14414978027344,18.91632080078125,,0.4
U-Net,test_chicago30_2560_512,test,chicago30.tif,chicago,512,2560,0.03936509899995144,0.689398390424529,0.8161466168454086,0.8499974730032513,0.7848886953004682,0.8161466168454085,10.0,28.0,18.0,22.643661499023438,24.522018432617188,1.87835693359375,,0.4
U-Net,test_chicago30_3072_0,test,chicago30.tif,chicago,0,3072,0.03942327799995837,0.6000278386748791,0.7500217485863419,0.7872197957723973,0.7161804815240416,0.750021748586342,17.0,24.0,7.0,25.066757202148438,27.553176879882812,2.486419677734375,,0.4
U-Net,test_chicago30_3072_3072,test,chicago30.tif,chicago,3072,3072,0.04014084600021306,0.10812138728323699,0.19514357997965626,0.12535182951347004,0.4402730375426621,0.19514357997965626,16.0,4.0,12.0,11.38458251953125,3.2413482666015625,8.143234252929688,,0.4
U-Net,test_chicago30_3584_0,test,chicago30.tif,chicago,0,3584,0.039294384000641,0.6877792672028596,0.8150109206433251,0.8402784096078609,0.7912186763760977,0.8150109206433251,6.0,13.0,7.0,8.385467529296875,8.905410766601562,0.5199432373046875,,0.4
U-Net,test_chicago33_512_512,test,chicago33.tif,chicago,512,512,0.03947962199981703,0.5374403700669783,0.6991365395765753,0.8246732841642175,0.6067703020659078,0.6991365395765753,11.0,5.0,6.0,20.637130737304688,28.048324584960938,7.41119384765625,,0.4
U-Net,test_chicago33_512_1536,test,chicago33.tif,chicago,1536,512,0.03760490100012248,1.0,1.0,1.0,1.0,1.0,0.0,0.0,0.0,0.0,0.0,0.0,,0.4
U-Net,test_chicago33_512_2560,test,chicago33.tif,chicago,2560,512,0.04073455700017803,0.7249993299203945,0.8405792597656857,0.8153674564417918,0.8673999486916367,0.8405792597656857,15.0,14.0,1.0,25.30975341796875,23.79150390625,1.51824951171875,,0.4
U-Net,test_chicago33_512_4096,test,chicago33.tif,chicago,4096,512,0.03966878600022028,0.811201110853969,0.8957603945720785,0.9470825846719174,0.8497145558343333,0.8957603945720783,15.0,14.0,1.0,28.236770629882812,31.472396850585938,3.235626220703125,,0.4
U-Net,test_chicago33_1536_512,test,chicago33.tif,chicago,512,1536,0.03901035199942271,0.7666599057985712,0.867920195938361,0.8734690733560994,0.862441374065154,0.867920195938361,8.0,4.0,4.0,29.714202880859375,30.094146728515625,0.37994384765625,,0.4
U-Net,test_chicago33_1536_3072,test,chicago33.tif,chicago,3072,1536,0.03960288100006437,0.5667928764412649,0.7235070888612283,0.7697744127755239,0.682486225185287,0.7235070888612284,12.0,11.0,1.0,29.524993896484375,33.30116271972656,3.7761688232421875,,0.4
U-Net,test_chicago33_2048_3072,test,chicago33.tif,chicago,3072,2048,0.039753676999680465,0.671531732006894,0.8034926518572659,0.8675836410270864,0.7482194511290989,0.8034926518572659,12.0,8.0,4.0,27.068328857421875,31.386566162109375,4.3182373046875,,0.4
U-Net,test_chicago33_2560_2560,test,chicago33.tif,chicago,2560,2560,0.04002084300009301,0.7500346039919165,0.8571654552213426,0.9160637002975386,0.8053833920423299,0.8571654552213425,16.0,14.0,2.0,22.564697265625,25.665664672851562,3.1009674072265625,,0.4
U-Net,test_chicago33_3584_2560,test,chicago33.tif,chicago,2560,3584,0.039148763000412146,0.6425382898483799,0.7823723730759319,0.6546046183400636,0.9721122496506753,0.782372373075932,7.0,2.0,5.0,9.730148315429688,6.5521240234375,3.1780242919921875,,0.4
U-Net,test_chicago33_3584_3584,test,chicago33.tif,chicago,3584,3584,0.03882283399980224,0.7770947009250952,0.8745675742779111,0.8862889157273215,0.8631522200803737,0.874567574277911,7.0,5.0,2.0,45.4833984375,46.70257568359375,1.21917724609375,,0.4
U-Net,test_chicago33_4096_1024,test,chicago33.tif,chicago,1024,4096,0.04086549100065895,0.48445467262307657,0.6527038939720947,0.7909675280422891,0.5555857429329193,0.6527038939720947,19.0,10.0,9.0,20.711135864257812,29.485702514648438,8.774566650390625,,0.4
U-Net,test_chicago8_0_1536,test,chicago8.tif,chicago,1536,0,0.03911397800038685,0.48440128460009174,0.6526554370782466,0.8159904315024381,0.5438034974125033,0.6526554370782465,12.0,34.0,22.0,20.730972290039062,31.107330322265625,10.376358032226562,,0.4
U-Net,test_chicago8_0_4096,test,chicago8.tif,chicago,4096,0,0.040239181999822904,0.6337338237782666,0.7758103732132539,0.7696093276801939,0.7821121589834905,0.7758103732132539,17.0,74.0,57.0,35.2691650390625,34.705352783203125,0.563812255859375,,0.4
U-Net,test_chicago8_512_1024,test,chicago8.tif,chicago,1024,512,0.039540040000247245,0.6514914224265476,0.7889734255710596,0.7552647651877076,0.8258315951256998,0.7889734255710595,10.0,75.0,65.0,45.59364318847656,41.69769287109375,3.8959503173828125,,0.4
U-Net,test_chicago8_1024_1024,test,chicago8.tif,chicago,1024,1024,0.039679187999354326,0.6818160630214888,0.8108093126385809,0.7944793273513373,0.8278246892898377,0.810809312638581,14.0,64.0,50.0,35.115814208984375,33.701324462890625,1.41448974609375,,0.4
U-Net,test_chicago8_1024_2048,test,chicago8.tif,chicago,2048,1024,0.039455103000364034,0.6607516391569548,0.7957260117381203,0.7522639262735523,0.8445180858234105,0.7957260117381203,15.0,63.0,48.0,38.12294006347656,33.95843505859375,4.1645050048828125,,0.4
U-Net,test_chicago8_2048_1536,test,chicago8.tif,chicago,1536,2048,0.04059332099950552,0.6573804950166448,0.7932764950392912,0.7375928141009727,0.8580542683487142,0.7932764950392913,18.0,52.0,34.0,33.805084228515625,29.059219360351562,4.7458648681640625,,0.4
U-Net,test_chicago8_2048_4096,test,chicago8.tif,chicago,4096,2048,0.0394440999998551,0.5544754450195682,0.7133923495492569,0.7003667676606602,0.7269116186693148,0.7133923495492569,12.0,13.0,1.0,9.56878662109375,9.2193603515625,0.34942626953125,,0.4
U-Net,test_chicago8_2560_1024,test,chicago8.tif,chicago,1024,2560,0.03998077699998248,0.5654219648942798,0.7223892056892984,0.6998022568121621,0.7464828253507498,0.7223892056892984,17.0,95.0,78.0,42.05474853515625,39.424896240234375,2.629852294921875,,0.4
U-Net,test_chicago8_3072_1024,test,chicago8.tif,chicago,1024,3072,0.040237149999484245,0.5343534567219481,0.6965193767850094,0.7191886740430837,0.6752355119359813,0.6965193767850095,20.0,61.0,41.0,31.821823120117188,33.89320373535156,2.071380615234375,,0.4
U-Net,test_chicago8_3072_3072,test,chicago8.tif,chicago,3072,3072,0.03980242299985548,0.5484598647970136,0.7083940336663628,0.870616365568544,0.597130452694459,0.7083940336663627,18.0,4.0,14.0,33.02459716796875,48.149871826171875,15.125274658203125,,0.4
U-Net,test_chicago8_3072_4096,test,chicago8.tif,chicago,4096,3072,0.038237296999795944,0.6859591789932348,0.813731657966776,0.7673732482442357,0.8660513934129569,0.813731657966776,4.0,4.0,0.0,11.895370483398438,10.540008544921875,1.3553619384765625,,0.4
U-Net,test_chicago8_3584_2048,test,chicago8.tif,chicago,2048,3584,0.03931453799941664,0.5265857232572745,0.6898868700719918,0.593376264949402,0.823889689506092,0.6898868700719918,9.0,8.0,1.0,16.171646118164062,11.64703369140625,4.5246124267578125,,0.4
U-Net,test_chicago8_4096_0,test,chicago8.tif,chicago,0,4096,0.04005828399931488,0.6371141306093604,0.7783380751496125,0.7344429838366259,0.8278136021202446,0.7783380751496124,18.0,114.0,96.0,41.207122802734375,36.559295654296875,4.6478271484375,,0.4
U-Net,test_chicago8_4096_1536,test,chicago8.tif,chicago,1536,4096,0.04456594499970379,0.5510622843653532,0.7105611295175434,0.6935347487259181,0.7284445511281805,0.7105611295175432,16.0,31.0,15.0,16.691970825195312,15.89202880859375,0.7999420166015625,,0.4
U-Net,test_chicago8_4096_4096,test,chicago8.tif,chicago,4096,4096,0.04139355400002387,0.22313229089103995,0.3648538961038961,0.6393376003251041,0.25526305114996145,0.3648538961038961,4.0,2.0,2.0,3.7548065185546875,9.404373168945312,5.649566650390625,,0.4
U-Net,test_kitsap9_0_3584,test,kitsap9.tif,kitsap,3584,0,0.03759918100058712,0.5713373763166294,0.7271988624822263,0.6699101796407185,0.7952021323856064,0.7271988624822263,1.0,1.0,0.0,1.019287109375,0.8586883544921875,0.1605987548828125,,0.4
U-Net,test_kitsap9_512_1024,test,kitsap9.tif,kitsap,1024,512,0.03949223699964932,0.481915404950733,0.6503952969795257,0.7497838330490056,0.5742719576151354,0.6503952969795257,11.0,33.0,22.0,16.323471069335938,21.312332153320312,4.988861083984375,,0.4
U-Net,test_kitsap9_512_4096,test,kitsap9.tif,kitsap,4096,512,0.03798920699955488,0.49777361143660653,0.664684712877484,0.747624076029567,0.5983098591549296,0.6646847128774841,2.0,6.0,4.0,2.167510986328125,2.70843505859375,0.540924072265625,,0.4
U-Net,test_kitsap9_1536_0,test,kitsap9.tif,kitsap,0,1536,0.03921896799965907,0.0013465627214741319,0.002689503857314743,0.004135379257808249,0.00199276312339399,0.002689503857314743,9.0,10.0,1.0,3.5053253173828125,7.2742462158203125,3.7689208984375,,0.4
U-Net,test_kitsap9_1536_1536,test,kitsap9.tif,kitsap,1536,1536,0.039512354000180494,0.6072387889824721,0.7556298331586551,0.7789295412736882,0.7336835446519431,0.755629833158655,16.0,14.0,2.0,13.064193725585938,13.869857788085938,0.8056640625,,0.4
U-Net,test_kitsap9_2048_0,test,kitsap9.tif,kitsap,0,2048,0.03808954099986295,0.3687825496263869,0.5388475323959195,0.7652310101801096,0.41582978723404257,0.5388475323959194,3.0,2.0,1.0,2.4356842041015625,4.482269287109375,2.0465850830078125,,0.4
U-Net,test_kitsap9_2048_2048,test,kitsap9.tif,kitsap,2048,2048,0.037724286999946344,1.0,1.0,1.0,1.0,1.0,0.0,0.0,0.0,0.0,0.0,0.0,,0.4
U-Net,test_kitsap9_2048_4096,test,kitsap9.tif,kitsap,4096,2048,0.03823137899962603,0.0012610340479192938,0.0025188916876574307,0.0017172295363480253,0.004724409448818898,0.0025188916876574307,4.0,2.0,2.0,0.6664276123046875,0.2422332763671875,0.4241943359375,,0.4
U-Net,test_kitsap9_2560_0,test,kitsap9.tif,kitsap,0,2560,0.03751695199935057,0.0,0.0,0.0,0.0,0.0,1.0,0.0,1.0,0.091552734375,0.0,0.091552734375,,0.4
U-Net,test_kitsap9_3584_1536,test,kitsap9.tif,kitsap,1536,3584,0.037756621999506024,0.0,0.0,0.0,0.0,0.0,1.0,0.0,1.0,0.1842498779296875,0.0,0.1842498779296875,,0.4
U-Net,test_kitsap9_3584_3072,test,kitsap9.tif,kitsap,3072,3584,0.037614246999510215,0.0,0.0,0.0,0.0,0.0,1.0,0.0,1.0,0.110626220703125,0.0,0.110626220703125,,0.4
U-Net,test_kitsap9_4096_512,test,kitsap9.tif,kitsap,512,4096,0.038910842000404955,0.15852119026149683,0.2736612702366127,0.6368411519652237,0.17427509293680296,0.2736612702366127,9.0,9.0,0.0,2.1060943603515625,7.6961517333984375,5.590057373046875,,0.4
U-Net,test_kitsap9_4096_3584,test,kitsap9.tif,kitsap,3584,4096,0.03747743799976888,0.629976580796253,0.7729885057471264,0.7663817663817664,0.7797101449275362,0.7729885057471265,1.0,1.0,0.0,0.6694793701171875,0.6580352783203125,0.011444091796875,,0.4
U-Net,test_tyrol-w1_512_512,test,tyrol-w1.tif,tyrol-w,512,512,0.03750926900011109,1.0,1.0,1.0,1.0,1.0,0.0,0.0,0.0,0.0,0.0,0.0,,0.4
U-Net,test_tyrol-w1_1024_1024,test,tyrol-w1.tif,tyrol-w,1024,1024,0.03721095899982174,1.0,1.0,1.0,1.0,1.0,0.0,0.0,0.0,0.0,0.0,0.0,,0.4
U-Net,test_tyrol-w1_2560_1536,test,tyrol-w1.tif,tyrol-w,1536,2560,0.03738278099990566,1.0,1.0,1.0,1.0,1.0,0.0,0.0,0.0,0.0,0.0,0.0,,0.4
U-Net,test_tyrol-w1_2560_2560,test,tyrol-w1.tif,tyrol-w,2560,2560,0.037999664999915694,0.6572664637077391,0.7931934641786715,0.6646143875567078,0.9834572045073124,0.7931934641786715,2.0,3.0,1.0,2.35443115234375,1.5911102294921875,0.7633209228515625,,0.4
U-Net,test_tyrol-w1_2560_3072,test,tyrol-w1.tif,tyrol-w,3072,2560,0.03893267300009029,0.5652923143898856,0.7222833833567033,0.5867048214319333,0.9393537496985773,0.7222833833567034,9.0,16.0,7.0,20.262527465820312,12.6556396484375,7.6068878173828125,,0.4
U-Net,test_tyrol-w1_2560_3584,test,tyrol-w1.tif,tyrol-w,3584,2560,0.03965420099939365,0.5846118427111152,0.7378612565597159,0.6222969396357363,0.9061362565837365,0.737861256559716,12.0,38.0,26.0,38.915252685546875,26.725387573242188,12.189865112304688,,0.4
U-Net,test_tyrol-w1_3072_4096,test,tyrol-w1.tif,tyrol-w,4096,3072,0.03926917499939009,0.6150204708290685,0.7616256040560881,0.6881256454564975,0.8527045347997415,0.761625604056088,11.0,22.0,11.0,37.30735778808594,30.106735229492188,7.20062255859375,,0.4
U-Net,test_tyrol-w1_3584_3584,test,tyrol-w1.tif,tyrol-w,3584,3584,0.039174911999907636,0.53678289451391,0.6985799964720409,0.6420378551453005,0.7660428453987137,0.6985799964720409,9.0,18.0,9.0,18.824005126953125,15.776824951171875,3.04718017578125,,0.4
U-Net,test_tyrol-w1_4096_1024,test,tyrol-w1.tif,tyrol-w,1024,4096,0.03771266200055834,1.0,1.0,1.0,1.0,1.0,0.0,0.0,0.0,0.0,0.0,0.0,,0.4
U-Net,test_tyrol-w1_4096_1536,test,tyrol-w1.tif,tyrol-w,1536,4096,0.037434112000482855,1.0,1.0,1.0,1.0,1.0,0.0,0.0,0.0,0.0,0.0,0.0,,0.4
U-Net,test_tyrol-w15_0_3584,test,tyrol-w15.tif,tyrol-w,3584,0,0.03728632000002108,1.0,1.0,1.0,1.0,1.0,0.0,0.0,0.0,0.0,0.0,0.0,,0.4
U-Net,test_tyrol-w15_512_1024,test,tyrol-w15.tif,tyrol-w,1024,512,0.039859237000200665,0.2595923634215354,0.41218472096223746,0.27527964851252545,0.8199921426115995,0.41218472096223746,14.0,11.0,3.0,46.27723693847656,15.535736083984375,30.741500854492188,,0.4
U-Net,test_tyrol-w15_512_3584,test,tyrol-w15.tif,tyrol-w,3584,512,0.037359557999479875,1.0,1.0,1.0,1.0,1.0,0.0,0.0,0.0,0.0,0.0,0.0,,0.4
U-Net,test_tyrol-w15_1024_1024,test,tyrol-w15.tif,tyrol-w,1024,1024,0.03981263100013166,0.5118977023110525,0.6771591775403552,0.5501952511333543,0.8802981773264582,0.6771591775403552,15.0,27.0,12.0,42.49382019042969,26.559066772460938,15.93475341796875,,0.4
U-Net,test_tyrol-w15_1536_1024,test,tyrol-w15.tif,tyrol-w,1024,1536,0.03916545300035068,0.47618214341266135,0.6451536425062234,0.4951678123736353,0.9254808600687753,0.6451536425062234,14.0,14.0,0.0,18.86749267578125,10.094833374023438,8.772659301757812,,0.4
U-Net,test_tyrol-w15_2048_2048,test,tyrol-w15.tif,tyrol-w,2048,2048,0.03818035499989492,0.14588057445200303,0.2546174142480211,0.2300357568533969,0.28508124076809455,0.2546174142480211,2.0,1.0,1.0,0.3200531005859375,0.2582550048828125,0.061798095703125,,0.4
U-Net,test_tyrol-w15_2560_4096,test,tyrol-w15.tif,tyrol-w,4096,2560,0.038167701000020315,0.0,0.0,0.0,0.0,0.0,1.0,0.0,1.0,0.6561279296875,0.0,0.6561279296875,,0.4
U-Net,test_tyrol-w15_3072_4096,test,tyrol-w15.tif,tyrol-w,4096,3072,0.03742361400054506,1.0,1.0,1.0,1.0,1.0,0.0,0.0,0.0,0.0,0.0,0.0,,0.4
U-Net,test_tyrol-w15_3584_512,test,tyrol-w15.tif,tyrol-w,512,3584,0.03722660500079655,1.0,1.0,1.0,1.0,1.0,0.0,0.0,0.0,0.0,0.0,0.0,,0.4
U-Net,test_tyrol-w29_0_2048,test,tyrol-w29.tif,tyrol-w,2048,0,0.037317837000045984,1.0,1.0,1.0,1.0,1.0,0.0,0.0,0.0,0.0,0.0,0.0,,0.4
U-Net,test_tyrol-w29_512_3584,test,tyrol-w29.tif,tyrol-w,3584,512,0.04006552200007718,0.6166155387215927,0.7628474723300106,0.7465474115061017,0.7798752098311849,0.7628474723300106,16.0,20.0,4.0,25.163650512695312,24.088287353515625,1.0753631591796875,,0.4
U-Net,test_tyrol-w29_1024_2048,test,tyrol-w29.tif,tyrol-w,2048,1024,0.03835463399991568,1.0,1.0,1.0,1.0,1.0,0.0,0.0,0.0,0.0,0.0,0.0,,0.4
U-Net,test_tyrol-w29_1536_2048,test,tyrol-w29.tif,tyrol-w,2048,1536,0.03870383299999958,0.675288636130049,0.8061758691206544,0.7013093289689034,0.947917668558238,0.8061758691206544,7.0,10.0,3.0,10.721588134765625,7.932281494140625,2.789306640625,,0.4
U-Net,test_tyrol-w29_2048_3072,test,tyrol-w29.tif,tyrol-w,3072,2048,0.03920315400046093,0.6802268421936072,0.80968453200705,0.7312247870187785,0.9070053715308863,0.80968453200705,7.0,21.0,14.0,59.195709228515625,47.723388671875,11.472320556640625,,0.4
U-Net,test_tyrol-w29_2048_3584,test,tyrol-w29.tif,tyrol-w,3584,2048,0.04104632700000366,0.5504134160464678,0.7100214824637086,0.5788112231411201,0.9181579932609509,0.7100214824637086,12.0,18.0,6.0,40.40679931640625,25.472640991210938,14.934158325195312,,0.4
U-Net,test_tyrol-w29_3072_3584,test,tyrol-w29.tif,tyrol-w,3584,3072,0.039570117999573995,0.6801820655017264,0.8096528102132959,0.7221918025631869,0.9212167223403178,0.809652810213296,14.0,31.0,17.0,48.07090759277344,37.685394287109375,10.385513305664062,,0.4
U-Net,test_tyrol-w29_3584_2048,test,tyrol-w29.tif,tyrol-w,2048,3584,0.038878451999153185,0.6189489591966071,0.7646306026889896,0.8318755118755119,0.707444141082075,0.7646306026889895,7.0,3.0,4.0,11.644363403320312,13.692474365234375,2.0481109619140625,,0.4
U-Net,test_tyrol-w29_3584_3072,test,tyrol-w29.tif,tyrol-w,3072,3584,0.040123261000189814,0.6594312636715464,0.79476779557899,0.7302665904742975,0.8717671135365999,0.7947677955789901,19.0,31.0,12.0,30.707550048828125,25.7232666015625,4.984283447265625,,0.4
U-Net,test_tyrol-w29_4096_2560,test,tyrol-w29.tif,tyrol-w,2560,4096,0.04070166400015296,0.6366158883431837,0.7779661591672036,0.6792190298562695,0.9103100759815105,0.7779661591672035,27.0,34.0,7.0,25.770950317382812,19.228744506835938,6.542205810546875,,0.4
U-Net,test_tyrol-w5_0_4096,test,tyrol-w5.tif,tyrol-w,4096,0,0.03802173700023559,0.7530973451327434,0.8591620393740536,0.7673579801623084,0.9759174311926605,0.8591620393740534,2.0,2.0,0.0,0.4230499267578125,0.3326416015625,0.0904083251953125,,0.4
U-Net,test_tyrol-w5_512_512,test,tyrol-w5.tif,tyrol-w,512,512,0.039196568000079424,0.6152847049044057,0.7618281817889422,0.69899073363631,0.8370794458580718,0.7618281817889422,8.0,12.0,4.0,6.4632415771484375,5.39703369140625,1.0662078857421875,,0.4
U-Net,test_tyrol-w5_512_3584,test,tyrol-w5.tif,tyrol-w,3584,512,0.03805104700040829,0.7652690256907416,0.867028214457335,0.9368046283934134,0.8069256325070279,0.8670282144573351,3.0,3.0,0.0,2.5714874267578125,2.985382080078125,0.4138946533203125,,0.4
U-Net,test_tyrol-w5_1024_512,test,tyrol-w5.tif,tyrol-w,512,1024,0.03811253799995029,0.24875896304467732,0.39840989399293286,0.2756723716381418,0.7181528662420382,0.39840989399293286,3.0,1.0,2.0,0.62408447265625,0.23956298828125,0.384521484375,,0.4
U-Net,test_tyrol-w5_1024_1024,test,tyrol-w5.tif,tyrol-w,1024,1024,0.03822448499977327,0.12812834224598932,0.22715206674251043,0.28108869075551385,0.19058224626153356,0.2271520667425104,4.0,6.0,2.0,0.8129119873046875,1.1989593505859375,0.38604736328125,,0.4
U-Net,test_tyrol-w5_1024_4096,test,tyrol-w5.tif,tyrol-w,4096,1024,0.0376424420001058,0.6473429951690821,0.7859237536656891,0.7570621468926554,0.8170731707317073,0.7859237536656892,1.0,1.0,0.0,0.135040283203125,0.1251220703125,0.009918212890625,,0.4
U-Net,test_tyrol-w5_1536_4096,test,tyrol-w5.tif,tyrol-w,4096,1536,0.038007957999980135,0.3991228070175439,0.5705329153605015,0.4130105900151286,0.9222972972972973,0.5705329153605015,2.0,2.0,0.0,0.2521514892578125,0.1129150390625,0.1392364501953125,,0.4
U-Net,test_tyrol-w5_2560_1024,test,tyrol-w5.tif,tyrol-w,1024,2560,0.038702670999555266,0.4537835736077047,0.6242794069843517,0.46841868018549276,0.9355837300510594,0.6242794069843516,3.0,8.0,5.0,61.77787780761719,30.930328369140625,30.847549438476562,,0.4
U-Net,test_tyrol-w5_2560_1536,test,tyrol-w5.tif,tyrol-w,1536,2560,0.03939855099997658,0.37319911259985444,0.5435469760729498,0.46695851573900354,0.650187906749366,0.5435469760729497,10.0,6.0,4.0,34.76829528808594,24.970245361328125,9.798049926757812,,0.4
U-Net,test_tyrol-w5_2560_3072,test,tyrol-w5.tif,tyrol-w,3072,2560,0.0391573069991864,0.5529994361501311,0.7121695259864496,0.5940097117035508,0.8890106252167608,0.7121695259864496,4.0,8.0,4.0,72.43118286132812,48.39630126953125,24.034881591796875,,0.4
U-Net,test_tyrol-w5_3072_4096,test,tyrol-w5.tif,tyrol-w,4096,3072,0.03898168199975771,0.5395769489498468,0.7009418390134965,0.5595762547639042,0.9378775739990906,0.7009418390134964,6.0,4.0,2.0,29.527664184570312,17.617416381835938,11.910247802734375,,0.4
U-Net,test_tyrol-w5_4096_0,test,tyrol-w5.tif,tyrol-w,0,4096,0.03929209800026001,0.4941802808079754,0.6614734341705383,0.528643216080402,0.8834561910982551,0.6614734341705384,6.0,6.0,0.0,6.832122802734375,4.0882110595703125,2.7439117431640625,,0.4
U-Net,test_tyrol-w5_4096_2560,test,tyrol-w5.tif,tyrol-w,2560,4096,0.037753767000140215,1.0,1.0,1.0,1.0,1.0,0.0,0.0,0.0,0.0,0.0,0.0,,0.4
U-Net,test_tyrol-w9_0_512,test,tyrol-w9.tif,tyrol-w,512,0,0.0373929319994204,1.0,1.0,1.0,1.0,1.0,0.0,0.0,0.0,0.0,0.0,0.0,,0.4
U-Net,test_tyrol-w9_0_2560,test,tyrol-w9.tif,tyrol-w,2560,0,0.038297059999422345,0.12208258527827648,0.2176,0.13654618473895583,0.5354330708661418,0.21760000000000002,3.0,2.0,1.0,0.569915771484375,0.1453399658203125,0.4245758056640625,,0.4
U-Net,test_tyrol-w9_512_2048,test,tyrol-w9.tif,tyrol-w,2048,512,0.03771711200079153,0.0,0.0,0.0,0.0,0.0,1.0,0.0,1.0,0.09307861328125,0.0,0.09307861328125,,0.4
U-Net,test_tyrol-w9_512_3584,test,tyrol-w9.tif,tyrol-w,3584,512,0.03862481600026513,0.0,0.0,0.0,0.0,0.0,2.0,0.0,2.0,6.3385009765625,0.0,6.3385009765625,,0.4
U-Net,test_tyrol-w9_1024_1536,test,tyrol-w9.tif,tyrol-w,1536,1024,0.037887345999479294,0.0,0.0,0.0,0.0,0.0,0.0,1.0,1.0,0.0,0.251007080078125,0.251007080078125,,0.4
U-Net,test_tyrol-w9_1536_512,test,tyrol-w9.tif,tyrol-w,512,1536,0.03757569600020361,0.0,0.0,0.0,0.0,0.0,0.0,1.0,1.0,0.0,0.1415252685546875,0.1415252685546875,,0.4
U-Net,test_tyrol-w9_1536_1536,test,tyrol-w9.tif,tyrol-w,1536,1536,0.037498979999327275,1.0,1.0,1.0,1.0,1.0,0.0,0.0,0.0,0.0,0.0,0.0,,0.4
U-Net,test_tyrol-w9_1536_2560,test,tyrol-w9.tif,tyrol-w,2560,1536,0.038231929000176024,0.0,0.0,0.0,0.0,0.0,3.0,0.0,3.0,25.693130493164062,0.0,25.693130493164062,,0.4
U-Net,test_tyrol-w9_1536_3072,test,tyrol-w9.tif,tyrol-w,3072,1536,0.037967507000757905,0.0,0.0,0.0,0.0,0.0,1.0,0.0,1.0,2.9956817626953125,0.0,2.9956817626953125,,0.4
U-Net,test_tyrol-w9_2048_2048,test,tyrol-w9.tif,tyrol-w,2048,2048,0.03808878699965135,0.0,0.0,0.0,0.0,0.0,2.0,0.0,2.0,8.060073852539062,0.0,8.060073852539062,,0.4
U-Net,test_tyrol-w9_2560_512,test,tyrol-w9.tif,tyrol-w,512,2560,0.03759285700016335,0.0,0.0,0.0,0.0,0.0,1.0,0.0,1.0,0.3475189208984375,0.0,0.3475189208984375,,0.4
U-Net,test_tyrol-w9_3072_2560,test,tyrol-w9.tif,tyrol-w,2560,3072,0.03944599199985532,0.5275548808405022,0.6907180716809692,0.5581104851250415,0.9059797227394992,0.6907180716809692,14.0,11.0,3.0,14.963912963867188,9.218215942382812,5.745697021484375,,0.4
U-Net,test_tyrol-w9_3584_1024,test,tyrol-w9.tif,tyrol-w,1024,3584,0.03742117599995254,1.0,1.0,1.0,1.0,1.0,0.0,0.0,0.0,0.0,0.0,0.0,,0.4
U-Net,test_tyrol-w9_4096_2560,test,tyrol-w9.tif,tyrol-w,2560,4096,0.038441382000200974,0.32910500352360816,0.49522799575821846,0.3381607530774801,0.9247524752475248,0.4952279957582185,5.0,3.0,2.0,1.053619384765625,0.385284423828125,0.6683349609375,,0.4
U-Net,test_vienna15_512_512,test,vienna15.tif,vienna,512,512,0.03956492999986949,0.7022834895696712,0.8251075615462911,0.8338893305902314,0.8165088282504013,0.825107561546291,11.0,22.0,11.0,46.54045104980469,47.5311279296875,0.9906768798828125,,0.4
U-Net,test_vienna15_1024_1024,test,vienna15.tif,vienna,1024,1024,0.0389867250005409,0.732918474284405,0.8458776164724748,0.891911824224055,0.8043621085417191,0.845877616472475,5.0,3.0,2.0,42.41447448730469,47.03102111816406,4.616546630859375,,0.4
U-Net,test_vienna15_1536_1536,test,vienna15.tif,vienna,1536,1536,0.039610329999959504,0.7084222670897029,0.8293292363795985,0.8702785061299695,0.7920603695701248,0.8293292363795985,10.0,7.0,3.0,53.829193115234375,59.14497375488281,5.3157806396484375,,0.4
U-Net,test_vienna15_2560_1536,test,vienna15.tif,vienna,1536,2560,0.039801144000193744,0.7607039894566322,0.8640907205434251,0.8796992481203008,0.8490264217551988,0.8640907205434251,9.0,5.0,4.0,60.07080078125,62.24098205566406,2.1701812744140625,,0.4
U-Net,test_vienna15_3072_3072,test,vienna15.tif,vienna,3072,3072,0.04035072799979389,0.6184354171454838,0.764238610442979,0.791830278730585,0.73850508169304,0.764238610442979,15.0,8.0,7.0,41.48216247558594,44.47746276855469,2.99530029296875,,0.4
U-Net,test_vienna15_3584_2560,test,vienna15.tif,vienna,2560,3584,0.041226684999855934,0.7712295788286088,0.8708408983759818,0.8867812745789028,0.8554634766414079,0.8708408983759818,3.0,5.0,2.0,74.69100952148438,77.42538452148438,2.734375,,0.4
U-Net,test_vienna15_4096_1024,test,vienna15.tif,vienna,1024,4096,0.042671416999837675,0.7497473896934995,0.8569778633301252,0.8573812937324803,0.8565748124078073,0.856977863330125,11.0,14.0,3.0,53.48167419433594,53.53202819824219,0.05035400390625,,0.4
U-Net,test_vienna16_0_1536,test,vienna16.tif,vienna,1536,0,0.039080833999832976,0.7759213759213759,0.8738240177089098,0.8259707379334515,0.9275631347991846,0.8738240177089098,6.0,14.0,8.0,72.92518615722656,64.93797302246094,7.987213134765625,,0.4
U-Net,test_vienna16_0_2560,test,vienna16.tif,vienna,2560,0,0.03960143399945082,0.6571521636848391,0.7931102261890028,0.7644924739482826,0.8239538348673812,0.793110226189003,12.0,18.0,6.0,54.36134338378906,50.43830871582031,3.92303466796875,,0.4
U-Net,test_vienna16_0_3584,test,vienna16.tif,vienna,3584,0,0.03925413200067851,0.7607820846872768,0.8641411010521445,0.8701442905141069,0.8582201769268744,0.8641411010521444,7.0,9.0,2.0,66.3055419921875,67.22679138183594,0.9212493896484375,,0.4
U-Net,test_vienna16_512_2048,test,vienna16.tif,vienna,2048,512,0.03959719199974643,0.6165207362425269,0.762774918279836,0.7965000038010385,0.731789767766719,0.7627749182798361,10.0,19.0,9.0,50.17967224121094,54.61692810058594,4.437255859375,,0.4
U-Net,test_vienna16_512_4096,test,vienna16.tif,vienna,4096,512,0.03951636599958874,0.67234100135318,0.804071658602107,0.8418145622432124,0.7695679447365772,0.804071658602107,13.0,9.0,4.0,45.03059387207031,49.25804138183594,4.227447509765625,,0.4
U-Net,test_vienna16_1536_3072,test,vienna16.tif,vienna,3072,1536,0.04143772600036755,0.7094868412061833,0.8300582655618245,0.8627418396108835,0.7997606323098982,0.8300582655618245,9.0,9.0,0.0,59.68360900878906,64.38369750976562,4.7000885009765625,,0.4
U-Net,test_vienna16_2048_2560,test,vienna16.tif,vienna,2560,2048,0.04222410000056698,0.7465576107755224,0.8548903353311422,0.8469911461373808,0.8629382500356237,0.8548903353311422,9.0,8.0,1.0,62.73193359375,61.57264709472656,1.1592864990234375,,0.4
U-Net,test_vienna16_2048_3072,test,vienna16.tif,vienna,3072,2048,0.041305937000288395,0.7509011145364003,0.8577310372381849,0.8747979832861386,0.8413172857218768,0.8577310372381849,8.0,20.0,12.0,55.233001708984375,57.4310302734375,2.198028564453125,,0.4
U-Net,test_vienna16_2560_0,test,vienna16.tif,vienna,0,2560,0.04120183699978952,0.7830841030151982,0.8783479160528678,0.8244093171616356,0.9398387096774193,0.8783479160528678,8.0,4.0,4.0,29.658889770507812,26.0162353515625,3.6426544189453125,,0.4
U-Net,test_vienna16_2560_1536,test,vienna16.tif,vienna,1536,2560,0.04170378099934169,0.7013236213067052,0.8244447000248573,0.802441050084859,0.8476890916581473,0.8244447000248573,10.0,30.0,20.0,52.82020568847656,50.000762939453125,2.8194427490234375,,0.4
U-Net,test_vienna16_3072_512,test,vienna16.tif,vienna,512,3072,0.041080822000367334,0.6819035505251756,0.810871170718738,0.8245854361932228,0.7976056256174813,0.810871170718738,7.0,7.0,0.0,31.74591064453125,32.81974792480469,1.0738372802734375,,0.4
U-Net,test_vienna16_3072_2048,test,vienna16.tif,vienna,2048,3072,0.04218902499997057,0.5464205941064286,0.7066907879898844,0.8087293655064856,0.6275161493753302,0.7066907879898843,12.0,26.0,14.0,34.73243713378906,44.762420654296875,10.029983520507812,,0.4
U-Net,test_vienna16_3072_3072,test,vienna16.tif,vienna,3072,3072,0.03931555399958597,0.7617177487275257,0.8647443658641779,0.8653154183739262,0.8641740665731942,0.864744365864178,11.0,8.0,3.0,36.681365966796875,36.72981262207031,0.0484466552734375,,0.4
U-Net,test_vienna16_3584_0,test,vienna16.tif,vienna,0,3584,0.03906492499936576,0.6139071645085139,0.7607713479547854,0.7488519897424538,0.7730762803542687,0.7607713479547854,8.0,15.0,7.0,44.77577209472656,43.37272644042969,1.403045654296875,,0.4
U-Net,test_vienna16_3584_512,test,vienna16.tif,vienna,512,3584,0.039466572000492306,0.6178582673966257,0.7637977687512164,0.797582210101222,0.7327591399144733,0.7637977687512163,14.0,26.0,12.0,29.09393310546875,31.667709350585938,2.5737762451171875,,0.4
U-Net,test_vienna16_3584_4096,test,vienna16.tif,vienna,4096,3584,0.039253573999303626,0.6530525533101416,0.7901171103150252,0.8283690810027874,0.7552419633465646,0.7901171103150251,10.0,14.0,4.0,45.29914855957031,49.68528747558594,4.386138916015625,,0.4
U-Net,test_vienna16_4096_2048,test,vienna16.tif,vienna,2048,4096,0.03893640099977347,0.6962513781697905,0.8209294767630809,0.8089671737389912,0.8332508659079664,0.8209294767630809,5.0,6.0,1.0,7.1468353271484375,6.9385528564453125,0.208282470703125,,0.4
U-Net,test_vienna16_4096_4096,test,vienna16.tif,vienna,4096,4096,0.03944691699962277,0.7684423706694901,0.8690612523365137,0.8365835678863424,0.9041624718433804,0.8690612523365138,10.0,19.0,9.0,56.92291259765625,52.66838073730469,4.2545318603515625,,0.4
U-Net,test_vienna19_1024_512,test,vienna19.tif,vienna,512,1024,0.03977923599995847,0.6415682728923555,0.7816528663312268,0.8490640653836014,0.7241585083197841,0.7816528663312265,10.0,17.0,7.0,37.619781494140625,44.10858154296875,6.488800048828125,,0.4
U-Net,test_vienna19_1024_1024,test,vienna19.tif,vienna,1024,1024,0.039310289999775705,0.7486292585915284,0.8562469773547403,0.8508972991243544,0.861664349128249,0.8562469773547403,13.0,9.0,4.0,36.11488342285156,35.663604736328125,0.4512786865234375,,0.4
U-Net,test_vienna19_2048_1536,test,vienna19.tif,vienna,1536,2048,0.039979956000024686,0.7998704416415806,0.8888089088368548,0.8734149563625394,0.9047552342057907,0.8888089088368547,12.0,25.0,13.0,36.67182922363281,35.40153503417969,1.270294189453125,,0.4
U-Net,test_vienna19_2560_1536,test,vienna19.tif,vienna,1536,2560,0.03997240900025645,0.7352676016588402,0.8474400155410686,0.8197136814137636,0.8771076675613246,0.8474400155410686,14.0,20.0,6.0,43.647003173828125,40.79093933105469,2.8560638427734375,,0.4
U-Net,test_vienna19_2560_4096,test,vienna19.tif,vienna,4096,2560,0.03812596499938081,0.7473177772432043,0.8553885125832921,0.8442765517991085,0.866796875,0.8553885125832921,3.0,2.0,1.0,7.018280029296875,6.8359375,0.182342529296875,,0.4
U-Net,test_vienna19_3072_2560,test,vienna19.tif,vienna,2560,3072,0.03820792899932712,0.7229597388465724,0.839206770241253,0.7992163871322518,0.8834099456748851,0.839206770241253,4.0,7.0,3.0,11.0992431640625,10.041427612304688,1.0578155517578125,,0.4
U-Net,test_vienna19_3072_3584,test,vienna19.tif,vienna,3584,3072,0.03855610899972817,0.0,0.0,0.0,0.0,0.0,4.0,0.0,4.0,0.830841064453125,0.0,0.830841064453125,,0.4
U-Net,test_vienna19_4096_0,test,vienna19.tif,vienna,0,4096,0.03953605700007756,0.6173595083115064,0.7634165504192922,0.7040070974419637,0.8337769683384701,0.7634165504192922,11.0,10.0,1.0,12.899398803710938,10.8917236328125,2.0076751708984375,,0.4
U-Net,test_vienna19_4096_1024,test,vienna19.tif,vienna,1024,4096,0.038795033000496915,0.0,0.0,0.0,0.0,0.0,6.0,1.0,5.0,1.4453887939453125,0.0598907470703125,1.385498046875,,0.4
U-Net,test_vienna19_4096_3072,test,vienna19.tif,vienna,3072,4096,0.03883605800001533,0.7047783855051862,0.8268269840790309,0.7963269011428971,0.8597564806554163,0.8268269840790308,3.0,6.0,3.0,32.776641845703125,30.358505249023438,2.4181365966796875,,0.4
U-Net,test_vienna27_0_3584,test,vienna27.tif,vienna,3584,0,0.03941257999940717,0.7005785763317607,0.8239296743852276,0.8406979556880512,0.8078172212555045,0.8239296743852276,9.0,8.0,1.0,58.34999084472656,60.72502136230469,2.375030517578125,,0.4
U-Net,test_vienna27_512_2560,test,vienna27.tif,vienna,2560,512,0.0393302570000742,0.7094917178539198,0.8300616030414107,0.7825441293336651,0.8837228275649509,0.8300616030414106,12.0,17.0,5.0,47.52235412597656,42.081451416015625,5.4409027099609375,,0.4
U-Net,test_vienna27_512_4096,test,vienna27.tif,vienna,4096,512,0.040354069999921194,0.5198009654870196,0.6840382093328249,0.8100163009956824,0.5919716019769146,0.6840382093328249,19.0,20.0,1.0,34.6343994140625,47.391510009765625,12.757110595703125,,0.4
U-Net,test_vienna27_1024_1536,test,vienna27.tif,vienna,1536,1024,0.03830040600041684,0.7731151395631068,0.8720416653298684,0.8292519220599601,0.919487607406238,0.8720416653298684,5.0,25.0,20.0,18.755340576171875,16.914749145507812,1.8405914306640625,,0.4
U-Net,test_vienna27_3072_0,test,vienna27.tif,vienna,0,3072,0.03855883200048993,0.6486368958019736,0.7868765978168243,0.6853638709221362,0.9236888486638404,0.7868765978168243,3.0,2.0,1.0,21.585845947265625,16.016387939453125,5.5694580078125,,0.4
U-Net,test_vienna27_3072_512,test,vienna27.tif,vienna,512,3072,0.040481521999936376,0.6415435314127778,0.781634503302681,0.7749875151601626,0.788396498918613,0.7816345033026809,13.0,2.0,11.0,26.735305786132812,26.280593872070312,0.4547119140625,,0.4
U-Net,test_vienna27_3072_2560,test,vienna27.tif,vienna,2560,3072,0.03923065500021039,0.6017024839519955,0.7513286518322326,0.7566419822412522,0.7460894241417497,0.7513286518322326,10.0,7.0,3.0,10.869216918945312,11.02294921875,0.1537322998046875,,0.4
U-Net,test_vienna27_3072_3072,test,vienna27.tif,vienna,3072,3072,0.04283395500078768,0.7123251536366618,0.8319975351922092,0.809933366839059,0.8552975115349387,0.8319975351922092,9.0,9.0,0.0,47.058868408203125,44.56291198730469,2.4959564208984375,,0.4
U-Net,test_vienna27_3584_2048,test,vienna27.tif,vienna,2048,3584,0.04156434200012882,0.5959355220813324,0.7468165396859463,0.7741113222412754,0.7213810021507977,0.7468165396859462,16.0,11.0,5.0,41.15486145019531,44.16313171386719,3.008270263671875,,0.4
U-Net,test_vienna34_0_2048,test,vienna34.tif,vienna,2048,0,0.039602909000677755,0.6788250504741706,0.8086906378749137,0.7609266795173841,0.8628525630646676,0.8086906378749137,10.0,18.0,8.0,53.432464599609375,47.12066650390625,6.311798095703125,,0.4
U-Net,test_vienna34_1536_3584,test,vienna34.tif,vienna,3584,1536,0.03995514199959871,0.5355442691334045,0.6975302241668914,0.8572338744616326,0.5879874840491548,0.6975302241668913,13.0,10.0,3.0,29.936981201171875,43.645477294921875,13.70849609375,,0.4
U-Net,test_vienna34_1536_4096,test,vienna34.tif,vienna,4096,1536,0.04042206600024656,0.6471362950114035,0.7857713984827506,0.7293461733400912,0.8516592686535616,0.7857713984827505,16.0,26.0,10.0,31.610870361328125,27.070999145507812,4.5398712158203125,,0.4
U-Net,test_vienna34_2048_512,test,vienna34.tif,vienna,512,2048,0.039417452999259694,0.2966085081356597,0.45751436347142427,0.5150346079655055,0.4115513645842778,0.4575143634714242,10.0,4.0,6.0,13.44757080078125,16.82891845703125,3.38134765625,,0.4
U-Net,test_vienna34_2048_1536,test,vienna34.tif,vienna,1536,2048,0.040511473000151454,0.4630297733063061,0.6329738215236775,0.5653674542172368,0.7189449064449065,0.6329738215236776,20.0,69.0,49.0,33.59947204589844,26.422119140625,7.1773529052734375,,0.4
U-Net,test_vienna34_2560_2560,test,vienna34.tif,vienna,2560,2560,0.039641768999899796,0.6659565128951792,0.7994884713261188,0.6934473379113529,0.9438156217758087,0.7994884713261189,16.0,31.0,15.0,34.2193603515625,25.14190673828125,9.07745361328125,,0.4
U-Net,test_vienna34_2560_3584,test,vienna34.tif,vienna,3584,2560,0.04008785599944531,0.6044437147704264,0.7534620369738727,0.7881741761456891,0.7216784496164552,0.7534620369738727,21.0,24.0,3.0,26.728439331054688,29.191207885742188,2.4627685546875,,0.4
U-Net,test_vienna34_3584_512,test,vienna34.tif,vienna,512,3584,0.039132081999923685,0.7543233252186458,0.859959295273729,0.7691501489353878,0.975081585081585,0.859959295273729,10.0,23.0,13.0,20.746612548828125,16.36505126953125,4.381561279296875,,0.4
U-Net,test_vienna34_4096_1536,test,vienna34.tif,vienna,1536,4096,0.038916997000342235,0.18070668302140624,0.30609919571045574,0.18486884715025906,0.8892133956386293,0.30609919571045574,10.0,22.0,12.0,9.423828125,1.959228515625,7.464599609375,,0.4
U-Net,test_vienna7_0_1024,test,vienna7.tif,vienna,1024,0,0.039162482999927306,0.7438648379582644,0.8531221247963109,0.864448662795269,0.8420885625813793,0.8531221247963108,11.0,21.0,10.0,33.96186828613281,34.86366271972656,0.90179443359375,,0.4
U-Net,test_vienna7_512_0,test,vienna7.tif,vienna,0,512,0.03996984399964276,0.7839350685698293,0.8788829620332601,0.8398691106301984,0.9216979512418451,0.8788829620332601,18.0,15.0,3.0,29.261016845703125,26.6632080078125,2.597808837890625,,0.4
U-Net,test_vienna7_512_2048,test,vienna7.tif,vienna,2048,512,0.038890797999556526,0.5201342933105629,0.684326767180299,0.6200291484488861,0.7635027347310848,0.684326767180299,9.0,22.0,13.0,16.489791870117188,13.39111328125,3.0986785888671875,,0.4
U-Net,test_vienna7_1024_0,test,vienna7.tif,vienna,0,1024,0.039736280999932205,0.6194749574996731,0.7650318452050509,0.805068723047182,0.7287884615384616,0.7650318452050509,17.0,16.0,1.0,17.956924438476562,19.83642578125,1.8795013427734375,,0.4
U-Net,test_vienna7_1536_512,test,vienna7.tif,vienna,512,1536,0.03927085499981331,0.8371578029642546,0.9113618891240591,0.8835540178694664,0.9409770199421824,0.9113618891240591,11.0,7.0,4.0,41.45698547363281,38.92707824707031,2.5299072265625,,0.4
U-Net,test_vienna7_1536_3584,test,vienna7.tif,vienna,3584,1536,0.03999446400030138,0.7282963868450129,0.842791077257889,0.8776404377673488,0.8106036159394379,0.842791077257889,15.0,21.0,6.0,40.39802551269531,43.73893737792969,3.340911865234375,,0.4
U-Net,test_vienna7_2048_512,test,vienna7.tif,vienna,512,2048,0.04031293400021241,0.666093265461354,0.7995870090464685,0.8242969270426044,0.7763154305665421,0.7995870090464685,19.0,29.0,10.0,26.342010498046875,27.970123291015625,1.62811279296875,,0.4
U-Net,test_vienna7_2048_3072,test,vienna7.tif,vienna,3072,2048,0.03957988099955401,0.6817059189622982,0.8107314260782847,0.847303195127512,0.7771860902817196,0.8107314260782847,14.0,12.0,2.0,46.84906005859375,51.07574462890625,4.2266845703125,,0.4
U-Net,test_vienna7_2560_2560,test,vienna7.tif,vienna,2560,2560,0.039957258999493206,0.7340055339912778,0.8466011435404911,0.8588293274698613,0.8347162859248342,0.8466011435404911,11.0,12.0,1.0,50.312042236328125,51.76544189453125,1.453399658203125,,0.4
U-Net,test_vienna7_2560_3584,test,vienna7.tif,vienna,3584,2560,0.039653187999647344,0.6946657761966792,0.8198262878190771,0.9013960033291291,0.7517944167340542,0.8198262878190772,11.0,6.0,5.0,44.45915222167969,53.30619812011719,8.8470458984375,,0.4
U-Net,test_vienna7_2560_4096,test,vienna7.tif,vienna,4096,2560,0.039213263999954506,0.6687402710700825,0.8014911399498398,0.9242814699230048,0.7075001055673188,0.8014911399498397,10.0,6.0,4.0,48.40507507324219,63.23661804199219,14.83154296875,,0.4
U-Net,test_vienna7_3072_1024,test,vienna7.tif,vienna,1024,3072,0.03950965800049744,0.7990360636869365,0.8882935476561771,0.8465564108426695,0.934359578286227,0.8882935476561772,10.0,16.0,6.0,30.031585693359375,27.20947265625,2.822113037109375,,0.4
U-Net,test_vienna7_3072_4096,test,vienna7.tif,vienna,4096,3072,0.039336399000603706,0.6659915624154596,0.7995137279685416,0.8596762776650465,0.7472211056513072,0.7995137279685415,10.0,16.0,6.0,40.41862487792969,46.50154113769531,6.082916259765625,,0.4
U-Net,test_vienna7_3584_2048,test,vienna7.tif,vienna,2048,3584,0.03959841000050801,0.6341682663046023,0.7761358231960623,0.7904159469679287,0.7623625291263775,0.7761358231960623,14.0,17.0,3.0,32.68585205078125,33.88862609863281,1.2027740478515625,,0.4
U-Net,test_vienna7_4096_2048,test,vienna7.tif,vienna,2048,4096,0.03901915400001599,0.6171972757123542,0.7632924999091244,0.7975042048722262,0.7318953154875717,0.7632924999091245,8.0,16.0,8.0,35.15434265136719,38.3056640625,3.1513214111328125,,0.4
U-Net,test_vienna7_4096_3584,test,vienna7.tif,vienna,3584,4096,0.038955885999712336,0.7310726791967412,0.8446470075837328,0.8287748918450346,0.8611389368239404,0.8446470075837327,9.0,11.0,2.0,47.086334228515625,45.31669616699219,1.7696380615234375,,0.4
